index_0b	pos_uniprot	wt_aa	C_i_nogap	gap_frac	sigma_pct	sigma_raw	in_structure_loose	in_structure_mid	in_structure_full	in_always_fix_C08	in_outside_full_C05	in_sigma90_gap0p5	in_sigma80_gap0p5
1	2	S	0.43372	0.74836	0.10099	0.00000	False	True	True	False	False	False	False
2	3	A	0.19614	0.65458	0.10099	0.00000	False	True	True	False	False	False	False
3	4	V	0.81386	0.36324	0.10099	0.00000	False	True	True	False	False	False	False
4	5	K	0.39240	0.35138	0.51656	1.86028	False	True	True	False	False	False	False
5	6	A	0.17984	0.33968	0.10099	0.00000	False	True	True	False	False	False	False
6	7	A	0.47695	0.30783	0.28477	0.88913	False	True	True	False	False	False	False
7	8	R	0.35212	0.27268	0.50993	1.85052	False	True	True	False	False	False	False
8	9	Y	0.87794	0.16525	0.35099	1.18422	True	True	True	False	False	False	False
9	10	G	0.99088	0.16078	0.26821	0.74097	False	True	True	False	False	False	False
10	11	K	0.93657	0.15882	0.33113	1.14374	True	True	True	False	False	False	False
11	12	D	0.37607	0.15824	0.31788	1.05952	False	True	True	False	False	False	False
12	13	N	0.28800	0.15683	0.55629	1.98032	False	True	True	False	False	False	False
13	14	V	0.61052	0.15645	0.31126	0.99517	False	True	True	False	False	False	False
14	15	R	0.57641	0.15435	0.52318	1.87181	False	True	True	False	False	False	False
15	16	V	0.57088	0.15095	0.77483	3.30839	False	False	True	False	False	False	False
16	17	Y	0.37664	0.15993	0.94702	4.85898	False	False	True	False	False	True	True
17	18	K	0.58834	0.16166	0.34106	1.16406	False	False	True	False	False	False	False
18	19	V	0.60409	0.15429	0.55960	2.00937	False	False	True	False	False	False	False
19	20	H	0.12259	0.18029	0.54636	1.95521	False	False	False	False	False	False	False
20	21	K	0.70442	0.18608	0.10099	0.00000	False	False	True	False	False	False	False
21	22	D	0.30586	0.30003	0.28146	0.83411	False	False	False	False	False	False	False
22	23	E	0.30676	0.44401	0.10099	0.00000	False	False	False	False	False	False	False
23	24	K	0.17622	0.37484	0.10099	0.00000	False	False	False	False	False	False	False
24	25	T	0.33417	0.35082	0.10099	0.00000	False	False	False	False	False	False	False
25	26	G	0.35808	0.35230	0.10099	0.00000	False	False	False	False	False	False	False
26	27	V	0.26351	0.23598	0.22185	0.60079	False	False	False	False	False	False	False
27	28	Q	0.62742	0.15713	0.10099	0.00000	False	False	True	False	False	False	False
28	29	T	0.21070	0.14565	0.48344	1.78346	False	False	False	False	False	False	False
29	30	V	0.50575	0.13119	0.73510	3.02314	False	False	True	False	False	False	False
30	31	Y	0.19782	0.12605	0.89735	4.13558	False	False	False	False	False	False	True
31	32	E	0.61520	0.12378	0.49007	1.79423	False	False	True	False	False	False	False
32	33	M	0.37183	0.12271	0.85099	3.73190	False	False	False	False	False	False	True
33	34	T	0.39276	0.12058	0.94040	4.79875	False	False	False	False	False	True	True
34	35	V	0.74233	0.11841	0.66556	2.56943	False	False	False	False	True	False	False
35	36	C	0.22981	0.11810	0.59934	2.24414	False	True	True	False	False	False	False
36	37	V	0.42325	0.11516	0.96026	5.21644	False	False	False	False	False	True	True
37	38	L	0.23863	0.11532	0.35430	1.20919	False	True	True	False	False	False	False
38	39	L	0.69926	0.11346	0.48675	1.78405	False	False	False	False	True	False	False
39	40	E	0.24535	0.11244	0.71192	2.83347	False	False	False	False	False	False	False
40	41	G	0.82314	0.11208	0.10099	0.00000	False	False	False	True	True	False	False
41	42	E	0.52309	0.11279	0.57616	2.05578	False	False	False	False	True	False	False
42	43	I	0.48745	0.10923	0.54305	1.95183	False	False	False	False	False	False	False
43	44	E	0.25657	0.10773	0.10099	0.00000	False	False	False	False	False	False	False
44	45	T	0.26198	0.10644	0.80132	3.44288	False	False	False	False	False	False	True
45	46	S	0.44330	0.10618	0.91391	4.28220	False	True	True	False	False	True	True
46	47	Y	0.63347	0.10564	0.62583	2.39595	False	True	True	False	False	False	False
47	48	T	0.44593	0.10653	0.10099	0.00000	False	True	True	False	False	False	False
48	49	K	0.21742	0.10278	0.10099	0.00000	False	False	False	False	False	False	False
49	50	A	0.76876	0.09961	0.21854	0.59667	False	True	True	False	False	False	False
50	51	D	0.81876	0.09792	0.23510	0.63512	False	False	False	True	True	False	False
51	52	N	0.86086	0.09699	0.38742	1.31482	False	True	True	False	False	False	False
52	53	S	0.45650	0.09625	0.66225	2.56266	False	True	True	False	False	False	False
53	54	V	0.12168	0.09521	0.95364	4.99258	False	False	False	False	False	True	True
54	55	I	0.61693	0.08979	0.72517	2.93598	True	True	True	False	False	False	False
55	56	V	0.61087	0.08616	0.72848	2.95951	False	True	True	False	False	False	False
56	57	A	0.67153	0.08246	0.81457	3.54958	True	True	True	False	False	False	True
57	58	T	0.92140	0.08019	0.34768	1.16846	True	True	True	False	False	False	False
58	59	D	0.92067	0.07869	0.10099	0.00000	True	True	True	False	False	False	False
59	60	S	0.73726	0.07777	0.64238	2.43058	False	True	True	False	False	False	False
60	61	I	0.52053	0.07537	0.61589	2.34212	False	False	False	False	True	False	False
61	62	K	0.88341	0.07434	0.10099	0.00000	True	True	True	False	False	False	False
62	63	N	0.88565	0.07260	0.40066	1.35924	False	True	True	False	False	False	False
63	64	T	0.62381	0.07039	0.53311	1.90130	False	True	True	False	False	False	False
64	65	I	0.61998	0.06921	0.92715	4.53649	False	False	False	False	True	True	True
65	66	Y	0.55103	0.06844	0.36424	1.22741	False	False	True	False	False	False	False
66	67	I	0.41227	0.06604	0.50331	1.83734	False	True	True	False	False	False	False
67	68	T	0.34121	0.06379	0.77815	3.32540	False	False	False	False	False	False	False
68	69	A	0.82432	0.06177	0.50662	1.84536	False	False	True	False	False	False	False
69	70	K	0.43136	0.06082	0.79470	3.42244	False	False	True	False	False	False	False
70	71	Q	0.25514	0.09001	0.63576	2.42339	False	False	True	False	False	False	False
71	72	N	0.20839	0.07568	0.73179	2.98784	False	False	False	False	False	False	False
72	73	P	0.28794	0.05499	0.36755	1.24811	False	False	False	False	False	False	False
73	74	V	0.29290	0.05224	0.60927	2.30273	False	False	False	False	False	False	False
74	75	T	0.16916	0.05142	0.25497	0.71266	False	False	False	False	False	False	False
75	76	P	0.31135	0.04754	0.67881	2.62223	False	False	False	False	False	False	False
76	77	P	0.40355	0.04525	0.97351	5.38568	False	False	False	False	False	True	True
77	78	E	0.92093	0.04046	0.10099	0.00000	False	False	False	True	True	False	False
78	79	L	0.21393	0.03953	0.30464	0.95045	False	False	False	False	False	False	False
79	80	F	0.74008	0.03674	0.92053	4.43268	False	False	False	False	True	True	True
80	81	G	0.56040	0.03569	1.00000	7.91703	False	False	False	False	True	True	True
81	82	S	0.28323	0.03415	0.59272	2.17411	False	False	False	False	False	False	False
82	83	I	0.17831	0.03396	0.94371	4.82675	False	False	False	False	False	True	True
83	84	L	0.74781	0.03096	0.45033	1.53570	False	False	False	False	True	False	False
84	85	G	0.53697	0.02921	0.82450	3.58800	False	False	False	False	True	False	True
85	86	T	0.27143	0.02798	0.29470	0.92660	False	False	False	False	False	False	False
86	87	H	0.55411	0.02602	0.57947	2.08712	False	True	True	False	False	False	False
87	88	F	0.76753	0.02404	0.42384	1.41166	False	False	False	False	True	False	False
88	89	I	0.52650	0.04300	0.92384	4.49016	False	False	False	False	True	True	True
89	90	E	0.23868	0.03021	0.10099	0.00000	False	False	False	False	False	False	False
90	91	K	0.20205	0.03645	0.61258	2.31391	False	True	True	False	False	False	False
91	92	Y	0.35949	0.05165	0.87748	4.00074	False	True	True	False	False	False	True
92	93	N	0.38245	0.01950	0.10099	0.00000	False	False	False	False	False	False	False
93	94	H	0.27570	0.02161	0.68212	2.62514	False	True	True	False	False	False	False
94	95	I	0.54717	0.01367	0.97020	5.35235	False	False	False	False	True	True	True
95	96	H	0.23697	0.01398	0.44040	1.47947	False	False	False	False	False	False	False
96	97	A	0.24864	0.01244	0.79139	3.42118	False	False	False	False	False	False	False
97	98	A	0.52732	0.01181	0.86755	3.82757	False	False	False	False	True	False	True
98	99	H	0.27283	0.01089	0.66887	2.58539	False	False	False	False	False	False	False
99	100	V	0.55481	0.00992	0.75497	3.14690	False	False	False	False	True	False	False
100	101	N	0.19602	0.01008	0.64570	2.44050	False	False	False	False	False	False	False
101	102	I	0.46305	0.00946	0.99669	6.56778	False	False	False	False	False	True	True
102	103	V	0.26255	0.00900	0.89073	4.06123	False	False	False	False	False	False	True
103	104	C	0.51196	0.00838	0.78477	3.34914	False	False	False	False	True	False	False
104	105	H	0.18506	0.00932	0.88079	4.02147	False	False	False	False	False	False	True
105	106	R	0.27935	0.00700	0.56623	2.02616	False	False	False	False	False	False	False
106	107	W	0.80212	0.00734	0.10099	0.00000	False	False	True	False	False	False	False
107	108	T	0.20339	0.01338	0.80464	3.49167	False	False	False	False	False	False	True
108	109	R	0.68841	0.02643	0.24172	0.65307	False	False	False	False	True	False	False
109	110	M	0.43130	0.04114	0.59603	2.23166	False	False	True	False	False	False	False
110	111	D	0.12406	0.08814	0.31457	1.02005	False	False	False	False	False	False	False
111	112	I	0.31505	0.14804	0.43709	1.46968	False	False	True	False	False	False	False
112	113	D	0.32557	0.15854	0.45364	1.59458	False	False	True	False	False	False	False
113	114	G	0.62198	0.16655	0.10099	0.00000	False	False	False	False	True	False	False
114	115	K	0.21403	0.14914	0.10099	0.00000	False	False	True	False	False	False	False
115	116	P	0.35949	0.12928	0.10099	0.00000	False	False	False	False	False	False	False
116	117	H	0.59328	0.11932	0.49338	1.79554	False	False	True	False	False	False	False
117	118	P	0.30314	0.05658	0.49669	1.80518	False	False	False	False	False	False	False
118	119	H	0.53902	0.02446	0.51325	1.85261	False	False	True	False	False	False	False
119	120	S	0.48734	0.00968	0.80795	3.49687	False	False	True	False	False	False	True
120	121	F	0.83713	0.00833	0.10099	0.00000	False	False	True	False	False	False	False
121	122	I	0.22787	0.02585	0.46358	1.69230	False	False	True	False	False	False	False
122	123	R	0.36442	0.00913	0.52980	1.88512	False	False	True	False	False	False	False
123	124	D	0.21694	0.01615	0.64901	2.46175	False	False	True	False	False	False	False
124	125	S	0.45414	0.00975	0.10099	0.00000	False	False	True	False	False	False	False
125	126	E	0.18892	0.00924	0.56954	2.03921	False	False	True	False	False	False	False
126	127	E	0.44957	0.01250	0.89404	4.11835	False	False	False	False	False	False	True
127	128	K	0.23459	0.01334	0.93046	4.58274	False	False	False	False	False	True	True
128	129	R	0.47726	0.00506	0.65232	2.47440	False	False	False	False	False	False	False
129	130	N	0.38686	0.00695	0.77152	3.29418	False	False	False	False	False	False	False
130	131	V	0.53532	0.00869	0.98344	5.59560	False	False	False	False	True	True	True
131	132	Q	0.15279	0.02833	0.95695	5.13299	False	False	False	False	False	True	True
132	133	V	0.59310	0.00730	0.91722	4.33731	False	False	False	False	True	True	True
133	134	D	0.23087	0.03532	0.67219	2.59919	False	False	False	False	False	False	False
134	135	V	0.18135	0.04429	0.85762	3.73846	False	False	False	False	False	False	True
135	136	V	0.19293	0.02255	0.27483	0.80129	False	False	False	False	False	False	False
136	137	E	0.40638	0.10776	0.32450	1.12119	False	False	False	False	False	False	False
137	138	G	0.27935	0.06533	0.10099	0.00000	False	False	False	False	False	False	False
138	139	K	0.31898	0.02689	0.10099	0.00000	False	False	False	False	False	False	False
139	140	G	0.14737	0.07935	0.10099	0.00000	False	False	False	False	False	False	False
140	141	I	0.18268	0.04059	0.44371	1.48104	False	False	False	False	False	False	False
141	142	D	0.12974	0.03597	0.53642	1.90509	False	False	False	False	False	False	False
142	143	I	0.51970	0.00867	0.86424	3.81148	False	False	False	False	True	False	True
143	144	K	0.20011	0.00880	0.87086	3.84289	False	False	False	False	False	False	True
144	145	S	0.61585	0.00538	0.91060	4.23055	False	False	False	False	True	True	True
145	146	S	0.87489	0.00489	0.32781	1.12630	False	False	False	True	True	False	False
146	147	L	0.50632	0.00520	0.68543	2.65459	False	False	False	False	True	False	False
147	148	S	0.23137	0.00453	0.99338	6.11680	False	False	False	False	False	True	True
148	149	G	0.54008	0.00473	0.76490	3.21623	False	False	False	False	True	False	False
149	150	L	0.72543	0.00483	0.10099	0.00000	False	False	True	False	False	False	False
150	151	T	0.24580	0.00503	0.82119	3.56440	False	False	True	False	False	False	True
151	152	V	0.61619	0.00392	0.74834	3.11050	False	False	True	False	False	False	False
152	153	L	0.68176	0.00427	0.42715	1.44402	True	True	True	False	False	False	False
153	154	K	0.80136	0.00467	0.51987	1.86844	False	False	True	False	False	False	False
154	155	S	0.61439	0.00456	0.32119	1.07675	True	True	True	False	False	False	False
155	156	T	0.66610	0.00636	0.50000	1.83214	False	False	True	False	False	False	False
156	157	N	0.46433	0.00700	0.84437	3.65443	False	False	True	False	False	False	True
157	158	S	0.89887	0.00812	0.10099	0.00000	False	False	False	True	True	False	False
158	159	Q	0.46923	0.00911	0.88742	4.05309	False	False	False	False	False	False	True
159	160	F	0.86712	0.00697	0.48013	1.77795	True	True	True	False	False	False	False
160	161	W	0.20760	0.00610	0.98675	5.88075	False	True	True	False	False	True	True
161	162	G	0.60171	0.00657	0.72185	2.89536	False	True	True	False	False	False	False
162	163	F	0.77707	0.00842	0.69536	2.72253	False	True	True	False	False	False	False
163	164	L	0.26860	0.00718	0.95033	4.88166	False	True	True	False	False	True	True
164	165	R	0.45419	0.00687	0.93709	4.71984	False	False	False	False	False	True	True
165	166	D	0.84474	0.00631	0.27152	0.74902	False	True	True	False	False	False	False
166	167	E	0.36858	0.00724	0.87417	3.99848	False	True	True	False	False	False	True
167	168	Y	0.63490	0.00771	0.28808	0.90589	False	True	True	False	False	False	False
168	169	T	0.86567	0.00684	0.25166	0.71151	False	True	True	False	False	False	False
169	170	T	0.72605	0.00755	0.53974	1.92374	False	True	True	False	False	False	False
170	171	L	0.92344	0.00802	0.10099	0.00000	True	True	True	False	False	False	False
171	172	K	0.46885	0.00571	0.37086	1.27055	False	False	False	False	False	False	False
172	173	E	0.66825	0.00436	0.96689	5.28879	False	False	False	False	True	True	True
173	174	T	0.46185	0.00449	0.60265	2.27371	False	False	False	False	False	False	False
174	175	W	0.13965	0.00444	0.90728	4.20685	False	False	False	False	False	True	True
175	176	D	0.81499	0.00362	0.20530	0.56450	False	False	True	False	False	False	False
176	177	R	0.96620	0.00376	0.10099	0.00000	True	True	True	False	False	False	False
177	178	I	0.52193	0.00295	0.10099	0.00000	False	False	True	False	False	False	False
178	179	L	0.64665	0.00335	0.38079	1.30533	False	False	False	False	True	False	False
179	180	S	0.49252	0.00273	0.41060	1.38358	False	False	True	False	False	False	False
180	181	T	0.72033	0.00258	0.25993	0.71524	False	False	False	False	True	False	False
181	182	D	0.19012	0.00258	0.85430	3.73222	False	False	False	False	False	False	True
182	183	V	0.55037	0.00179	0.68874	2.66354	False	False	False	False	True	False	False
183	184	D	0.30285	0.00207	0.69205	2.70034	False	False	False	False	False	False	False
184	185	A	0.57515	0.00264	0.29139	0.90843	False	False	False	False	True	False	False
185	186	T	0.16189	0.00233	0.82781	3.58945	False	False	False	False	False	False	True
186	187	W	0.91955	0.00331	0.10099	0.00000	False	False	False	True	True	False	False
187	188	Q	0.33226	0.02288	0.78146	3.32585	False	False	False	False	False	False	False
188	189	W	0.61144	0.04186	0.96358	5.26641	False	False	False	False	True	True	True
189	190	K	0.22617	0.19139	0.90066	4.17294	False	False	False	False	False	True	True
190	191	N	0.18046	0.32209	0.81788	3.55616	False	False	False	False	False	False	True
191	192	F	0.18764	0.39096	0.83444	3.62909	False	False	False	False	False	False	True
192	193	S	0.17015	0.48302	0.83113	3.60691	False	False	False	False	False	False	True
193	194	G	0.24267	0.52869	0.70530	2.78202	False	False	False	False	False	False	False
194	195	L	0.19181	0.60614	0.46689	1.70928	False	False	False	False	False	False	False
195	196	Q	0.10176	0.64089	0.34437	1.16653	False	False	False	False	False	False	False
196	197	E	0.20407	0.61505	0.10099	0.00000	False	False	False	False	False	False	False
197	198	V	0.18421	0.60842	0.22848	0.60661	False	False	False	False	False	False	False
198	199	R	0.11836	0.52677	0.71854	2.87467	False	False	False	False	False	False	False
199	200	S	0.19347	0.41787	0.81126	3.54896	False	False	False	False	False	False	True
200	201	H	0.13848	0.36753	0.83775	3.63629	False	False	False	False	False	False	True
201	202	V	0.18783	0.26695	0.84106	3.64251	False	False	False	False	False	False	True
202	203	P	0.17701	0.21611	0.84768	3.71908	False	False	False	False	False	False	True
203	204	K	0.40523	0.12819	0.38411	1.31021	False	False	False	False	False	False	False
204	205	F	0.47698	0.11573	0.37417	1.28696	False	False	False	False	False	False	False
205	206	D	0.25776	0.10292	0.90397	4.18933	False	False	False	False	False	True	True
206	207	A	0.22315	0.07392	0.10099	0.00000	False	False	False	False	False	False	False
207	208	T	0.24302	0.06661	0.70861	2.80063	False	False	False	False	False	False	False
208	209	W	0.27753	0.06399	0.63245	2.40146	False	False	False	False	False	False	False
209	210	A	0.22537	0.04539	0.10099	0.00000	False	False	False	False	False	False	False
210	211	T	0.20359	0.04015	0.74503	3.09820	False	False	False	False	False	False	False
211	212	A	0.57111	0.03580	0.88411	4.04688	False	False	False	False	True	False	True
212	213	R	0.52076	0.03620	0.76159	3.20225	False	False	True	False	False	False	False
213	214	E	0.24759	0.03975	0.10099	0.00000	False	False	False	False	False	False	False
214	215	V	0.26371	0.04135	0.93377	4.66874	False	False	False	False	False	True	True
215	216	T	0.43902	0.04284	0.86093	3.74452	False	False	False	False	False	False	True
216	217	L	0.42995	0.04407	0.71523	2.87246	False	False	True	False	False	False	False
217	218	K	0.30343	0.04465	0.74172	3.06023	False	False	True	False	False	False	False
218	219	T	0.33849	0.04545	0.56291	2.01513	False	False	False	False	False	False	False
219	220	F	0.93432	0.04671	0.10099	0.00000	False	False	True	False	False	False	False
220	221	A	0.53996	0.05039	0.30795	0.99317	False	False	True	False	False	False	False
221	222	E	0.24316	0.05252	0.33775	1.15965	False	False	True	False	False	False	False
222	223	D	0.25215	0.05474	0.63907	2.42583	False	False	False	False	False	False	False
223	224	N	0.23805	0.05697	0.98013	5.45965	False	False	False	False	False	True	True
224	225	S	0.90546	0.05886	0.10099	0.00000	False	False	False	True	True	False	False
225	226	A	0.25799	0.06140	0.75166	3.12347	False	True	True	False	False	False	False
226	227	S	0.79262	0.06341	0.35762	1.21439	True	True	True	False	False	False	False
227	228	V	0.60023	0.06606	0.24834	0.68510	True	True	True	False	False	False	False
228	229	Q	0.96698	0.06884	0.10099	0.00000	True	True	True	False	False	False	False
229	230	A	0.35540	0.07287	0.65563	2.47950	False	True	True	False	False	False	False
230	231	T	0.71054	0.07777	0.10099	0.00000	False	False	False	False	True	False	False
231	232	M	0.59220	0.07999	0.47020	1.71787	False	True	True	False	False	False	False
232	233	Y	0.55861	0.08092	0.10099	0.00000	False	True	True	False	False	False	False
233	234	K	0.26092	0.08500	0.46026	1.68548	False	False	False	False	False	False	False
234	235	M	0.66824	0.08723	0.47351	1.73857	False	False	False	False	True	False	False
235	236	A	0.65679	0.09041	0.67550	2.61298	False	False	False	False	True	False	False
236	237	E	0.22192	0.09349	0.10099	0.00000	False	True	True	False	False	False	False
237	238	Q	0.38051	0.09492	0.58278	2.10132	False	False	False	False	False	False	False
238	239	I	0.52492	0.09590	0.99007	6.06755	False	False	False	False	True	True	True
239	240	L	0.81550	0.09672	0.23841	0.63685	False	True	True	False	False	False	False
240	241	A	0.32406	0.10120	0.10099	0.00000	False	False	False	False	False	False	False
241	242	R	0.28267	0.10110	0.65894	2.54784	False	False	False	False	False	False	False
242	243	Q	0.18907	0.10374	0.97682	5.44383	False	False	False	False	False	True	True
243	244	Q	0.52975	0.10702	0.10099	0.00000	False	False	False	False	True	False	False
244	245	L	0.32780	0.10955	0.23179	0.61516	False	False	False	False	False	False	False
245	246	I	0.58212	0.11206	0.76821	3.25634	False	False	False	False	True	False	False
246	247	E	0.25459	0.11478	0.37748	1.29827	False	False	False	False	False	False	False
247	248	T	0.43721	0.11678	0.75828	3.17656	False	True	True	False	False	False	False
248	249	V	0.68873	0.11824	0.79801	3.42896	False	False	False	False	True	False	False
249	250	E	0.29692	0.12178	0.58609	2.12744	False	False	False	False	False	False	False
250	251	Y	0.51711	0.12348	0.47682	1.76108	False	False	False	False	True	False	False
251	252	S	0.30860	0.12654	0.45695	1.62947	False	False	False	False	False	False	False
252	253	L	0.47972	0.12821	0.60596	2.29404	False	False	False	False	False	False	False
253	254	P	0.72139	0.12963	0.25993	0.71524	True	True	True	False	False	False	False
254	255	N	0.92935	0.13364	0.10099	0.00000	True	True	True	False	False	False	False
255	256	K	0.47115	0.14288	0.58940	2.15265	True	True	True	False	False	False	False
256	257	H	0.83887	0.21266	0.40397	1.36057	True	True	True	False	False	False	False
257	258	Y	0.48692	0.22013	0.78808	3.40010	False	False	True	False	False	False	False
258	259	F	0.38040	0.22287	0.73841	3.05014	True	True	True	False	False	False	False
259	260	E	0.39455	0.21050	0.20199	0.55441	True	True	True	False	False	False	False
260	261	I	0.45049	0.22270	0.30132	0.94925	False	False	True	False	False	False	False
261	262	D	0.75484	0.25489	0.10099	0.00000	False	False	False	False	True	False	False
262	263	L	0.69779	0.26588	0.20861	0.57531	False	False	True	False	False	False	False
263	264	S	0.40387	0.27314	0.39735	1.35742	False	False	False	False	False	False	False
264	265	W	0.25935	0.54682	0.24503	0.68415	False	False	True	False	False	False	False
265	266	H	0.42253	0.32072	0.21523	0.58796	False	False	True	False	False	False	False
266	267	K	0.37884	0.31634	0.10099	0.00000	False	False	False	False	False	False	False
267	268	G	0.59189	0.25729	0.27815	0.81950	False	False	False	False	True	False	False
268	269	L	0.39860	0.23917	0.29801	0.93145	False	False	True	False	False	False	False
269	270	Q	0.31519	0.23821	0.52649	1.88442	False	False	True	False	False	False	False
270	271	N	0.53918	0.21362	0.33444	1.15931	False	False	True	False	False	False	False
271	272	T	0.27915	0.39553	0.42053	1.41036	False	False	False	False	False	False	False
272	273	G	0.34933	0.51343	0.10099	0.00000	False	False	False	False	False	False	False
273	274	K	0.17560	0.62295	0.40728	1.37391	False	False	False	False	False	False	False
274	275	N	0.26739	0.44550	0.21192	0.58108	False	False	True	False	False	False	False
275	276	A	0.35043	0.31720	0.10099	0.00000	False	False	True	False	False	False	False
276	277	E	0.45749	0.20274	0.41391	1.39953	False	False	True	False	False	False	False
277	278	V	0.74150	0.18798	0.69868	2.75997	False	False	True	False	False	False	False
278	279	F	0.70747	0.18732	0.22517	0.60570	False	False	True	False	False	False	False
279	280	A	0.19733	0.18852	0.61921	2.34827	False	False	True	False	False	False	False
280	281	P	0.52305	0.18979	0.41722	1.40252	False	False	True	False	False	False	False
281	282	Q	0.33159	0.19078	0.44702	1.50867	False	False	True	False	False	False	False
282	283	S	0.47152	0.19232	0.10099	0.00000	False	False	True	False	False	False	False
283	284	D	0.35314	0.19468	0.57285	2.04479	False	True	True	False	False	False	False
284	285	P	0.88477	0.19629	0.36093	1.21947	True	True	True	False	False	False	False
285	286	N	0.45530	0.20016	0.70199	2.77213	False	True	True	False	False	False	False
286	287	G	0.96519	0.20343	0.39404	1.33178	True	True	True	False	False	False	False
287	288	L	0.35987	0.20623	0.43046	1.44913	False	True	True	False	False	False	False
288	289	I	0.81887	0.20805	0.26490	0.73408	True	True	True	False	False	False	False
289	290	K	0.38463	0.21286	0.55298	1.96693	False	True	True	False	False	False	False
290	291	C	0.47089	0.21561	0.62252	2.35658	False	True	True	False	False	False	False
291	292	T	0.51275	0.21953	0.43377	1.46670	False	True	True	False	False	False	False
292	293	V	0.60510	0.22251	0.39073	1.31701	False	True	True	False	False	False	False
293	294	G	0.19304	0.23750	0.62914	2.40129	False	True	True	False	False	False	False
294	295	R	0.90895	0.24406	0.54967	1.96064	False	True	True	False	False	False	False
295	296	S	0.31436	0.43389	0.10099	0.00000	False	True	True	False	False	False	False
296	297	S	0.42526	0.56979	0.10099	0.00000	False	False	False	False	False	False	False
297	298	L	0.34606	0.71966	0.10099	0.00000	False	False	False	False	False	False	False
298	299	K	0.31554	0.75195	0.10099	0.00000	False	False	False	False	False	False	False
299	300	S	0.56145	0.80285	0.10099	0.00000	False	False	False	False	True	False	False
300	301	K	0.69075	0.88870	0.10099	0.00000	False	False	False	False	True	False	False
301	302	L	0.96490	0.91115	0.10099	0.00000	False	False	False	True	True	False	False
