protein_id,design_idx,spearman,pearson
1BI3_A,0,0.5643896935179177,0.08670793689692353
1BI3_A,1,0.6043106531946885,0.14384542922967794
1BI3_A,2,0.28434003826230203,0.02271623555223014
1BI3_A,3,0.15254043566519465,-0.019137829989499224
1BI3_A,4,0.26852638138069973,0.12255068801040517
1BI3_A,5,-0.0926534431753425,-0.2071220175268225
1BI3_A,6,0.43344210843168646,0.15009993921561265
1BI3_A,7,0.34735970427939145,0.4703932099940981
1L6J_A,0,0.3376608268362762,-0.046970180215426496
1L6J_A,1,0.316655376539296,0.8898802536944687
1L6J_A,2,0.503673311012601,0.7563735461845523
1L6J_A,3,0.33709048081494075,0.10066601198252259
1L6J_A,4,0.5221855518885222,0.6883354204595934
1L6J_A,5,0.07633013452746246,-0.06277959106283226
1L6J_A,6,0.31871925500323484,0.8508393378554883
1L6J_A,7,0.42628317667676946,0.6547949760198056
1O51_A,0,0.7472080354102826,0.9151695423902244
1O51_A,1,0.584595979669592,-0.10621115515796128
1O51_A,2,0.5718770389561972,0.1926851854907926
1O51_A,3,0.7206673476336398,0.12576341903067426
1O51_A,4,-0.3108591292142182,0.07202846330062902
1O51_A,5,0.906145726932244,0.9188146829561703
1O51_A,6,0.5692543411644536,-0.16863713284758194
1O51_A,7,0.8950119169220294,0.8646930257394089
1PZD_A,0,0.43878520810038485,0.489856555215976
1PZD_A,1,-0.14721712098914405,0.20883569687825743
1PZD_A,2,-0.017537710509737115,0.3306761072467763
1PZD_A,3,0.2442817851412722,0.41115352198528643
1PZD_A,4,0.5125224506647955,0.6099988121140275
1PZD_A,5,0.010184638412983319,0.3537893397762862
1PZD_A,6,0.38225869792811695,0.7585415139662333
1PZD_A,7,0.39060557475953467,0.67872096797802
1U6T_A,0,0.5002167727950142,0.0581558184355757
1U6T_A,1,0.2670261518849941,-0.1063622227094937
1U6T_A,2,0.36614680623749535,0.09346317655583007
1U6T_A,3,0.34587454274488544,-0.1995072299325657
1U6T_A,4,-0.09670776317572143,-0.044207133462842656
1U6T_A,5,0.43390535480578885,-0.0830038037532914
1U6T_A,6,0.7595244546809374,0.3865622250128139
1U6T_A,7,0.5464977645305513,0.3476223948200085
1V6X_A,0,0.7894009199206082,0.772602131054355
1V6X_A,1,0.4723882486967603,0.3695711917812584
1V6X_A,2,0.6722867115459075,0.733711818310346
1V6X_A,3,0.6482948468050368,0.5223933008488629
1V6X_A,4,0.7833523334407064,0.6780515578353714
1V6X_A,5,0.6057535021400978,0.5087162670718984
1V6X_A,6,0.6943405558875142,0.6888333235527476
1V6X_A,7,0.7945632137719512,0.787493406214231
1VF7_J,0,0.0384740926222875,-0.06123864216242315
1VF7_J,1,0.2549992232782341,0.2369597790605107
1VF7_J,2,0.22444643279902696,0.27391664672131244
1VF7_J,3,0.5563377253724268,0.2273493850848803
1VF7_J,4,0.34212439529541877,-0.15148260726349524
1VF7_J,5,0.5578781439037066,0.47476304261244706
1VF7_J,6,0.20922062182138804,0.5969057212162439
1VF7_J,7,-0.0029811461462186145,-0.2730240694512592
1WZE_B,0,0.6365296703093084,0.8454083441310404
1WZE_B,1,0.5757396615301235,0.7841076611223328
1WZE_B,2,0.6070711781305284,0.7090863466534713
1WZE_B,3,0.5212920346913381,0.7784403330468811
1WZE_B,4,0.6599127242749941,0.7220265128919536
1WZE_B,5,0.6332753595703811,0.7901061419780774
1WZE_B,6,0.8961513129784999,0.9032946236055291
1WZE_B,7,0.6942510716728723,0.8096854263924106
1YB0_C,0,0.13097670072085368,-0.09856336444479541
1YB0_C,1,0.8049785138027904,0.6808809204007051
1YB0_C,2,0.5305199083110105,0.11710910690977948
1YB0_C,3,0.7000324845751321,0.7008144222010514
1YB0_C,4,0.6548075265430839,0.8876162816408562
1YB0_C,5,0.6014403095347856,0.7737049850164489
1YB0_C,6,0.37855212444284125,0.03203531377421929
1YB0_C,7,0.6624139727321221,0.23309103914844834
1ZR3_A,0,0.1265268550784821,0.03540111448444583
1ZR3_A,1,0.15209335618500167,-0.14373920908948634
1ZR3_A,2,-0.3494726300522225,-0.08752875908143383
1ZR3_A,3,-0.14924968145206338,-0.14851835670957717
1ZR3_A,4,0.10594402968376973,-0.09916424239662935
1ZR3_A,5,-0.22716726344533572,-0.03228637241576386
1ZR3_A,6,-0.48807896463809447,-0.39129433243684386
1ZR3_A,7,0.11072392365815292,0.09646214826199258
2EFO_A,0,0.5348977371394121,0.7006426824312287
2EFO_A,1,0.6258043313812212,0.6193787900165936
2EFO_A,2,0.546641550742628,0.3884753914686037
2EFO_A,3,0.42282993642951616,0.5333198909677099
2EFO_A,4,0.33013237046886906,-0.13203573073755936
2EFO_A,5,0.53348611131624,0.8382398357142277
2EFO_A,6,0.6396549517222502,0.8363142255248979
2EFO_A,7,0.6339500292640455,0.4504061417494146
2QHL_E,0,0.5839473974890238,0.04856402877096819
2QHL_E,1,0.3518712281169579,-0.047869003082592634
2QHL_E,2,-0.41228501228501224,-0.39185719601201635
2QHL_E,3,0.06347181209566531,-0.09864451131128404
2QHL_E,4,0.6191438746689819,0.01266807836368654
2QHL_E,5,0.5304916259044699,0.7016953576707557
2QHL_E,6,0.7242774613253186,0.04937188277713888
2QHL_E,7,0.6311611027207358,0.4144878785225072
2QLZ_C,0,0.2272057095743679,-0.21752847153876617
2QLZ_C,1,0.2151836367667056,-0.16248100221874787
2QLZ_C,2,0.7036065775881237,0.6074186891194064
2QLZ_C,3,0.7530010832357169,0.780941498282463
2QLZ_C,4,0.6100803859564154,0.6401615420391741
2QLZ_C,5,0.5754399058920647,0.31684904092650035
2QLZ_C,6,0.45113714721698545,0.588200484258682
2QLZ_C,7,0.31436344317369536,0.4137297685641271
2YN5_A,0,0.3946858045515947,0.5044773607610373
2YN5_A,1,0.44641761248754236,0.46734560922997426
2YN5_A,2,0.2534641774025554,0.38727632087028196
2YN5_A,3,0.3678917749998146,0.48556317031244645
2YN5_A,4,0.3513486858913369,0.22408692955423173
2YN5_A,5,0.35723215578396805,0.4326294918211575
2YN5_A,6,0.4112815665259319,0.21877574596796812
2YN5_A,7,0.6029679286827792,0.360624218074443
3FKD_B,0,0.43086356590307995,0.22072485116737536
3FKD_B,1,0.5588167852211753,0.21102503638328649
3FKD_B,2,0.35296086722245046,0.2941686592172939
3FKD_B,3,0.4303214496586365,0.43221599596838134
3FKD_B,4,0.5611391393772593,0.6157269253858157
3FKD_B,5,0.6713515558615194,0.7255335048479781
3FKD_B,6,0.38133024591378945,0.15328464797825225
3FKD_B,7,0.5000806689813873,0.5825957889045611
3JXF_A,0,0.6660939242998024,0.5248548548065084
3JXF_A,1,0.8406023257181371,0.7793208606955686
3JXF_A,2,0.5589133642501952,0.5810228674752379
3JXF_A,3,0.44313031773529576,0.5129721112591494
3JXF_A,4,0.43515062369269186,0.19255154454496076
3JXF_A,5,0.5449931485315151,0.5338443534463089
3JXF_A,6,0.480018740444688,0.5601587863484129
3JXF_A,7,0.5485082036557991,0.4980301805099962
3KGU_B,0,0.6445750808806123,0.31936890695541686
3KGU_B,1,0.06768363982103741,-0.21409979242035174
3KGU_B,2,0.2975144006943896,-0.250752484884114
3KGU_B,3,-0.04687487807931218,-0.3318699967971565
3KGU_B,4,0.47042366235253924,-0.16104464503441307
3KGU_B,5,0.4158210368499961,0.4121647870696868
3KGU_B,6,0.49561271995581163,0.9023362712892763
3KGU_B,7,0.4029906099581788,0.5629320572761928
3T9G_B,0,0.1728206935970377,-0.01592481148124983
3T9G_B,1,0.3444905493990525,0.7023696425278838
3T9G_B,2,0.6016625161087232,0.8731338560882047
3T9G_B,3,0.6540896941764288,0.7759980874122572
3T9G_B,4,0.6343880674317,0.8197804281491681
3T9G_B,5,0.19015146733499685,0.38202643352543947
3T9G_B,6,0.39416723479781657,0.374293201571231
3T9G_B,7,0.6580170548440455,0.8288025988137044
3U79_D,0,0.04345630225185892,-0.3239714079021001
3U79_D,1,0.7213452004387432,0.46872662043531516
3U79_D,2,0.18937443039623017,-0.03344609252738459
3U79_D,3,0.5825648109276889,0.6251891011317315
3U79_D,4,0.4920509003527538,0.7098109542753976
3U79_D,5,0.572044345434135,0.5824807123335172
3U79_D,6,-0.3545328970399421,-0.337450577594868
3U79_D,7,-0.012753079271305718,0.05469957981642026
4C8E_C,0,0.12852967583657116,0.2726819860956749
4C8E_C,1,0.27324359123217523,0.1869584437629558
4C8E_C,2,0.8139994721664032,0.6878836523252638
4C8E_C,3,0.7475893665625951,0.5844002641261644
4C8E_C,4,0.3034932396051165,0.2993333821865551
4C8E_C,5,0.6893973065104202,0.551149180622598
4C8E_C,6,0.7428293415853039,0.8174874019786373
4C8E_C,7,0.36059664210154546,0.6179100331846887
4IK7_A,0,0.6138699880828817,0.6397839964177814
4IK7_A,1,0.3855456886941145,0.5429917103523109
4IK7_A,2,0.225457481329145,-0.2240568294468383
4IK7_A,3,0.4730404028754854,0.5780167032248367
4IK7_A,4,0.7155191634951755,0.6110694897114713
4IK7_A,5,0.5340419602172614,0.5146250190355223
4IK7_A,6,0.8585168953984545,0.9379884455878752
4IK7_A,7,0.31125206627455504,0.005950373976184302
4KTN_A,0,0.6886221971808073,0.8521452165370431
4KTN_A,1,0.5897036762815352,0.6945083727544094
4KTN_A,2,0.6370150612824784,0.519052702687668
4KTN_A,3,0.5259816146830074,0.4207577932925058
4KTN_A,4,0.5923805858422265,0.8273751141793054
4KTN_A,5,0.6321231160083743,0.882894525961628
4KTN_A,6,0.527030315618622,0.6407717307572038
4KTN_A,7,0.4060225627393885,0.35714878929928606
4N35_A,0,-0.6173753580008094,-0.3813039186431578
4N35_A,1,0.04868873110398535,0.6429750921632861
4N35_A,2,0.8365304089205221,0.8653508377059764
4N35_A,3,-0.42165821647108215,-0.37416213701434836
4N35_A,4,-0.46398955972017736,-0.44878373336923433
4N35_A,5,-0.3202248641881198,-0.20777820344803094
4N35_A,6,-0.10108487393419399,-0.3947061228694264
4N35_A,7,0.6169751332434933,0.9103318915627633
4QYA_A,0,0.7156114250567025,0.7655313716901169
4QYA_A,1,0.6930688501902895,0.6346586608786637
4QYA_A,2,0.4663109457265292,0.3563813538237859
4QYA_A,3,0.7308576480990274,0.7709974350235872
4QYA_A,4,0.19008188213585517,-0.08661445451764364
4QYA_A,5,-0.2279099985024279,-0.12308795058678228
4QYA_A,6,0.5449967324030294,0.1919524544803942
4QYA_A,7,0.5281869222839156,0.8039305840716068
4ZNO_A,0,0.18974601978982494,0.5117897158235696
4ZNO_A,1,0.47629246051156415,0.5877092848651929
4ZNO_A,2,0.18653292917402306,0.5119745597920694
4ZNO_A,3,0.6007032398131095,0.4903048943214784
4ZNO_A,4,0.598035395354559,0.6540936194708106
4ZNO_A,5,0.39751389910012147,0.7096637025631821
4ZNO_A,6,0.38676603129323023,0.5893646615583024
4ZNO_A,7,0.4914004232099171,0.408223768985626
5ELD_B,0,-0.09499901638792625,0.06659798259886168
5ELD_B,1,-0.005943618349238824,0.0015230053576928567
5ELD_B,2,0.18157149807369694,0.13933518769209555
5ELD_B,3,-0.3154292540203251,-0.421301472886014
5ELD_B,4,-0.1249697943116296,-0.23003600238075925
5ELD_B,5,-0.02391729601902573,-0.11010165379830571
5ELD_B,6,-0.37880953915296606,-0.265452476752682
5ELD_B,7,-0.27877877192594297,0.10081072308221788
5JVA_C,0,0.29745073008739065,0.24926255638952888
5JVA_C,1,0.3806352197743216,0.10065413728919614
5JVA_C,2,0.5182480638242752,0.1623537765212923
5JVA_C,3,0.4583606427497463,0.4228890096069079
5JVA_C,4,0.5882107534963754,0.7293034390416889
5JVA_C,5,0.08475847784709428,-0.13211633598530645
5JVA_C,6,0.8135019872153897,0.5129922690157291
5JVA_C,7,0.22485900768152148,-0.0035450655712029175
5L4J_B,0,0.7794444882821747,0.6306091229298854
5L4J_B,1,0.38185907046476764,0.11908758035978838
5L4J_B,2,0.602135646919121,0.3626139900736971
5L4J_B,3,0.4890554722638681,0.1916090249213076
5L4J_B,4,0.5975510880448147,0.6937959137464089
5L4J_B,5,0.5115363370946107,-0.023277349546088604
5L4J_B,6,0.36072824257989106,0.07868690283328318
5L4J_B,7,0.6200426102738105,0.6224136299899752
5QJQ_B,0,0.21202269083961622,-0.22399531877677076
5QJQ_B,1,0.7123968914839025,0.313780084490493
5QJQ_B,2,0.407682202907589,-0.07323280389238747
5QJQ_B,3,0.5751020656375734,0.7830805788811973
5QJQ_B,4,0.7600123103271383,0.7633156700542022
5QJQ_B,5,0.8071679450926453,0.757921805174345
5QJQ_B,6,0.4038439981029844,0.011166848295678568
5QJQ_B,7,0.5507770174904902,0.8434907094972969
5QKA_D,0,0.20430370434293404,0.5290772589474826
5QKA_D,1,0.018135279333752117,0.4077355763535982
5QKA_D,2,0.25559813951137833,0.2735053713007329
5QKA_D,3,0.22995867054772978,0.4177481456346395
5QKA_D,4,-0.031852936918293516,0.34173760891529037
5QKA_D,5,0.035851258551742475,0.26871330292164075
5QKA_D,6,0.0650161420627009,0.2747940944733926
5QKA_D,7,0.28798624129792094,0.47023790974151325
5UHZ_A,0,0.3842333350742513,0.446657634641642
5UHZ_A,1,0.6138493694070055,0.705226877825411
5UHZ_A,2,0.33840623292035693,0.686692185968731
5UHZ_A,3,0.4803965155506277,0.8416858550437958
5UHZ_A,4,0.699044982119567,0.8734575724131218
5UHZ_A,5,0.5109960434022118,0.751352480521749
5UHZ_A,6,0.45790198598251297,0.7948486234869562
5UHZ_A,7,0.6327718540366838,0.8700047208979326
5UUC_A,0,0.7040294609546263,0.5011759643162854
5UUC_A,1,0.521109337755807,0.17400907480501804
5UUC_A,2,0.39123392644085075,0.3324922800139956
5UUC_A,3,0.5693202349484677,0.22153789074557353
5UUC_A,4,0.566660445620245,0.381237270315815
5UUC_A,5,0.6622451918172385,0.638881065351496
5UUC_A,6,0.56596489714065,0.02704667508320606
5UUC_A,7,0.34092681367606076,0.187389388860876
5VE2_B,0,0.4229460238277181,0.24733810182696825
5VE2_B,1,0.19896405615229515,0.2620471615778025
5VE2_B,2,0.14416941635766847,0.09286185106963282
5VE2_B,3,0.6177353565367399,0.39025713373868537
5VE2_B,4,0.17010025358284994,0.04409725172753931
5VE2_B,5,0.44041956736991245,0.7748748877797945
5VE2_B,6,0.3363030178881089,0.5855976452466386
5VE2_B,7,0.31249956140490726,0.7235047348371292
6DNB_A,0,0.41272355298826124,0.19682266799381612
6DNB_A,1,0.3406795390856028,0.20223894777695214
6DNB_A,2,0.4537059289860322,0.34521813602675894
6DNB_A,3,0.43174109409882044,0.4083915158097997
6DNB_A,4,0.26980051059276616,0.24655576898895865
6DNB_A,5,0.3280740137837252,0.3614351117918902
6DNB_A,6,0.413036833054835,0.2651426001888239
6DNB_A,7,0.4326239920717423,0.21329974064165066
6HGM_A,0,0.15598306050510455,0.1126602672470614
6HGM_A,1,0.24725748337229725,0.19713692669869423
6HGM_A,2,0.21004923703703832,0.2179677330633155
6HGM_A,3,-0.003033474663406476,0.09089457559289642
6HGM_A,4,0.13924462664406523,0.23941216360414874
6HGM_A,5,0.2993088593911223,0.1310750535827516
6HGM_A,6,0.2865667739280074,0.1471512204584859
6HGM_A,7,0.2348603578366303,0.15648432501231796
6LN0_A,0,0.17978237604655697,0.7136855791146298
6LN0_A,1,0.159811847857536,0.019455271024820055
6LN0_A,2,0.4877698539601934,0.8137099185164981
6LN0_A,3,0.38735861922441767,0.5612223913504636
6LN0_A,4,-0.1344450058163713,0.1437759782443699
6LN0_A,5,0.1033624779073493,-0.002436267813515555
6LN0_A,6,0.34731361953014755,0.6712659838373103
6LN0_A,7,0.22775951528042604,0.6533500784897216
6NQK_F,0,0.012379562643122656,-0.0757849730857975
6NQK_F,1,0.40078920065362034,0.8558990545216995
6NQK_F,2,0.4350000860494955,0.2537621704351277
6NQK_F,3,0.5592922309438515,0.9366169334464066
6NQK_F,4,0.35195512012022834,0.6562455665277109
6NQK_F,5,0.4541852176414808,0.4081100428234951
6NQK_F,6,0.11909731257909967,0.6770865483948011
6NQK_F,7,0.3196679223320928,0.518680484596291
6T06_B,0,0.1984328512358188,-0.05416638303351466
6T06_B,1,0.1089280401564526,-0.07954904088327948
6T06_B,2,0.2191765832661844,-0.0672394210707529
6T06_B,3,-0.11515226713343235,0.0437208610197986
6T06_B,4,0.3436088670553477,0.0062345139171963
6T06_B,5,0.25415325684924744,0.08599467601823328
6T06_B,6,0.28445072922921866,0.05775205615080893
6T06_B,7,0.4142776729737511,0.2498103733099558
6T10_B,0,0.21026364136674994,-0.09651156575669745
6T10_B,1,0.26229500416514395,-0.009326738530321945
6T10_B,2,0.4315026949798378,0.1834026761375335
6T10_B,3,0.09004383857188122,-0.25372483648873523
6T10_B,4,0.28068945752424734,0.11369602637104433
6T10_B,5,0.4556818642164218,0.051823230595819066
6T10_B,6,0.3339918632251946,0.05918286420088385
6T10_B,7,0.38787222605283017,-0.13858302800538996
6TN1_AAA,0,0.3281129797333819,0.3041774058606263
6TN1_AAA,1,0.5597759488036509,0.20005416887255364
6TN1_AAA,2,0.4968574261799238,0.31660792483666783
6TN1_AAA,3,0.413031919723361,0.6711181940112263
6TN1_AAA,4,0.5572558488734418,0.5127918898491857
6TN1_AAA,5,0.5755487206474792,0.49875048531617394
6TN1_AAA,6,0.35941913229099076,0.24128417221223902
6TN1_AAA,7,0.47013899617986454,0.32060531721756924
6TQD_C,0,0.25068249716567675,-0.014231897308460705
6TQD_C,1,0.28085791847324715,0.09274675872897366
6TQD_C,2,0.23425447033746788,0.10064691964373629
6TQD_C,3,0.5399136709088482,0.7879457425520167
6TQD_C,4,0.7648095112984626,0.8128068046632763
6TQD_C,5,0.18668434628691424,0.19908575367357317
6TQD_C,6,0.23259351218201899,0.09267363155426919
6TQD_C,7,0.7434670025241552,0.8411392778947427
6VJP_B,0,0.6582862764077614,0.6901618146653842
6VJP_B,1,0.5518579988792309,0.7873471415151375
6VJP_B,2,0.7695467782610731,0.7363031188665029
6VJP_B,3,0.7743369328658214,0.8138355881399854
6VJP_B,4,0.4491029603800096,0.7335981396009515
6VJP_B,5,0.6142440892427098,0.570428603033656
6VJP_B,6,0.4847935503564875,0.7289893895230705
6VJP_B,7,0.6570810592035619,0.7979228517122332
6W6B_A,0,0.17805106501145312,0.5729259857298377
6W6B_A,1,0.3464556919216035,0.5998111460881167
6W6B_A,2,0.5305054592835071,0.5478328797654858
6W6B_A,3,0.32249934621126375,0.27667120683346147
6W6B_A,4,0.3799055262691047,0.5273719276159193
6W6B_A,5,0.42277823892027055,0.5880767320704271
6W6B_A,6,0.38977872682567943,0.3821994680804472
6W6B_A,7,0.36405578933094607,0.6258741141235463
7FCT_B,0,0.5142727800787906,0.7947444229485188
7FCT_B,1,0.40431980617509905,-0.13262061381302898
7FCT_B,2,-0.0201895007240578,-0.2039474136253956
7FCT_B,3,0.5875657595826982,0.8506586707353533
7FCT_B,4,0.6169512488671864,0.5968879038359327
7FCT_B,5,0.465272347968753,0.7013415845072141
7FCT_B,6,0.7529141956059713,0.6025038369948879
7FCT_B,7,0.14162889048503102,-0.08549949616153944
7R6O_A,0,0.5011047614757848,0.18110858859018272
7R6O_A,1,0.22090944365206633,-0.0846993957971096
7R6O_A,2,0.5689431432555192,0.3207442683779417
7R6O_A,3,0.3096664092290959,0.45744391458869704
7R6O_A,4,0.3774323036345364,0.18059585942965095
7R6O_A,5,0.424982899705654,0.09402257385807684
7R6O_A,6,0.4711476887707094,0.3732300138774721
7R6O_A,7,0.23300772756048027,0.031951837480283435
7TN4_A,0,0.0044464394817890504,-0.00955753466557237
7TN4_A,1,-0.19240389531041535,-0.38648169918355635
7TN4_A,2,0.2762752652776219,0.09511864571960191
7TN4_A,3,-0.05250695458420594,0.10638955352768656
7TN4_A,4,0.26783625730994154,0.5946229949107984
7TN4_A,5,0.06369406102320478,0.2911719603345067
7TN4_A,6,-0.06918041372086933,-0.2177054820399191
7TN4_A,7,0.36765795084726743,0.6316520789758309
7W62_F,0,0.11099095196013002,-0.06708125536694635
7W62_F,1,0.5282674760072664,0.8188196326251347
7W62_F,2,0.3112020604874231,0.4246205618408904
7W62_F,3,0.269353069100037,0.5058395338923639
7W62_F,4,0.2496678650748323,0.3272452127803574
7W62_F,5,0.1602564810255516,0.30401140855053216
7W62_F,6,0.15416095750521547,-0.1975507290490713
7W62_F,7,-0.3600901466368077,-0.49960286535414483
8TG4_A,0,0.371037723649161,0.319718216935902
8TG4_A,1,0.2892928789481717,0.5549027080441226
8TG4_A,2,0.7281379517055199,0.8934049424354178
8TG4_A,3,0.6516121677876751,0.814091457462875
8TG4_A,4,0.7020103959161881,0.8221333381298163
8TG4_A,5,0.8809553202924888,0.735446385652115
8TG4_A,6,0.8248778926429395,0.8440983071918826
8TG4_A,7,0.7663607769142946,0.8115418178610844
9LD6_A,0,0.25343304131003797,-0.2297588324845439
9LD6_A,1,0.32982899544509153,0.30157395085671673
9LD6_A,2,0.10357335291718364,-0.05109430861595178
9LD6_A,3,0.1536519544532354,0.5054202078843737
9LD6_A,4,0.32091321397795525,0.1668600664758239
9LD6_A,5,0.19279941957698576,0.11630053486765438
9LD6_A,6,0.39462163507713943,0.2232938951580584
9LD6_A,7,0.15616450681334457,-0.13371956574555
9RN0_A,0,0.5641468509077784,0.5634905314873994
9RN0_A,1,0.3700079824819772,0.03960323951931193
9RN0_A,2,0.6151199827342861,0.7870766224655807
9RN0_A,3,0.6753071637950748,0.6058992269695715
9RN0_A,4,0.33494404243259146,0.25824367593804426
9RN0_A,5,0.3854968608944231,0.31462153662050396
9RN0_A,6,0.2410007099802191,0.015437055350530846
9RN0_A,7,0.6133429872198938,0.5987804111639574
