interface_pair,res_id,ins_code,wt_residue_name3,source_chains,n_chain_sides,ddg_bind_mean_reu,ddg_bind_min_reu,ddg_bind_max_reu,is_native_alanine,is_glycine_to_alanine,is_proline_to_alanine,is_interpretable_sidechain_alanine,ddg_bind_chain_range_reu,min_cross_chain_heavy_atom_distance_a,interface_class,rosetta_score_function,ddg_bind_rank_desc,sidechain_ddg_bind_rank_desc
A:B,1,,SER,"A,B",2,-8.0781,-8.0781,-8.0781,False,False,False,True,0.0,2.7413575649261475,interface_1,ref2015,70,58
A:B,2,,ALA,"A,B",2,0.0,0.0,0.0,True,False,False,False,0.0,2.8951947689056396,interface_1,ref2015,42,
A:B,3,,VAL,"A,B",2,2.0054,2.0054,2.0054,False,False,False,True,0.0,3.5006730556488037,interface_1,ref2015,11,10
A:B,4,,LYS,"A,B",2,-0.0166,-0.0166,-0.0166,False,False,False,True,0.0,2.7470641136169434,interface_1,ref2015,51,41
A:B,5,,ALA,"A,B",2,0.0,0.0,0.0,True,False,False,False,0.0,2.8542590141296387,interface_1,ref2015,42,
A:B,6,,ALA,"A,B",2,0.0,0.0,0.0,True,False,False,False,0.0,3.630676507949829,interface_1,ref2015,42,
A:B,7,,ARG,"A,B",2,0.1113,0.1113,0.1113,False,False,False,True,0.0,2.9260425567626953,interface_1,ref2015,38,36
A:B,8,,TYR,"A,B",2,-0.5341,-0.5341,-0.5341,False,False,False,True,0.0,3.2555668354034424,interface_1,ref2015,59,47
A:B,9,,GLY,"A,B",2,0.0164,0.0164,0.0164,False,True,False,False,0.0,2.784263849258423,interface_1,ref2015,40,
A:B,10,,LYS,"A,B",2,-4.3704,-4.3704,-4.3704,False,False,False,True,0.0,2.9647340774536133,interface_1,ref2015,68,56
A:B,11,,ASP,"A,B",2,-0.5814,-0.5814,-0.5814,False,False,False,True,0.0,2.8833768367767334,interface_1,ref2015,60,48
A:B,12,,ASN,"A,B",2,0.919,0.919,0.919,False,False,False,True,0.0,2.9233791828155518,interface_1,ref2015,25,24
A:B,13,,VAL,"A,B",2,0.4131,0.4131,0.4131,False,False,False,True,0.0,3.7093050479888916,interface_1,ref2015,31,29
A:B,14,,ARG,"A,B",2,1.0477,1.0477,1.0477,False,False,False,True,0.0,3.785543918609619,interface_1,ref2015,22,21
A:B,35,,CYS,"A,B",2,0.3401,0.3401,0.3401,False,False,False,True,0.0,4.856469631195068,interface_1,ref2015,34,32
A:B,37,,LEU,"A,B",2,2.2264,2.2264,2.2264,False,False,False,True,0.0,4.029304504394531,interface_1,ref2015,9,8
A:B,45,,SER,"A,B",2,-0.4542,-0.4542,-0.4542,False,False,False,True,0.0,3.770962953567505,interface_1,ref2015,57,46
A:B,46,,TYR,"A,B",2,5.6863,5.6863,5.6863,False,False,False,True,0.0,2.9559969902038574,interface_1,ref2015,2,1
A:B,47,,THR,"A,B",2,-0.012,-0.012,-0.012,False,False,False,True,0.0,3.562854766845703,interface_1,ref2015,49,39
A:B,49,,ALA,"A,B",2,0.0,0.0,0.0,True,False,False,False,0.0,3.915468454360962,interface_1,ref2015,42,
A:B,51,,ASN,"A,B",2,2.0284,2.0284,2.0284,False,False,False,True,0.0,2.9703285694122314,interface_1,ref2015,10,9
A:B,52,,SER,"A,B",2,0.1553,0.1553,0.1553,False,False,False,True,0.0,3.3623762130737305,interface_1,ref2015,36,34
A:B,54,,ILE,"A,B",2,2.5565,2.5565,2.5565,False,False,False,True,0.0,2.9965243339538574,interface_1,ref2015,7,6
A:B,55,,VAL,"A,B",2,0.9884,0.9884,0.9884,False,False,False,True,0.0,4.144176006317139,interface_1,ref2015,23,22
A:B,56,,ALA,"A,B",2,0.0,0.0,0.0,True,False,False,False,0.0,3.884331464767456,interface_1,ref2015,42,
A:B,57,,THR,"A,B",2,0.5518,0.5518,0.5518,False,False,False,True,0.0,4.032147407531738,interface_1,ref2015,27,25
A:B,58,,ASP,"A,B",2,0.3515,0.3515,0.3515,False,False,False,True,0.0,3.3675098419189453,interface_1,ref2015,33,31
A:B,59,,SER,"A,B",2,-1.3411,-1.3411,-1.3411,False,False,False,True,0.0,3.6145479679107666,interface_1,ref2015,64,52
A:B,61,,LYS,"A,B",2,-0.1053,-0.1053,-0.1053,False,False,False,True,0.0,3.8445041179656982,interface_1,ref2015,53,43
A:B,62,,ASN,"A,B",2,2.4405,2.4405,2.4405,False,False,False,True,0.0,2.9413673877716064,interface_1,ref2015,8,7
A:B,63,,THR,"A,B",2,0.0439,0.0439,0.0439,False,False,False,True,0.0,3.489497423171997,interface_1,ref2015,39,37
A:B,66,,ILE,"A,B",2,1.4863,1.4863,1.4863,False,False,False,True,0.0,3.821556568145752,interface_1,ref2015,14,13
A:B,86,,HIS,"A,B",2,-0.1115,-0.1115,-0.1115,False,False,False,True,0.0,3.2396795749664307,interface_1,ref2015,54,44
A:B,90,,LYS,"A,B",2,0.5374,0.5374,0.5374,False,False,False,True,0.0,2.3175082206726074,interface_1,ref2015,28,26
A:B,91,,TYR,"A,B",2,-0.5861,-0.5861,-0.5861,False,False,False,True,0.0,2.548905372619629,interface_1,ref2015,61,49
A:B,93,,HIS,"A,B",2,0.458,0.458,0.458,False,False,False,True,0.0,4.203157424926758,interface_1,ref2015,29,27
A:B,159,,PHE,"A,B",2,3.0526,3.0526,3.0526,False,False,False,True,0.0,3.769681215286255,interface_1,ref2015,4,3
A:B,160,,TRP,"A,B",2,0.0161,0.0161,0.0161,False,False,False,True,0.0,2.9703285694122314,interface_1,ref2015,41,38
A:B,161,,GLY,"A,B",2,-0.5292,-0.5292,-0.5292,False,True,False,False,0.0,3.302442789077759,interface_1,ref2015,58,
A:B,162,,PHE,"A,B",2,0.4243,0.4243,0.4243,False,False,False,True,0.0,3.1562881469726562,interface_1,ref2015,30,28
A:B,163,,LEU,"A,B",2,3.0827,3.0827,3.0827,False,False,False,True,0.0,2.9965243339538574,interface_1,ref2015,3,2
A:B,165,,ASP,"A,B",2,-2.1502,-2.1502,-2.1502,False,False,False,True,0.0,2.548905372619629,interface_1,ref2015,65,53
A:B,166,,GLU,"A,B",2,1.3271,1.3271,1.3271,False,False,False,True,0.0,2.3175082206726074,interface_1,ref2015,16,15
A:B,167,,TYR,"A,B",2,1.1297,1.1297,1.1297,False,False,False,True,0.0,2.9413673877716064,interface_1,ref2015,20,19
A:B,168,,THR,"A,B",2,-0.3708,-0.3708,-0.3708,False,False,False,True,0.0,3.6145479679107666,interface_1,ref2015,56,45
A:B,169,,THR,"A,B",2,1.3092,1.3092,1.3092,False,False,False,True,0.0,3.1970789432525635,interface_1,ref2015,17,16
A:B,170,,LEU,"A,B",2,1.1516,1.1516,1.1516,False,False,False,True,0.0,3.884331464767456,interface_1,ref2015,19,18
A:B,225,,ALA,"A,B",2,0.0,0.0,0.0,True,False,False,False,0.0,3.198545217514038,interface_1,ref2015,42,
A:B,226,,SER,"A,B",2,-0.9458,-0.9458,-0.9458,False,False,False,True,0.0,3.7669894695281982,interface_1,ref2015,63,51
A:B,228,,GLN,"A,B",2,0.9501,0.9501,0.9501,False,False,False,True,0.0,3.499847888946533,interface_1,ref2015,24,23
A:B,229,,ALA,"A,B",2,0.0,0.0,0.0,True,False,False,False,0.0,3.770962953567505,interface_1,ref2015,42,
A:B,231,,MET,"A,B",2,1.0711,1.0711,1.0711,False,False,False,True,0.0,4.078365325927734,interface_1,ref2015,21,20
A:B,232,,TYR,"A,B",2,2.8596,2.8596,2.8596,False,False,False,True,0.0,3.064666271209717,interface_1,ref2015,5,4
A:B,236,,GLU,"A,B",2,-6.2583,-6.2583,-6.2583,False,False,False,True,0.0,2.7413575649261475,interface_1,ref2015,69,57
A:B,239,,LEU,"A,B",2,0.3817,0.3817,0.3817,False,False,False,True,0.0,4.05459451675415,interface_1,ref2015,32,30
A:B,247,,THR,"A,B",2,-0.0291,-0.0291,-0.0291,False,False,False,True,0.0,4.06548547744751,interface_1,ref2015,52,42
A:B,256,,HIS,"A,B",2,-3.4944,-3.4944,-3.4944,False,False,False,True,0.0,2.9647340774536133,interface_1,ref2015,67,55
A:B,283,,ASP,"A,B",2,0.3311,0.3311,0.3311,False,False,False,True,0.0,3.5950255393981934,interface_1,ref2015,35,33
A:B,284,,PRO,"A,B",2,0.6524,0.6524,0.6524,False,False,True,False,0.0,3.2143068313598633,interface_1,ref2015,26,
A:B,285,,ASN,"A,B",2,1.9138,1.9138,1.9138,False,False,False,True,0.0,2.8833768367767334,interface_1,ref2015,12,11
A:B,286,,GLY,"A,B",2,-0.1647,-0.1647,-0.1647,False,True,False,False,0.0,3.413961887359619,interface_1,ref2015,55,
A:B,287,,LEU,"A,B",2,1.2649,1.2649,1.2649,False,False,False,True,0.0,2.784263849258423,interface_1,ref2015,18,17
A:B,288,,ILE,"A,B",2,1.3888,1.3888,1.3888,False,False,False,True,0.0,3.843357801437378,interface_1,ref2015,15,14
A:B,289,,LYS,"A,B",2,0.1292,0.1292,0.1292,False,False,False,True,0.0,2.9260425567626953,interface_1,ref2015,37,35
A:B,290,,CYS,"A,B",2,2.7723,2.7723,2.7723,False,False,False,True,0.0,3.5731897354125977,interface_1,ref2015,6,5
A:B,291,,THR,"A,B",2,-0.6136,-0.6136,-0.6136,False,False,False,True,0.0,2.7470641136169434,interface_1,ref2015,62,50
A:B,292,,VAL,"A,B",2,1.5567,1.5567,1.5567,False,False,False,True,0.0,3.3478832244873047,interface_1,ref2015,13,12
A:B,293,,GLY,"A,B",2,65.2027,65.2027,65.2027,False,True,False,False,0.0,2.8951947689056396,interface_1,ref2015,1,
A:B,294,,ARG,"A,B",2,-0.0143,-0.0143,-0.0143,False,False,False,True,0.0,4.536888599395752,interface_1,ref2015,50,40
A:B,295,,SER,"A,B",2,-3.1017,-3.1017,-3.1017,False,False,False,True,0.0,2.7989072799682617,interface_1,ref2015,66,54
A:D,14,,ARG,"A,D",2,-0.4753,-0.4753,-0.4753,False,False,False,True,0.0,2.95709228515625,interface_2,ref2015,57,52
A:D,15,,VAL,"A,D",2,0.6947,0.6947,0.6947,False,False,False,True,0.0,3.899864912033081,interface_2,ref2015,39,38
A:D,16,,TYR,"A,D",2,5.1482,5.1482,5.1482,False,False,False,True,0.0,2.962909698486328,interface_2,ref2015,3,3
A:D,17,,LYS,"A,D",2,1.2828,1.2828,1.2828,False,False,False,True,0.0,3.2497239112854004,interface_2,ref2015,27,27
A:D,18,,VAL,"A,D",2,1.8989,1.8989,1.8989,False,False,False,True,0.0,3.0183568000793457,interface_2,ref2015,17,17
A:D,20,,LYS,"A,D",2,1.1448,1.1448,1.1448,False,False,False,True,0.0,4.521500587463379,interface_2,ref2015,30,30
A:D,27,,GLN,"A,D",2,-0.6906,-0.6906,-0.6906,False,False,False,True,0.0,2.7181403636932373,interface_2,ref2015,58,53
A:D,29,,VAL,"A,D",2,1.1704,1.1704,1.1704,False,False,False,True,0.0,3.8757591247558594,interface_2,ref2015,28,28
A:D,31,,GLU,"A,D",2,3.2349,3.2349,3.2349,False,False,False,True,0.0,2.5927674770355225,interface_2,ref2015,11,11
A:D,62,,ASN,"A,D",2,0.4827,0.4827,0.4827,False,False,False,True,0.0,3.5741493701934814,interface_2,ref2015,41,40
A:D,65,,TYR,"A,D",2,2.5967,2.5967,2.5967,False,False,False,True,0.0,3.673402786254883,interface_2,ref2015,14,14
A:D,66,,ILE,"A,D",2,4.5233,4.5233,4.5233,False,False,False,True,0.0,3.7644360065460205,interface_2,ref2015,6,6
A:D,68,,ALA,"A,D",2,0.0,0.0,0.0,True,False,False,False,0.0,3.854556083679199,interface_2,ref2015,45,
A:D,69,,LYS,"A,D",2,2.9537,2.9537,2.9537,False,False,False,True,0.0,2.4018783569335938,interface_2,ref2015,13,13
A:D,70,,GLN,"A,D",2,1.6192,1.6192,1.6192,False,False,False,True,0.0,3.8504321575164795,interface_2,ref2015,21,21
A:D,106,,TRP,"A,D",2,5.7799,5.7799,5.7799,False,False,False,True,0.0,3.6267154216766357,interface_2,ref2015,1,1
A:D,109,,MET,"A,D",2,4.7968,4.7968,4.7968,False,False,False,True,0.0,3.4392569065093994,interface_2,ref2015,4,4
A:D,111,,ILE,"A,D",2,3.7542,3.7542,3.7542,False,False,False,True,0.0,3.7296667098999023,interface_2,ref2015,8,8
A:D,112,,ASP,"A,D",2,1.7114,1.7114,1.7114,False,False,False,True,0.0,2.8754568099975586,interface_2,ref2015,19,19
A:D,114,,LYS,"A,D",2,-0.7589,-0.7589,-0.7589,False,False,False,True,0.0,4.473071575164795,interface_2,ref2015,59,54
A:D,116,,HIS,"A,D",2,1.615,1.615,1.615,False,False,False,True,0.0,3.172312021255493,interface_2,ref2015,22,22
A:D,118,,HIS,"A,D",2,0.8978,0.8978,0.8978,False,False,False,True,0.0,3.1674957275390625,interface_2,ref2015,35,35
A:D,119,,SER,"A,D",2,-1.9675,-1.9675,-1.9675,False,False,False,True,0.0,3.3735897541046143,interface_2,ref2015,62,57
A:D,120,,PHE,"A,D",2,1.3252,1.3252,1.3252,False,False,False,True,0.0,2.8156750202178955,interface_2,ref2015,25,25
A:D,121,,ILE,"A,D",2,2.3496,2.3496,2.3496,False,False,False,True,0.0,3.5273349285125732,interface_2,ref2015,16,16
A:D,122,,ARG,"A,D",2,-0.2925,-0.2925,-0.2925,False,False,False,True,0.0,3.054396867752075,interface_2,ref2015,56,51
A:D,123,,ASP,"A,D",2,-0.1992,-0.1992,-0.1992,False,False,False,True,0.0,1.4957611560821533,interface_2,ref2015,54,49
A:D,124,,SER,"A,D",2,-0.8631,-0.8631,-0.8631,False,False,False,True,0.0,3.306772232055664,interface_2,ref2015,60,55
A:D,125,,GLU,"A,D",2,-0.1437,-0.1437,-0.1437,False,False,False,True,0.0,4.627833843231201,interface_2,ref2015,52,47
A:D,149,,LEU,"A,D",2,0.9649,0.9649,0.9649,False,False,False,True,0.0,3.5273349285125732,interface_2,ref2015,31,31
A:D,150,,THR,"A,D",2,0.9491,0.9491,0.9491,False,False,False,True,0.0,3.054396867752075,interface_2,ref2015,34,34
A:D,151,,VAL,"A,D",2,1.1644,1.1644,1.1644,False,False,False,True,0.0,3.3586859703063965,interface_2,ref2015,29,29
A:D,152,,LEU,"A,D",2,4.3437,4.3437,4.3437,False,False,False,True,0.0,2.8156750202178955,interface_2,ref2015,7,7
A:D,153,,LYS,"A,D",2,-1.0841,-1.0841,-1.0841,False,False,False,True,0.0,3.272109031677246,interface_2,ref2015,61,56
A:D,154,,SER,"A,D",2,-3.0032,-3.0032,-3.0032,False,False,False,True,0.0,2.7181403636932373,interface_2,ref2015,63,58
A:D,155,,THR,"A,D",2,0.9529,0.9529,0.9529,False,False,False,True,0.0,3.4851136207580566,interface_2,ref2015,33,33
A:D,156,,ASN,"A,D",2,0.0389,0.0389,0.0389,False,False,False,True,0.0,3.5496227741241455,interface_2,ref2015,44,43
A:D,175,,ASP,"A,D",2,0.5428,0.5428,0.5428,False,False,False,True,0.0,4.6315836906433105,interface_2,ref2015,40,39
A:D,177,,ILE,"A,D",2,1.5896,1.5896,1.5896,False,False,False,True,0.0,3.445075035095215,interface_2,ref2015,23,23
A:D,179,,SER,"A,D",2,-0.1812,-0.1812,-0.1812,False,False,False,True,0.0,3.923677682876587,interface_2,ref2015,53,48
A:D,212,,ARG,"A,D",2,0.2319,0.2319,0.2319,False,False,False,True,0.0,4.166312217712402,interface_2,ref2015,43,42
A:D,216,,LEU,"A,D",2,1.6688,1.6688,1.6688,False,False,False,True,0.0,3.9982922077178955,interface_2,ref2015,20,20
A:D,217,,LYS,"A,D",2,1.2907,1.2907,1.2907,False,False,False,True,0.0,2.8754568099975586,interface_2,ref2015,26,26
A:D,219,,PHE,"A,D",2,0.9597,0.9597,0.9597,False,False,False,True,0.0,3.859434127807617,interface_2,ref2015,32,32
A:D,220,,ALA,"A,D",2,0.0,0.0,0.0,True,False,False,False,0.0,3.172312021255493,interface_2,ref2015,45,
A:D,221,,GLU,"A,D",2,0.3557,0.3557,0.3557,False,False,False,True,0.0,3.7296667098999023,interface_2,ref2015,42,41
A:D,257,,TYR,"A,D",2,4.5544,4.5544,4.5544,False,False,False,True,0.0,2.5927674770355225,interface_2,ref2015,5,5
A:D,260,,ILE,"A,D",2,3.056,3.056,3.056,False,False,False,True,0.0,3.673402786254883,interface_2,ref2015,12,12
A:D,262,,LEU,"A,D",2,3.3672,3.3672,3.3672,False,False,False,True,0.0,4.18051290512085,interface_2,ref2015,10,10
A:D,264,,TRP,"A,D",2,2.4133,2.4133,2.4133,False,False,False,True,0.0,3.5741493701934814,interface_2,ref2015,15,15
A:D,265,,HIS,"A,D",2,1.7388,1.7388,1.7388,False,False,False,True,0.0,3.7644360065460205,interface_2,ref2015,18,18
A:D,268,,LEU,"A,D",2,3.6208,3.6208,3.6208,False,False,False,True,0.0,3.8504321575164795,interface_2,ref2015,9,9
A:D,269,,GLN,"A,D",2,-0.0185,-0.0185,-0.0185,False,False,False,True,0.0,3.048990249633789,interface_2,ref2015,50,45
A:D,270,,ASN,"A,D",2,1.4764,1.4764,1.4764,False,False,False,True,0.0,3.32096004486084,interface_2,ref2015,24,24
A:D,274,,ASN,"A,D",2,-0.0647,-0.0647,-0.0647,False,False,False,True,0.0,3.2188236713409424,interface_2,ref2015,51,46
A:D,275,,ALA,"A,D",2,0.0,0.0,0.0,True,False,False,False,0.0,4.180595397949219,interface_2,ref2015,45,
A:D,276,,GLU,"A,D",2,0.7036,0.7036,0.7036,False,False,False,True,0.0,2.4018783569335938,interface_2,ref2015,38,37
A:D,277,,VAL,"A,D",2,5.2471,5.2471,5.2471,False,False,False,True,0.0,3.3824000358581543,interface_2,ref2015,2,2
A:D,278,,PHE,"A,D",2,0.8283,0.8283,0.8283,False,False,False,True,0.0,2.962909698486328,interface_2,ref2015,37,36
A:D,279,,ALA,"A,D",2,0.0,0.0,0.0,True,False,False,False,0.0,4.358984470367432,interface_2,ref2015,45,
A:D,280,,PRO,"A,D",2,0.8698,0.8698,0.8698,False,False,True,False,0.0,3.5903985500335693,interface_2,ref2015,36,
A:D,281,,GLN,"A,D",2,0.0,0.0,0.0,False,False,False,True,0.0,3.7975175380706787,interface_2,ref2015,45,44
A:D,282,,SER,"A,D",2,-0.268,-0.268,-0.268,False,False,False,True,0.0,2.95709228515625,interface_2,ref2015,55,50
