interface_pair,source_chain,partner_chain,rosetta_chain,res_id,ins_code,wt_residue_name3,min_cross_chain_heavy_atom_distance_a,is_native_alanine,is_glycine_to_alanine,is_proline_to_alanine,is_interpretable_sidechain_alanine,mut_residue_name3,ddg_bind_reu,wt_binding_dg_reu,mut_binding_dg_reu,ddg_sign_convention,rosetta_score_function,repack_bound,repack_unbound,interface_residue_cutoff_a,interface_class
A:B,A,B,A,1,,SER,2.7413575649261475,False,False,False,True,ALA,-8.0781,-155.368,-163.4461,mutant_minus_wildtype,ref2015,False,False,5.0,interface_1
A:B,A,B,A,2,,ALA,2.8951947689056396,True,False,False,False,ALA,0.0,-155.368,-155.368,mutant_minus_wildtype,ref2015,False,False,5.0,interface_1
A:B,A,B,A,3,,VAL,3.5006730556488037,False,False,False,True,ALA,2.0054,-155.368,-153.3626,mutant_minus_wildtype,ref2015,False,False,5.0,interface_1
A:B,A,B,A,4,,LYS,2.7470641136169434,False,False,False,True,ALA,-0.0166,-155.368,-155.3846,mutant_minus_wildtype,ref2015,False,False,5.0,interface_1
A:B,A,B,A,5,,ALA,2.8542590141296387,True,False,False,False,ALA,0.0,-155.368,-155.368,mutant_minus_wildtype,ref2015,False,False,5.0,interface_1
A:B,A,B,A,6,,ALA,3.630676507949829,True,False,False,False,ALA,0.0,-155.368,-155.368,mutant_minus_wildtype,ref2015,False,False,5.0,interface_1
A:B,A,B,A,7,,ARG,2.9260425567626953,False,False,False,True,ALA,0.1113,-155.368,-155.2567,mutant_minus_wildtype,ref2015,False,False,5.0,interface_1
A:B,A,B,A,8,,TYR,3.2555668354034424,False,False,False,True,ALA,-0.5341,-155.368,-155.9021,mutant_minus_wildtype,ref2015,False,False,5.0,interface_1
A:B,A,B,A,9,,GLY,2.7842650413513184,False,True,False,False,ALA,0.0164,-155.368,-155.3516,mutant_minus_wildtype,ref2015,False,False,5.0,interface_1
A:B,A,B,A,10,,LYS,2.964736223220825,False,False,False,True,ALA,-4.3704,-155.368,-159.73839999999998,mutant_minus_wildtype,ref2015,False,False,5.0,interface_1
A:B,A,B,A,11,,ASP,2.8833775520324707,False,False,False,True,ALA,-0.5814,-155.368,-155.9494,mutant_minus_wildtype,ref2015,False,False,5.0,interface_1
A:B,A,B,A,12,,ASN,2.92338228225708,False,False,False,True,ALA,0.919,-155.368,-154.44899999999998,mutant_minus_wildtype,ref2015,False,False,5.0,interface_1
A:B,A,B,A,13,,VAL,3.7093050479888916,False,False,False,True,ALA,0.4131,-155.368,-154.9549,mutant_minus_wildtype,ref2015,False,False,5.0,interface_1
A:B,A,B,A,14,,ARG,3.785543918609619,False,False,False,True,ALA,1.0477,-155.368,-154.3203,mutant_minus_wildtype,ref2015,False,False,5.0,interface_1
A:B,A,B,A,35,,CYS,4.856469631195068,False,False,False,True,ALA,0.3401,-155.368,-155.0279,mutant_minus_wildtype,ref2015,False,False,5.0,interface_1
A:B,A,B,A,37,,LEU,4.029304504394531,False,False,False,True,ALA,2.2264,-155.368,-153.14159999999998,mutant_minus_wildtype,ref2015,False,False,5.0,interface_1
A:B,A,B,A,45,,SER,3.770962953567505,False,False,False,True,ALA,-0.4542,-155.368,-155.82219999999998,mutant_minus_wildtype,ref2015,False,False,5.0,interface_1
A:B,A,B,A,46,,TYR,2.9559969902038574,False,False,False,True,ALA,5.6863,-155.368,-149.6817,mutant_minus_wildtype,ref2015,False,False,5.0,interface_1
A:B,A,B,A,47,,THR,3.562854766845703,False,False,False,True,ALA,-0.012,-155.368,-155.38,mutant_minus_wildtype,ref2015,False,False,5.0,interface_1
A:B,A,B,A,49,,ALA,3.915468454360962,True,False,False,False,ALA,0.0,-155.368,-155.368,mutant_minus_wildtype,ref2015,False,False,5.0,interface_1
A:B,A,B,A,51,,ASN,2.9703285694122314,False,False,False,True,ALA,2.0284,-155.368,-153.3396,mutant_minus_wildtype,ref2015,False,False,5.0,interface_1
A:B,A,B,A,52,,SER,3.3623762130737305,False,False,False,True,ALA,0.1553,-155.368,-155.21269999999998,mutant_minus_wildtype,ref2015,False,False,5.0,interface_1
A:B,A,B,A,54,,ILE,2.9965262413024902,False,False,False,True,ALA,2.5565,-155.368,-152.8115,mutant_minus_wildtype,ref2015,False,False,5.0,interface_1
A:B,A,B,A,55,,VAL,4.144176006317139,False,False,False,True,ALA,0.9884,-155.368,-154.37959999999998,mutant_minus_wildtype,ref2015,False,False,5.0,interface_1
A:B,A,B,A,56,,ALA,3.884331464767456,True,False,False,False,ALA,0.0,-155.368,-155.368,mutant_minus_wildtype,ref2015,False,False,5.0,interface_1
A:B,A,B,A,57,,THR,4.032147407531738,False,False,False,True,ALA,0.5518,-155.368,-154.8162,mutant_minus_wildtype,ref2015,False,False,5.0,interface_1
A:B,A,B,A,58,,ASP,3.3675098419189453,False,False,False,True,ALA,0.3515,-155.368,-155.0165,mutant_minus_wildtype,ref2015,False,False,5.0,interface_1
A:B,A,B,A,59,,SER,3.6145479679107666,False,False,False,True,ALA,-1.3411,-155.368,-156.7091,mutant_minus_wildtype,ref2015,False,False,5.0,interface_1
A:B,A,B,A,61,,LYS,3.8445041179656982,False,False,False,True,ALA,-0.1053,-155.368,-155.4733,mutant_minus_wildtype,ref2015,False,False,5.0,interface_1
A:B,A,B,A,62,,ASN,2.941368579864502,False,False,False,True,ALA,2.4405,-155.368,-152.9275,mutant_minus_wildtype,ref2015,False,False,5.0,interface_1
A:B,A,B,A,63,,THR,3.489497423171997,False,False,False,True,ALA,0.0439,-155.368,-155.3241,mutant_minus_wildtype,ref2015,False,False,5.0,interface_1
A:B,A,B,A,66,,ILE,3.8215579986572266,False,False,False,True,ALA,1.4863,-155.368,-153.8817,mutant_minus_wildtype,ref2015,False,False,5.0,interface_1
A:B,A,B,A,86,,HIS,3.239682674407959,False,False,False,True,ALA,-0.1115,-155.368,-155.4795,mutant_minus_wildtype,ref2015,False,False,5.0,interface_1
A:B,A,B,A,90,,LYS,2.3175084590911865,False,False,False,True,ALA,0.5374,-155.368,-154.8306,mutant_minus_wildtype,ref2015,False,False,5.0,interface_1
A:B,A,B,A,91,,TYR,2.548905372619629,False,False,False,True,ALA,-0.5861,-155.368,-155.95409999999998,mutant_minus_wildtype,ref2015,False,False,5.0,interface_1
A:B,A,B,A,93,,HIS,4.203157424926758,False,False,False,True,ALA,0.458,-155.368,-154.91,mutant_minus_wildtype,ref2015,False,False,5.0,interface_1
A:B,A,B,A,159,,PHE,3.769681215286255,False,False,False,True,ALA,3.0526,-155.368,-152.31539999999998,mutant_minus_wildtype,ref2015,False,False,5.0,interface_1
A:B,A,B,A,160,,TRP,2.970332384109497,False,False,False,True,ALA,0.0161,-155.368,-155.3519,mutant_minus_wildtype,ref2015,False,False,5.0,interface_1
A:B,A,B,A,161,,GLY,3.302442789077759,False,True,False,False,ALA,-0.5292,-155.368,-155.8972,mutant_minus_wildtype,ref2015,False,False,5.0,interface_1
A:B,A,B,A,162,,PHE,3.15628981590271,False,False,False,True,ALA,0.4243,-155.368,-154.9437,mutant_minus_wildtype,ref2015,False,False,5.0,interface_1
A:B,A,B,A,163,,LEU,2.9965243339538574,False,False,False,True,ALA,3.0827,-155.368,-152.2853,mutant_minus_wildtype,ref2015,False,False,5.0,interface_1
A:B,A,B,A,165,,ASP,2.5489072799682617,False,False,False,True,ALA,-2.1502,-155.368,-157.5182,mutant_minus_wildtype,ref2015,False,False,5.0,interface_1
A:B,A,B,A,166,,GLU,2.3175082206726074,False,False,False,True,ALA,1.3271,-155.368,-154.0409,mutant_minus_wildtype,ref2015,False,False,5.0,interface_1
A:B,A,B,A,167,,TYR,2.9413673877716064,False,False,False,True,ALA,1.1297,-155.368,-154.23829999999998,mutant_minus_wildtype,ref2015,False,False,5.0,interface_1
A:B,A,B,A,168,,THR,3.6145496368408203,False,False,False,True,ALA,-0.3708,-155.368,-155.7388,mutant_minus_wildtype,ref2015,False,False,5.0,interface_1
A:B,A,B,A,169,,THR,3.19707989692688,False,False,False,True,ALA,1.3092,-155.368,-154.0588,mutant_minus_wildtype,ref2015,False,False,5.0,interface_1
A:B,A,B,A,170,,LEU,3.884331464767456,False,False,False,True,ALA,1.1516,-155.368,-154.2164,mutant_minus_wildtype,ref2015,False,False,5.0,interface_1
A:B,A,B,A,225,,ALA,3.198545217514038,True,False,False,False,ALA,0.0,-155.368,-155.368,mutant_minus_wildtype,ref2015,False,False,5.0,interface_1
A:B,A,B,A,226,,SER,3.7669894695281982,False,False,False,True,ALA,-0.9458,-155.368,-156.3138,mutant_minus_wildtype,ref2015,False,False,5.0,interface_1
A:B,A,B,A,228,,GLN,3.499847888946533,False,False,False,True,ALA,0.9501,-155.368,-154.4179,mutant_minus_wildtype,ref2015,False,False,5.0,interface_1
A:B,A,B,A,229,,ALA,3.770962953567505,True,False,False,False,ALA,0.0,-155.368,-155.368,mutant_minus_wildtype,ref2015,False,False,5.0,interface_1
A:B,A,B,A,231,,MET,4.078366756439209,False,False,False,True,ALA,1.0711,-155.368,-154.2969,mutant_minus_wildtype,ref2015,False,False,5.0,interface_1
A:B,A,B,A,232,,TYR,3.064666271209717,False,False,False,True,ALA,2.8596,-155.368,-152.5084,mutant_minus_wildtype,ref2015,False,False,5.0,interface_1
A:B,A,B,A,236,,GLU,2.7413582801818848,False,False,False,True,ALA,-6.2583,-155.368,-161.6263,mutant_minus_wildtype,ref2015,False,False,5.0,interface_1
A:B,A,B,A,239,,LEU,4.054594993591309,False,False,False,True,ALA,0.3817,-155.368,-154.9863,mutant_minus_wildtype,ref2015,False,False,5.0,interface_1
A:B,A,B,A,247,,THR,4.06548547744751,False,False,False,True,ALA,-0.0291,-155.368,-155.3971,mutant_minus_wildtype,ref2015,False,False,5.0,interface_1
A:B,A,B,A,256,,HIS,2.9647340774536133,False,False,False,True,ALA,-3.4944,-155.368,-158.8624,mutant_minus_wildtype,ref2015,False,False,5.0,interface_1
A:B,A,B,A,283,,ASP,3.5950255393981934,False,False,False,True,ALA,0.3311,-155.368,-155.0369,mutant_minus_wildtype,ref2015,False,False,5.0,interface_1
A:B,A,B,A,284,,PRO,3.214308500289917,False,False,True,False,ALA,0.6524,-155.368,-154.7156,mutant_minus_wildtype,ref2015,False,False,5.0,interface_1
A:B,A,B,A,285,,ASN,2.8833768367767334,False,False,False,True,ALA,1.9138,-155.368,-153.4542,mutant_minus_wildtype,ref2015,False,False,5.0,interface_1
A:B,A,B,A,286,,GLY,3.413964033126831,False,True,False,False,ALA,-0.1647,-155.368,-155.5327,mutant_minus_wildtype,ref2015,False,False,5.0,interface_1
A:B,A,B,A,287,,LEU,2.784263849258423,False,False,False,True,ALA,1.2649,-155.368,-154.10309999999998,mutant_minus_wildtype,ref2015,False,False,5.0,interface_1
A:B,A,B,A,288,,ILE,3.843357801437378,False,False,False,True,ALA,1.3888,-155.368,-153.9792,mutant_minus_wildtype,ref2015,False,False,5.0,interface_1
A:B,A,B,A,289,,LYS,2.9260432720184326,False,False,False,True,ALA,0.1292,-155.368,-155.2388,mutant_minus_wildtype,ref2015,False,False,5.0,interface_1
A:B,A,B,A,290,,CYS,3.5731897354125977,False,False,False,True,ALA,2.7723,-155.368,-152.5957,mutant_minus_wildtype,ref2015,False,False,5.0,interface_1
A:B,A,B,A,291,,THR,2.7470641136169434,False,False,False,True,ALA,-0.6136,-155.368,-155.9816,mutant_minus_wildtype,ref2015,False,False,5.0,interface_1
A:B,A,B,A,292,,VAL,3.3478832244873047,False,False,False,True,ALA,1.5567,-155.368,-153.8113,mutant_minus_wildtype,ref2015,False,False,5.0,interface_1
A:B,A,B,A,293,,GLY,2.8951947689056396,False,True,False,False,ALA,65.2027,-155.368,-90.1653,mutant_minus_wildtype,ref2015,False,False,5.0,interface_1
A:B,A,B,A,294,,ARG,4.53688907623291,False,False,False,True,ALA,-0.0143,-155.368,-155.3823,mutant_minus_wildtype,ref2015,False,False,5.0,interface_1
A:B,A,B,A,295,,SER,2.79890775680542,False,False,False,True,ALA,-3.1017,-155.368,-158.4697,mutant_minus_wildtype,ref2015,False,False,5.0,interface_1
A:B,B,A,B,1,,SER,2.7413582801818848,False,False,False,True,ALA,-8.0781,-155.368,-163.4461,mutant_minus_wildtype,ref2015,False,False,5.0,interface_1
A:B,B,A,B,2,,ALA,2.8951947689056396,True,False,False,False,ALA,0.0,-155.368,-155.368,mutant_minus_wildtype,ref2015,False,False,5.0,interface_1
A:B,B,A,B,3,,VAL,3.5006766319274902,False,False,False,True,ALA,2.0054,-155.368,-153.3626,mutant_minus_wildtype,ref2015,False,False,5.0,interface_1
A:B,B,A,B,4,,LYS,2.7470641136169434,False,False,False,True,ALA,-0.0166,-155.368,-155.3846,mutant_minus_wildtype,ref2015,False,False,5.0,interface_1
A:B,B,A,B,5,,ALA,2.8542590141296387,True,False,False,False,ALA,0.0,-155.368,-155.368,mutant_minus_wildtype,ref2015,False,False,5.0,interface_1
A:B,B,A,B,6,,ALA,3.630676507949829,True,False,False,False,ALA,0.0,-155.368,-155.368,mutant_minus_wildtype,ref2015,False,False,5.0,interface_1
A:B,B,A,B,7,,ARG,2.9260432720184326,False,False,False,True,ALA,0.1113,-155.368,-155.2567,mutant_minus_wildtype,ref2015,False,False,5.0,interface_1
A:B,B,A,B,8,,TYR,3.2555673122406006,False,False,False,True,ALA,-0.5341,-155.368,-155.9021,mutant_minus_wildtype,ref2015,False,False,5.0,interface_1
A:B,B,A,B,9,,GLY,2.784263849258423,False,True,False,False,ALA,0.0164,-155.368,-155.3516,mutant_minus_wildtype,ref2015,False,False,5.0,interface_1
A:B,B,A,B,10,,LYS,2.9647340774536133,False,False,False,True,ALA,-4.3704,-155.368,-159.73839999999998,mutant_minus_wildtype,ref2015,False,False,5.0,interface_1
A:B,B,A,B,11,,ASP,2.8833768367767334,False,False,False,True,ALA,-0.5814,-155.368,-155.9494,mutant_minus_wildtype,ref2015,False,False,5.0,interface_1
A:B,B,A,B,12,,ASN,2.9233791828155518,False,False,False,True,ALA,0.919,-155.368,-154.44899999999998,mutant_minus_wildtype,ref2015,False,False,5.0,interface_1
A:B,B,A,B,13,,VAL,3.709307909011841,False,False,False,True,ALA,0.4131,-155.368,-154.9549,mutant_minus_wildtype,ref2015,False,False,5.0,interface_1
A:B,B,A,B,14,,ARG,3.7855474948883057,False,False,False,True,ALA,1.0477,-155.368,-154.3203,mutant_minus_wildtype,ref2015,False,False,5.0,interface_1
A:B,B,A,B,35,,CYS,4.856469631195068,False,False,False,True,ALA,0.3401,-155.368,-155.0279,mutant_minus_wildtype,ref2015,False,False,5.0,interface_1
A:B,B,A,B,37,,LEU,4.029307842254639,False,False,False,True,ALA,2.2264,-155.368,-153.14159999999998,mutant_minus_wildtype,ref2015,False,False,5.0,interface_1
A:B,B,A,B,45,,SER,3.770962953567505,False,False,False,True,ALA,-0.4542,-155.368,-155.82219999999998,mutant_minus_wildtype,ref2015,False,False,5.0,interface_1
A:B,B,A,B,46,,TYR,2.9559969902038574,False,False,False,True,ALA,5.6863,-155.368,-149.6817,mutant_minus_wildtype,ref2015,False,False,5.0,interface_1
A:B,B,A,B,47,,THR,3.562856674194336,False,False,False,True,ALA,-0.012,-155.368,-155.38,mutant_minus_wildtype,ref2015,False,False,5.0,interface_1
A:B,B,A,B,49,,ALA,3.915468692779541,True,False,False,False,ALA,0.0,-155.368,-155.368,mutant_minus_wildtype,ref2015,False,False,5.0,interface_1
A:B,B,A,B,51,,ASN,2.970332384109497,False,False,False,True,ALA,2.0284,-155.368,-153.3396,mutant_minus_wildtype,ref2015,False,False,5.0,interface_1
A:B,B,A,B,52,,SER,3.362377405166626,False,False,False,True,ALA,0.1553,-155.368,-155.21269999999998,mutant_minus_wildtype,ref2015,False,False,5.0,interface_1
A:B,B,A,B,54,,ILE,2.9965243339538574,False,False,False,True,ALA,2.5565,-155.368,-152.8115,mutant_minus_wildtype,ref2015,False,False,5.0,interface_1
A:B,B,A,B,55,,VAL,4.144179344177246,False,False,False,True,ALA,0.9884,-155.368,-154.37959999999998,mutant_minus_wildtype,ref2015,False,False,5.0,interface_1
A:B,B,A,B,56,,ALA,3.884331464767456,True,False,False,False,ALA,0.0,-155.368,-155.368,mutant_minus_wildtype,ref2015,False,False,5.0,interface_1
A:B,B,A,B,57,,THR,4.032150745391846,False,False,False,True,ALA,0.5518,-155.368,-154.8162,mutant_minus_wildtype,ref2015,False,False,5.0,interface_1
A:B,B,A,B,58,,ASP,3.3675153255462646,False,False,False,True,ALA,0.3515,-155.368,-155.0165,mutant_minus_wildtype,ref2015,False,False,5.0,interface_1
A:B,B,A,B,59,,SER,3.6145496368408203,False,False,False,True,ALA,-1.3411,-155.368,-156.7091,mutant_minus_wildtype,ref2015,False,False,5.0,interface_1
A:B,B,A,B,61,,LYS,3.8445041179656982,False,False,False,True,ALA,-0.1053,-155.368,-155.4733,mutant_minus_wildtype,ref2015,False,False,5.0,interface_1
A:B,B,A,B,62,,ASN,2.9413673877716064,False,False,False,True,ALA,2.4405,-155.368,-152.9275,mutant_minus_wildtype,ref2015,False,False,5.0,interface_1
A:B,B,A,B,63,,THR,3.4895005226135254,False,False,False,True,ALA,0.0439,-155.368,-155.3241,mutant_minus_wildtype,ref2015,False,False,5.0,interface_1
A:B,B,A,B,66,,ILE,3.821556568145752,False,False,False,True,ALA,1.4863,-155.368,-153.8817,mutant_minus_wildtype,ref2015,False,False,5.0,interface_1
A:B,B,A,B,86,,HIS,3.2396795749664307,False,False,False,True,ALA,-0.1115,-155.368,-155.4795,mutant_minus_wildtype,ref2015,False,False,5.0,interface_1
A:B,B,A,B,90,,LYS,2.3175082206726074,False,False,False,True,ALA,0.5374,-155.368,-154.8306,mutant_minus_wildtype,ref2015,False,False,5.0,interface_1
A:B,B,A,B,91,,TYR,2.5489072799682617,False,False,False,True,ALA,-0.5861,-155.368,-155.95409999999998,mutant_minus_wildtype,ref2015,False,False,5.0,interface_1
A:B,B,A,B,93,,HIS,4.203157901763916,False,False,False,True,ALA,0.458,-155.368,-154.91,mutant_minus_wildtype,ref2015,False,False,5.0,interface_1
A:B,B,A,B,159,,PHE,3.7696826457977295,False,False,False,True,ALA,3.0526,-155.368,-152.31539999999998,mutant_minus_wildtype,ref2015,False,False,5.0,interface_1
A:B,B,A,B,160,,TRP,2.9703285694122314,False,False,False,True,ALA,0.0161,-155.368,-155.3519,mutant_minus_wildtype,ref2015,False,False,5.0,interface_1
A:B,B,A,B,161,,GLY,3.302446126937866,False,True,False,False,ALA,-0.5292,-155.368,-155.8972,mutant_minus_wildtype,ref2015,False,False,5.0,interface_1
A:B,B,A,B,162,,PHE,3.1562881469726562,False,False,False,True,ALA,0.4243,-155.368,-154.9437,mutant_minus_wildtype,ref2015,False,False,5.0,interface_1
A:B,B,A,B,163,,LEU,2.9965262413024902,False,False,False,True,ALA,3.0827,-155.368,-152.2853,mutant_minus_wildtype,ref2015,False,False,5.0,interface_1
A:B,B,A,B,165,,ASP,2.548905372619629,False,False,False,True,ALA,-2.1502,-155.368,-157.5182,mutant_minus_wildtype,ref2015,False,False,5.0,interface_1
A:B,B,A,B,166,,GLU,2.3175084590911865,False,False,False,True,ALA,1.3271,-155.368,-154.0409,mutant_minus_wildtype,ref2015,False,False,5.0,interface_1
A:B,B,A,B,167,,TYR,2.941368579864502,False,False,False,True,ALA,1.1297,-155.368,-154.23829999999998,mutant_minus_wildtype,ref2015,False,False,5.0,interface_1
A:B,B,A,B,168,,THR,3.6145479679107666,False,False,False,True,ALA,-0.3708,-155.368,-155.7388,mutant_minus_wildtype,ref2015,False,False,5.0,interface_1
A:B,B,A,B,169,,THR,3.1970789432525635,False,False,False,True,ALA,1.3092,-155.368,-154.0588,mutant_minus_wildtype,ref2015,False,False,5.0,interface_1
A:B,B,A,B,170,,LEU,3.884331464767456,False,False,False,True,ALA,1.1516,-155.368,-154.2164,mutant_minus_wildtype,ref2015,False,False,5.0,interface_1
A:B,B,A,B,225,,ALA,3.198545217514038,True,False,False,False,ALA,0.0,-155.368,-155.368,mutant_minus_wildtype,ref2015,False,False,5.0,interface_1
A:B,B,A,B,226,,SER,3.766993284225464,False,False,False,True,ALA,-0.9458,-155.368,-156.3138,mutant_minus_wildtype,ref2015,False,False,5.0,interface_1
A:B,B,A,B,228,,GLN,3.499847888946533,False,False,False,True,ALA,0.9501,-155.368,-154.4179,mutant_minus_wildtype,ref2015,False,False,5.0,interface_1
A:B,B,A,B,229,,ALA,3.770962953567505,True,False,False,False,ALA,0.0,-155.368,-155.368,mutant_minus_wildtype,ref2015,False,False,5.0,interface_1
A:B,B,A,B,231,,MET,4.078365325927734,False,False,False,True,ALA,1.0711,-155.368,-154.2969,mutant_minus_wildtype,ref2015,False,False,5.0,interface_1
A:B,B,A,B,232,,TYR,3.064666271209717,False,False,False,True,ALA,2.8596,-155.368,-152.5084,mutant_minus_wildtype,ref2015,False,False,5.0,interface_1
A:B,B,A,B,236,,GLU,2.7413575649261475,False,False,False,True,ALA,-6.2583,-155.368,-161.6263,mutant_minus_wildtype,ref2015,False,False,5.0,interface_1
A:B,B,A,B,239,,LEU,4.05459451675415,False,False,False,True,ALA,0.3817,-155.368,-154.9863,mutant_minus_wildtype,ref2015,False,False,5.0,interface_1
A:B,B,A,B,247,,THR,4.065485954284668,False,False,False,True,ALA,-0.0291,-155.368,-155.3971,mutant_minus_wildtype,ref2015,False,False,5.0,interface_1
A:B,B,A,B,256,,HIS,2.964736223220825,False,False,False,True,ALA,-3.4944,-155.368,-158.8624,mutant_minus_wildtype,ref2015,False,False,5.0,interface_1
A:B,B,A,B,283,,ASP,3.5950255393981934,False,False,False,True,ALA,0.3311,-155.368,-155.0369,mutant_minus_wildtype,ref2015,False,False,5.0,interface_1
A:B,B,A,B,284,,PRO,3.2143068313598633,False,False,True,False,ALA,0.6524,-155.368,-154.7156,mutant_minus_wildtype,ref2015,False,False,5.0,interface_1
A:B,B,A,B,285,,ASN,2.8833775520324707,False,False,False,True,ALA,1.9138,-155.368,-153.4542,mutant_minus_wildtype,ref2015,False,False,5.0,interface_1
A:B,B,A,B,286,,GLY,3.413961887359619,False,True,False,False,ALA,-0.1647,-155.368,-155.5327,mutant_minus_wildtype,ref2015,False,False,5.0,interface_1
A:B,B,A,B,287,,LEU,2.7842650413513184,False,False,False,True,ALA,1.2649,-155.368,-154.10309999999998,mutant_minus_wildtype,ref2015,False,False,5.0,interface_1
A:B,B,A,B,288,,ILE,3.843358039855957,False,False,False,True,ALA,1.3888,-155.368,-153.9792,mutant_minus_wildtype,ref2015,False,False,5.0,interface_1
A:B,B,A,B,289,,LYS,2.9260425567626953,False,False,False,True,ALA,0.1292,-155.368,-155.2388,mutant_minus_wildtype,ref2015,False,False,5.0,interface_1
A:B,B,A,B,290,,CYS,3.5731897354125977,False,False,False,True,ALA,2.7723,-155.368,-152.5957,mutant_minus_wildtype,ref2015,False,False,5.0,interface_1
A:B,B,A,B,291,,THR,2.7470641136169434,False,False,False,True,ALA,-0.6136,-155.368,-155.9816,mutant_minus_wildtype,ref2015,False,False,5.0,interface_1
A:B,B,A,B,292,,VAL,3.3478832244873047,False,False,False,True,ALA,1.5567,-155.368,-153.8113,mutant_minus_wildtype,ref2015,False,False,5.0,interface_1
A:B,B,A,B,293,,GLY,2.8951947689056396,False,True,False,False,ALA,65.2027,-155.368,-90.1653,mutant_minus_wildtype,ref2015,False,False,5.0,interface_1
A:B,B,A,B,294,,ARG,4.536888599395752,False,False,False,True,ALA,-0.0143,-155.368,-155.3823,mutant_minus_wildtype,ref2015,False,False,5.0,interface_1
A:B,B,A,B,295,,SER,2.7989072799682617,False,False,False,True,ALA,-3.1017,-155.368,-158.4697,mutant_minus_wildtype,ref2015,False,False,5.0,interface_1
A:D,A,D,A,14,,ARG,2.957092523574829,False,False,False,True,ALA,-0.4753,-58.2047,-58.68,mutant_minus_wildtype,ref2015,False,False,5.0,interface_2
A:D,A,D,A,15,,VAL,3.899864912033081,False,False,False,True,ALA,0.6947,-58.2047,-57.510000000000005,mutant_minus_wildtype,ref2015,False,False,5.0,interface_2
A:D,A,D,A,16,,TYR,2.962909698486328,False,False,False,True,ALA,5.1482,-58.2047,-53.0565,mutant_minus_wildtype,ref2015,False,False,5.0,interface_2
A:D,A,D,A,17,,LYS,3.2497239112854004,False,False,False,True,ALA,1.2828,-58.2047,-56.9219,mutant_minus_wildtype,ref2015,False,False,5.0,interface_2
A:D,A,D,A,18,,VAL,3.0183568000793457,False,False,False,True,ALA,1.8989,-58.2047,-56.305800000000005,mutant_minus_wildtype,ref2015,False,False,5.0,interface_2
A:D,A,D,A,20,,LYS,4.521500587463379,False,False,False,True,ALA,1.1448,-58.2047,-57.0599,mutant_minus_wildtype,ref2015,False,False,5.0,interface_2
A:D,A,D,A,27,,GLN,2.718141555786133,False,False,False,True,ALA,-0.6906,-58.2047,-58.895300000000006,mutant_minus_wildtype,ref2015,False,False,5.0,interface_2
A:D,A,D,A,29,,VAL,3.8757591247558594,False,False,False,True,ALA,1.1704,-58.2047,-57.0343,mutant_minus_wildtype,ref2015,False,False,5.0,interface_2
A:D,A,D,A,31,,GLU,2.5927674770355225,False,False,False,True,ALA,3.2349,-58.2047,-54.9698,mutant_minus_wildtype,ref2015,False,False,5.0,interface_2
A:D,A,D,A,62,,ASN,3.5741493701934814,False,False,False,True,ALA,0.4827,-58.2047,-57.722,mutant_minus_wildtype,ref2015,False,False,5.0,interface_2
A:D,A,D,A,65,,TYR,3.673402786254883,False,False,False,True,ALA,2.5967,-58.2047,-55.608000000000004,mutant_minus_wildtype,ref2015,False,False,5.0,interface_2
A:D,A,D,A,66,,ILE,3.7644360065460205,False,False,False,True,ALA,4.5233,-58.2047,-53.681400000000004,mutant_minus_wildtype,ref2015,False,False,5.0,interface_2
A:D,A,D,A,68,,ALA,3.854556083679199,True,False,False,False,ALA,0.0,-58.2047,-58.2047,mutant_minus_wildtype,ref2015,False,False,5.0,interface_2
A:D,A,D,A,69,,LYS,2.4018783569335938,False,False,False,True,ALA,2.9537,-58.2047,-55.251000000000005,mutant_minus_wildtype,ref2015,False,False,5.0,interface_2
A:D,A,D,A,70,,GLN,3.8504321575164795,False,False,False,True,ALA,1.6192,-58.2047,-56.5855,mutant_minus_wildtype,ref2015,False,False,5.0,interface_2
A:D,A,D,A,106,,TRP,3.6267154216766357,False,False,False,True,ALA,5.7799,-58.2047,-52.424800000000005,mutant_minus_wildtype,ref2015,False,False,5.0,interface_2
A:D,A,D,A,109,,MET,3.4392571449279785,False,False,False,True,ALA,4.7968,-58.2047,-53.407900000000005,mutant_minus_wildtype,ref2015,False,False,5.0,interface_2
A:D,A,D,A,111,,ILE,3.7296667098999023,False,False,False,True,ALA,3.7542,-58.2047,-54.450500000000005,mutant_minus_wildtype,ref2015,False,False,5.0,interface_2
A:D,A,D,A,112,,ASP,2.8754591941833496,False,False,False,True,ALA,1.7114,-58.2047,-56.493300000000005,mutant_minus_wildtype,ref2015,False,False,5.0,interface_2
A:D,A,D,A,114,,LYS,4.473071575164795,False,False,False,True,ALA,-0.7589,-58.2047,-58.9636,mutant_minus_wildtype,ref2015,False,False,5.0,interface_2
A:D,A,D,A,116,,HIS,3.172312021255493,False,False,False,True,ALA,1.615,-58.2047,-56.5897,mutant_minus_wildtype,ref2015,False,False,5.0,interface_2
A:D,A,D,A,118,,HIS,3.1674957275390625,False,False,False,True,ALA,0.8978,-58.2047,-57.306900000000006,mutant_minus_wildtype,ref2015,False,False,5.0,interface_2
A:D,A,D,A,119,,SER,3.3735897541046143,False,False,False,True,ALA,-1.9675,-58.2047,-60.172200000000004,mutant_minus_wildtype,ref2015,False,False,5.0,interface_2
A:D,A,D,A,120,,PHE,2.8156750202178955,False,False,False,True,ALA,1.3252,-58.2047,-56.8795,mutant_minus_wildtype,ref2015,False,False,5.0,interface_2
A:D,A,D,A,121,,ILE,3.527337074279785,False,False,False,True,ALA,2.3496,-58.2047,-55.8551,mutant_minus_wildtype,ref2015,False,False,5.0,interface_2
A:D,A,D,A,122,,ARG,3.054396867752075,False,False,False,True,ALA,-0.2925,-58.2047,-58.4972,mutant_minus_wildtype,ref2015,False,False,5.0,interface_2
A:D,A,D,A,123,,ASP,1.4957611560821533,False,False,False,True,ALA,-0.1992,-58.2047,-58.4039,mutant_minus_wildtype,ref2015,False,False,5.0,interface_2
A:D,A,D,A,124,,SER,3.3067739009857178,False,False,False,True,ALA,-0.8631,-58.2047,-59.067800000000005,mutant_minus_wildtype,ref2015,False,False,5.0,interface_2
A:D,A,D,A,125,,GLU,4.627833843231201,False,False,False,True,ALA,-0.1437,-58.2047,-58.348400000000005,mutant_minus_wildtype,ref2015,False,False,5.0,interface_2
A:D,A,D,A,149,,LEU,3.5273349285125732,False,False,False,True,ALA,0.9649,-58.2047,-57.2398,mutant_minus_wildtype,ref2015,False,False,5.0,interface_2
A:D,A,D,A,150,,THR,3.0544002056121826,False,False,False,True,ALA,0.9491,-58.2047,-57.2556,mutant_minus_wildtype,ref2015,False,False,5.0,interface_2
A:D,A,D,A,151,,VAL,3.3586859703063965,False,False,False,True,ALA,1.1644,-58.2047,-57.0403,mutant_minus_wildtype,ref2015,False,False,5.0,interface_2
A:D,A,D,A,152,,LEU,2.8156750202178955,False,False,False,True,ALA,4.3437,-58.2047,-53.861000000000004,mutant_minus_wildtype,ref2015,False,False,5.0,interface_2
A:D,A,D,A,153,,LYS,3.272109270095825,False,False,False,True,ALA,-1.0841,-58.2047,-59.2888,mutant_minus_wildtype,ref2015,False,False,5.0,interface_2
A:D,A,D,A,154,,SER,2.7181403636932373,False,False,False,True,ALA,-3.0032,-58.2047,-61.2079,mutant_minus_wildtype,ref2015,False,False,5.0,interface_2
A:D,A,D,A,155,,THR,3.4851136207580566,False,False,False,True,ALA,0.9529,-58.2047,-57.2518,mutant_minus_wildtype,ref2015,False,False,5.0,interface_2
A:D,A,D,A,156,,ASN,3.5496227741241455,False,False,False,True,ALA,0.0389,-58.2047,-58.165800000000004,mutant_minus_wildtype,ref2015,False,False,5.0,interface_2
A:D,A,D,A,175,,ASP,4.631587505340576,False,False,False,True,ALA,0.5428,-58.2047,-57.6619,mutant_minus_wildtype,ref2015,False,False,5.0,interface_2
A:D,A,D,A,177,,ILE,3.445075035095215,False,False,False,True,ALA,1.5896,-58.2047,-56.615100000000005,mutant_minus_wildtype,ref2015,False,False,5.0,interface_2
A:D,A,D,A,179,,SER,3.923677682876587,False,False,False,True,ALA,-0.1812,-58.2047,-58.3859,mutant_minus_wildtype,ref2015,False,False,5.0,interface_2
A:D,A,D,A,212,,ARG,4.166312217712402,False,False,False,True,ALA,0.2319,-58.2047,-57.9728,mutant_minus_wildtype,ref2015,False,False,5.0,interface_2
A:D,A,D,A,216,,LEU,3.9982922077178955,False,False,False,True,ALA,1.6688,-58.2047,-56.535900000000005,mutant_minus_wildtype,ref2015,False,False,5.0,interface_2
A:D,A,D,A,217,,LYS,2.8754568099975586,False,False,False,True,ALA,1.2907,-58.2047,-56.914,mutant_minus_wildtype,ref2015,False,False,5.0,interface_2
A:D,A,D,A,219,,PHE,3.859434127807617,False,False,False,True,ALA,0.9597,-58.2047,-57.245000000000005,mutant_minus_wildtype,ref2015,False,False,5.0,interface_2
A:D,A,D,A,220,,ALA,3.1723146438598633,True,False,False,False,ALA,0.0,-58.2047,-58.2047,mutant_minus_wildtype,ref2015,False,False,5.0,interface_2
A:D,A,D,A,221,,GLU,3.7296667098999023,False,False,False,True,ALA,0.3557,-58.2047,-57.849000000000004,mutant_minus_wildtype,ref2015,False,False,5.0,interface_2
A:D,A,D,A,257,,TYR,2.5927674770355225,False,False,False,True,ALA,4.5544,-58.2047,-53.6503,mutant_minus_wildtype,ref2015,False,False,5.0,interface_2
A:D,A,D,A,260,,ILE,3.673403739929199,False,False,False,True,ALA,3.056,-58.2047,-55.148700000000005,mutant_minus_wildtype,ref2015,False,False,5.0,interface_2
A:D,A,D,A,262,,LEU,4.18051290512085,False,False,False,True,ALA,3.3672,-58.2047,-54.837500000000006,mutant_minus_wildtype,ref2015,False,False,5.0,interface_2
A:D,A,D,A,264,,TRP,3.574150323867798,False,False,False,True,ALA,2.4133,-58.2047,-55.7914,mutant_minus_wildtype,ref2015,False,False,5.0,interface_2
A:D,A,D,A,265,,HIS,3.7644400596618652,False,False,False,True,ALA,1.7388,-58.2047,-56.465900000000005,mutant_minus_wildtype,ref2015,False,False,5.0,interface_2
A:D,A,D,A,268,,LEU,3.8504345417022705,False,False,False,True,ALA,3.6208,-58.2047,-54.5839,mutant_minus_wildtype,ref2015,False,False,5.0,interface_2
A:D,A,D,A,269,,GLN,3.0489938259124756,False,False,False,True,ALA,-0.0185,-58.2047,-58.223200000000006,mutant_minus_wildtype,ref2015,False,False,5.0,interface_2
A:D,A,D,A,270,,ASN,3.32096004486084,False,False,False,True,ALA,1.4764,-58.2047,-56.728300000000004,mutant_minus_wildtype,ref2015,False,False,5.0,interface_2
A:D,A,D,A,274,,ASN,3.2188236713409424,False,False,False,True,ALA,-0.0647,-58.2047,-58.269400000000005,mutant_minus_wildtype,ref2015,False,False,5.0,interface_2
A:D,A,D,A,275,,ALA,4.180599212646484,True,False,False,False,ALA,0.0,-58.2047,-58.2047,mutant_minus_wildtype,ref2015,False,False,5.0,interface_2
A:D,A,D,A,276,,GLU,2.4018795490264893,False,False,False,True,ALA,0.7036,-58.2047,-57.5011,mutant_minus_wildtype,ref2015,False,False,5.0,interface_2
A:D,A,D,A,277,,VAL,3.3824000358581543,False,False,False,True,ALA,5.2471,-58.2047,-52.9576,mutant_minus_wildtype,ref2015,False,False,5.0,interface_2
A:D,A,D,A,278,,PHE,2.9629111289978027,False,False,False,True,ALA,0.8283,-58.2047,-57.376400000000004,mutant_minus_wildtype,ref2015,False,False,5.0,interface_2
A:D,A,D,A,279,,ALA,4.358984470367432,True,False,False,False,ALA,0.0,-58.2047,-58.2047,mutant_minus_wildtype,ref2015,False,False,5.0,interface_2
A:D,A,D,A,280,,PRO,3.5903985500335693,False,False,True,False,ALA,0.8698,-58.2047,-57.334900000000005,mutant_minus_wildtype,ref2015,False,False,5.0,interface_2
A:D,A,D,A,281,,GLN,3.7975223064422607,False,False,False,True,ALA,0.0,-58.2047,-58.2047,mutant_minus_wildtype,ref2015,False,False,5.0,interface_2
A:D,A,D,A,282,,SER,2.95709228515625,False,False,False,True,ALA,-0.268,-58.2047,-58.4727,mutant_minus_wildtype,ref2015,False,False,5.0,interface_2
A:D,D,A,B,14,,ARG,2.95709228515625,False,False,False,True,ALA,-0.4753,-58.2047,-58.68,mutant_minus_wildtype,ref2015,False,False,5.0,interface_2
A:D,D,A,B,15,,VAL,3.8998677730560303,False,False,False,True,ALA,0.6947,-58.2047,-57.510000000000005,mutant_minus_wildtype,ref2015,False,False,5.0,interface_2
A:D,D,A,B,16,,TYR,2.9629111289978027,False,False,False,True,ALA,5.1482,-58.2047,-53.0565,mutant_minus_wildtype,ref2015,False,False,5.0,interface_2
A:D,D,A,B,17,,LYS,3.2497243881225586,False,False,False,True,ALA,1.2828,-58.2047,-56.9219,mutant_minus_wildtype,ref2015,False,False,5.0,interface_2
A:D,D,A,B,18,,VAL,3.0183582305908203,False,False,False,True,ALA,1.8989,-58.2047,-56.305800000000005,mutant_minus_wildtype,ref2015,False,False,5.0,interface_2
A:D,D,A,B,20,,LYS,4.521501064300537,False,False,False,True,ALA,1.1448,-58.2047,-57.0599,mutant_minus_wildtype,ref2015,False,False,5.0,interface_2
A:D,D,A,B,27,,GLN,2.7181403636932373,False,False,False,True,ALA,-0.6906,-58.2047,-58.895300000000006,mutant_minus_wildtype,ref2015,False,False,5.0,interface_2
A:D,D,A,B,29,,VAL,3.875763416290283,False,False,False,True,ALA,1.1704,-58.2047,-57.0343,mutant_minus_wildtype,ref2015,False,False,5.0,interface_2
A:D,D,A,B,31,,GLU,2.5927674770355225,False,False,False,True,ALA,3.2349,-58.2047,-54.9698,mutant_minus_wildtype,ref2015,False,False,5.0,interface_2
A:D,D,A,B,62,,ASN,3.574150323867798,False,False,False,True,ALA,0.4827,-58.2047,-57.722,mutant_minus_wildtype,ref2015,False,False,5.0,interface_2
A:D,D,A,B,65,,TYR,3.673403739929199,False,False,False,True,ALA,2.5967,-58.2047,-55.608000000000004,mutant_minus_wildtype,ref2015,False,False,5.0,interface_2
A:D,D,A,B,66,,ILE,3.7644400596618652,False,False,False,True,ALA,4.5233,-58.2047,-53.681400000000004,mutant_minus_wildtype,ref2015,False,False,5.0,interface_2
A:D,D,A,B,68,,ALA,3.854559898376465,True,False,False,False,ALA,0.0,-58.2047,-58.2047,mutant_minus_wildtype,ref2015,False,False,5.0,interface_2
A:D,D,A,B,69,,LYS,2.4018795490264893,False,False,False,True,ALA,2.9537,-58.2047,-55.251000000000005,mutant_minus_wildtype,ref2015,False,False,5.0,interface_2
A:D,D,A,B,70,,GLN,3.8504345417022705,False,False,False,True,ALA,1.6192,-58.2047,-56.5855,mutant_minus_wildtype,ref2015,False,False,5.0,interface_2
A:D,D,A,B,106,,TRP,3.6267154216766357,False,False,False,True,ALA,5.7799,-58.2047,-52.424800000000005,mutant_minus_wildtype,ref2015,False,False,5.0,interface_2
A:D,D,A,B,109,,MET,3.4392569065093994,False,False,False,True,ALA,4.7968,-58.2047,-53.407900000000005,mutant_minus_wildtype,ref2015,False,False,5.0,interface_2
A:D,D,A,B,111,,ILE,3.7296667098999023,False,False,False,True,ALA,3.7542,-58.2047,-54.450500000000005,mutant_minus_wildtype,ref2015,False,False,5.0,interface_2
A:D,D,A,B,112,,ASP,2.8754568099975586,False,False,False,True,ALA,1.7114,-58.2047,-56.493300000000005,mutant_minus_wildtype,ref2015,False,False,5.0,interface_2
A:D,D,A,B,114,,LYS,4.473074436187744,False,False,False,True,ALA,-0.7589,-58.2047,-58.9636,mutant_minus_wildtype,ref2015,False,False,5.0,interface_2
A:D,D,A,B,116,,HIS,3.1723146438598633,False,False,False,True,ALA,1.615,-58.2047,-56.5897,mutant_minus_wildtype,ref2015,False,False,5.0,interface_2
A:D,D,A,B,118,,HIS,3.167497396469116,False,False,False,True,ALA,0.8978,-58.2047,-57.306900000000006,mutant_minus_wildtype,ref2015,False,False,5.0,interface_2
A:D,D,A,B,119,,SER,3.3735907077789307,False,False,False,True,ALA,-1.9675,-58.2047,-60.172200000000004,mutant_minus_wildtype,ref2015,False,False,5.0,interface_2
A:D,D,A,B,120,,PHE,2.8156750202178955,False,False,False,True,ALA,1.3252,-58.2047,-56.8795,mutant_minus_wildtype,ref2015,False,False,5.0,interface_2
A:D,D,A,B,121,,ILE,3.5273349285125732,False,False,False,True,ALA,2.3496,-58.2047,-55.8551,mutant_minus_wildtype,ref2015,False,False,5.0,interface_2
A:D,D,A,B,122,,ARG,3.0544002056121826,False,False,False,True,ALA,-0.2925,-58.2047,-58.4972,mutant_minus_wildtype,ref2015,False,False,5.0,interface_2
A:D,D,A,B,123,,ASP,1.4957611560821533,False,False,False,True,ALA,-0.1992,-58.2047,-58.4039,mutant_minus_wildtype,ref2015,False,False,5.0,interface_2
A:D,D,A,B,124,,SER,3.306772232055664,False,False,False,True,ALA,-0.8631,-58.2047,-59.067800000000005,mutant_minus_wildtype,ref2015,False,False,5.0,interface_2
A:D,D,A,B,125,,GLU,4.627833843231201,False,False,False,True,ALA,-0.1437,-58.2047,-58.348400000000005,mutant_minus_wildtype,ref2015,False,False,5.0,interface_2
A:D,D,A,B,149,,LEU,3.527337074279785,False,False,False,True,ALA,0.9649,-58.2047,-57.2398,mutant_minus_wildtype,ref2015,False,False,5.0,interface_2
A:D,D,A,B,150,,THR,3.054396867752075,False,False,False,True,ALA,0.9491,-58.2047,-57.2556,mutant_minus_wildtype,ref2015,False,False,5.0,interface_2
A:D,D,A,B,151,,VAL,3.3586859703063965,False,False,False,True,ALA,1.1644,-58.2047,-57.0403,mutant_minus_wildtype,ref2015,False,False,5.0,interface_2
A:D,D,A,B,152,,LEU,2.8156750202178955,False,False,False,True,ALA,4.3437,-58.2047,-53.861000000000004,mutant_minus_wildtype,ref2015,False,False,5.0,interface_2
A:D,D,A,B,153,,LYS,3.272109031677246,False,False,False,True,ALA,-1.0841,-58.2047,-59.2888,mutant_minus_wildtype,ref2015,False,False,5.0,interface_2
A:D,D,A,B,154,,SER,2.718141555786133,False,False,False,True,ALA,-3.0032,-58.2047,-61.2079,mutant_minus_wildtype,ref2015,False,False,5.0,interface_2
A:D,D,A,B,155,,THR,3.4851136207580566,False,False,False,True,ALA,0.9529,-58.2047,-57.2518,mutant_minus_wildtype,ref2015,False,False,5.0,interface_2
A:D,D,A,B,156,,ASN,3.549626111984253,False,False,False,True,ALA,0.0389,-58.2047,-58.165800000000004,mutant_minus_wildtype,ref2015,False,False,5.0,interface_2
A:D,D,A,B,175,,ASP,4.6315836906433105,False,False,False,True,ALA,0.5428,-58.2047,-57.6619,mutant_minus_wildtype,ref2015,False,False,5.0,interface_2
A:D,D,A,B,177,,ILE,3.445075511932373,False,False,False,True,ALA,1.5896,-58.2047,-56.615100000000005,mutant_minus_wildtype,ref2015,False,False,5.0,interface_2
A:D,D,A,B,179,,SER,3.923678159713745,False,False,False,True,ALA,-0.1812,-58.2047,-58.3859,mutant_minus_wildtype,ref2015,False,False,5.0,interface_2
A:D,D,A,B,212,,ARG,4.166312217712402,False,False,False,True,ALA,0.2319,-58.2047,-57.9728,mutant_minus_wildtype,ref2015,False,False,5.0,interface_2
A:D,D,A,B,216,,LEU,3.9982922077178955,False,False,False,True,ALA,1.6688,-58.2047,-56.535900000000005,mutant_minus_wildtype,ref2015,False,False,5.0,interface_2
A:D,D,A,B,217,,LYS,2.8754591941833496,False,False,False,True,ALA,1.2907,-58.2047,-56.914,mutant_minus_wildtype,ref2015,False,False,5.0,interface_2
A:D,D,A,B,219,,PHE,3.859438896179199,False,False,False,True,ALA,0.9597,-58.2047,-57.245000000000005,mutant_minus_wildtype,ref2015,False,False,5.0,interface_2
A:D,D,A,B,220,,ALA,3.172312021255493,True,False,False,False,ALA,0.0,-58.2047,-58.2047,mutant_minus_wildtype,ref2015,False,False,5.0,interface_2
A:D,D,A,B,221,,GLU,3.7296667098999023,False,False,False,True,ALA,0.3557,-58.2047,-57.849000000000004,mutant_minus_wildtype,ref2015,False,False,5.0,interface_2
A:D,D,A,B,257,,TYR,2.5927674770355225,False,False,False,True,ALA,4.5544,-58.2047,-53.6503,mutant_minus_wildtype,ref2015,False,False,5.0,interface_2
A:D,D,A,B,260,,ILE,3.673402786254883,False,False,False,True,ALA,3.056,-58.2047,-55.148700000000005,mutant_minus_wildtype,ref2015,False,False,5.0,interface_2
A:D,D,A,B,262,,LEU,4.18051290512085,False,False,False,True,ALA,3.3672,-58.2047,-54.837500000000006,mutant_minus_wildtype,ref2015,False,False,5.0,interface_2
A:D,D,A,B,264,,TRP,3.5741493701934814,False,False,False,True,ALA,2.4133,-58.2047,-55.7914,mutant_minus_wildtype,ref2015,False,False,5.0,interface_2
A:D,D,A,B,265,,HIS,3.7644360065460205,False,False,False,True,ALA,1.7388,-58.2047,-56.465900000000005,mutant_minus_wildtype,ref2015,False,False,5.0,interface_2
A:D,D,A,B,268,,LEU,3.8504321575164795,False,False,False,True,ALA,3.6208,-58.2047,-54.5839,mutant_minus_wildtype,ref2015,False,False,5.0,interface_2
A:D,D,A,B,269,,GLN,3.048990249633789,False,False,False,True,ALA,-0.0185,-58.2047,-58.223200000000006,mutant_minus_wildtype,ref2015,False,False,5.0,interface_2
A:D,D,A,B,270,,ASN,3.3209609985351562,False,False,False,True,ALA,1.4764,-58.2047,-56.728300000000004,mutant_minus_wildtype,ref2015,False,False,5.0,interface_2
A:D,D,A,B,274,,ASN,3.218827724456787,False,False,False,True,ALA,-0.0647,-58.2047,-58.269400000000005,mutant_minus_wildtype,ref2015,False,False,5.0,interface_2
A:D,D,A,B,275,,ALA,4.180595397949219,True,False,False,False,ALA,0.0,-58.2047,-58.2047,mutant_minus_wildtype,ref2015,False,False,5.0,interface_2
A:D,D,A,B,276,,GLU,2.4018783569335938,False,False,False,True,ALA,0.7036,-58.2047,-57.5011,mutant_minus_wildtype,ref2015,False,False,5.0,interface_2
A:D,D,A,B,277,,VAL,3.38240385055542,False,False,False,True,ALA,5.2471,-58.2047,-52.9576,mutant_minus_wildtype,ref2015,False,False,5.0,interface_2
A:D,D,A,B,278,,PHE,2.962909698486328,False,False,False,True,ALA,0.8283,-58.2047,-57.376400000000004,mutant_minus_wildtype,ref2015,False,False,5.0,interface_2
A:D,D,A,B,279,,ALA,4.358990669250488,True,False,False,False,ALA,0.0,-58.2047,-58.2047,mutant_minus_wildtype,ref2015,False,False,5.0,interface_2
A:D,D,A,B,280,,PRO,3.5903985500335693,False,False,True,False,ALA,0.8698,-58.2047,-57.334900000000005,mutant_minus_wildtype,ref2015,False,False,5.0,interface_2
A:D,D,A,B,281,,GLN,3.7975175380706787,False,False,False,True,ALA,0.0,-58.2047,-58.2047,mutant_minus_wildtype,ref2015,False,False,5.0,interface_2
A:D,D,A,B,282,,SER,2.957092523574829,False,False,False,True,ALA,-0.268,-58.2047,-58.4727,mutant_minus_wildtype,ref2015,False,False,5.0,interface_2
