pos_uniprot	pos_mature	wt_aa	C_i	C_i_nogap	gap_frac	sigma_raw	cn_sum	sigma_pct	C_pct	C_rank	sigma_rank	in_mature	active_site	cross_subunit	sigma_pct_0p5L	sigma_pct_1p0L	sigma_pct_2p0L	in_clean_sigma90	in_clean_sigma80	passes_C_negative_filter	passes_gap_filter
1	0	M	0.831200	0.931460	0.816740	0.000000	-2.550700	0.100990	0.976820	8	272	False	False	False	0.215232	0.100993	0.034768	False	False	False	False
2	1	S	0.674490	0.433720	0.748360	0.000000	-3.298670	0.100990	0.503310	151	272	True	False	False	0.215232	0.100993	0.109272	False	False	True	False
3	2	A	0.515060	0.196140	0.654580	0.000000	-3.274850	0.100990	0.112580	269	272	True	False	False	0.215232	0.100993	0.125828	False	False	True	False
4	3	V	0.668150	0.813860	0.363240	0.000000	-3.363860	0.100990	0.887420	35	272	True	False	False	0.215232	0.100993	0.149007	False	False	False	False
5	4	K	0.399270	0.392400	0.351380	1.860280	-3.439040	0.516560	0.453640	166	147	True	False	False	0.675497	0.516556	0.291391	False	False	True	False
6	5	A	0.256620	0.179840	0.339680	0.000000	-3.129720	0.100990	0.059600	285	272	True	False	False	0.215232	0.100993	0.105960	False	False	True	False
7	6	A	0.440990	0.476950	0.307830	0.889130	-3.118780	0.284770	0.569540	131	217	True	False	False	0.456954	0.284768	0.278146	False	False	True	False
8	7	R	0.343890	0.352120	0.272680	1.850520	-2.810210	0.509930	0.394040	184	149	True	False	False	0.215232	0.509934	0.543046	False	False	True	False
9	8	Y	0.752500	0.877940	0.165250	1.184220	-2.512610	0.350990	0.933770	21	197	True	True	True	0.215232	0.350993	0.741722	False	False	False	True
10	9	G	0.847640	0.990880	0.160780	0.740970	-2.759840	0.268210	1.000000	1	222	True	False	False	0.215232	0.268212	0.463576	False	False	False	True
11	10	K	0.803730	0.936570	0.158820	1.143740	-2.626430	0.331130	0.983440	6	203	True	True	True	0.215232	0.331126	0.576159	False	False	False	True
12	11	D	0.339770	0.376070	0.158240	1.059520	-2.423490	0.317880	0.427150	174	207	True	False	False	0.524834	0.317881	0.241722	False	False	True	True
13	12	N	0.266610	0.288000	0.156830	1.980320	-2.243610	0.556290	0.307950	210	135	True	False	False	0.215232	0.556291	0.427152	False	False	True	True
14	13	V	0.534250	0.610520	0.156450	0.995170	-2.608460	0.311260	0.738410	80	209	True	False	False	0.503311	0.311258	0.390728	False	False	False	True
15	14	R	0.506240	0.576410	0.154350	1.871810	-2.185360	0.523180	0.701990	91	145	True	False	False	0.215232	0.523179	0.672185	False	False	False	True
16	15	V	0.502110	0.570880	0.150950	3.308390	-2.034790	0.774830	0.692050	94	69	True	False	False	0.215232	0.774834	0.894040	False	False	False	True
17	16	Y	0.340350	0.376640	0.159930	4.858980	-2.104070	0.947020	0.430460	173	17	True	False	False	0.781457	0.947020	0.973510	True	True	True	True
18	17	K	0.515110	0.588340	0.161660	1.164060	-2.357110	0.341060	0.708610	89	200	True	False	False	0.215232	0.341060	0.423841	False	False	False	True
19	18	V	0.529270	0.604090	0.154290	2.009370	-1.936890	0.559600	0.731790	82	134	True	False	False	0.705298	0.559603	0.582781	False	False	False	True
20	19	H	0.137330	0.122590	0.180290	1.955210	-2.217590	0.546360	0.013250	299	138	True	False	False	0.688742	0.546358	0.377483	False	False	True	True
21	20	K	0.605460	0.704420	0.186080	0.000000	-3.104690	0.100990	0.824500	54	272	True	False	False	0.215232	0.100993	0.172185	False	False	False	True
22	21	D	0.321260	0.305860	0.300030	0.834110	-3.719550	0.281460	0.327810	204	218	True	False	False	0.447020	0.281457	0.201987	False	False	True	False
23	22	E	0.395140	0.306760	0.444010	0.000000	-5.192000	0.100990	0.331130	203	272	True	False	False	0.215232	0.100993	0.034768	False	False	True	False
24	23	K	0.275990	0.176220	0.374840	0.000000	-4.750540	0.100990	0.049670	288	272	True	False	False	0.215232	0.100993	0.072848	False	False	True	False
25	24	T	0.361860	0.334170	0.350820	0.000000	-4.468520	0.100990	0.374170	190	272	True	False	False	0.215232	0.100993	0.089404	False	False	True	False
26	25	G	0.377770	0.358080	0.352300	0.000000	-4.829010	0.100990	0.403970	181	272	True	False	False	0.215232	0.100993	0.099338	False	False	True	False
27	26	V	0.266850	0.263510	0.235980	0.600790	-3.485870	0.221850	0.261590	224	236	True	False	False	0.215232	0.221854	0.185430	False	False	True	False
28	27	Q	0.548150	0.627420	0.157130	0.000000	-2.407540	0.100990	0.774830	69	272	True	False	False	0.215232	0.100993	0.215232	False	False	False	True
29	28	T	0.200130	0.210700	0.145650	1.783460	-1.986000	0.483440	0.145700	259	157	True	False	False	0.662252	0.483444	0.271523	False	False	True	True
30	29	V	0.449820	0.505750	0.131190	3.023140	-1.507670	0.735100	0.596030	123	81	True	False	False	0.745033	0.735099	0.738411	False	False	False	True
31	30	Y	0.185750	0.197820	0.126050	4.135580	-1.706050	0.897350	0.119210	267	32	True	False	False	0.953642	0.897351	0.956954	False	True	True	True
32	31	E	0.545260	0.615200	0.123780	1.794230	-1.958720	0.490070	0.751660	76	155	True	False	False	0.559603	0.490066	0.615894	False	False	False	True
33	32	M	0.335460	0.371830	0.122710	3.731900	-1.427970	0.850990	0.423840	175	46	True	False	False	0.764901	0.850993	0.788079	False	True	True	True
34	33	T	0.353640	0.392760	0.120580	4.798750	-1.468320	0.940400	0.456950	165	19	True	False	False	0.890728	0.940397	0.960265	True	True	True	True
35	34	V	0.657010	0.742330	0.118410	2.569430	-1.414980	0.665560	0.857620	44	102	True	False	False	0.698675	0.665563	0.605960	False	False	False	True
36	35	C	0.212380	0.229810	0.118100	2.244140	-1.569870	0.599340	0.178810	249	122	True	False	False	0.524834	0.599338	0.645695	False	False	True	True
37	36	V	0.380530	0.423250	0.115160	5.216440	-1.406190	0.960260	0.486750	156	13	True	False	False	0.943709	0.960265	0.900662	True	True	True	True
38	37	L	0.219800	0.238630	0.115320	1.209190	-1.505510	0.354300	0.198680	243	196	True	False	False	0.215232	0.354305	0.344371	False	False	True	True
39	38	L	0.621490	0.699260	0.113460	1.784050	-1.513550	0.486750	0.821190	55	156	True	False	False	0.529801	0.486755	0.552980	False	False	False	True
40	39	E	0.225460	0.245350	0.112440	2.833470	-1.367940	0.711920	0.215230	238	88	True	False	False	0.635762	0.711921	0.887417	False	False	True	True
41	40	G	0.730240	0.823140	0.112080	0.000000	-1.976870	0.100990	0.903970	30	272	True	False	False	0.215232	0.100993	0.192053	False	False	False	True
42	41	E	0.467950	0.523090	0.112790	2.055780	-1.660620	0.576160	0.629140	113	129	True	False	False	0.721854	0.576159	0.331126	False	False	False	True
43	42	I	0.437460	0.487450	0.109230	1.951830	-1.889530	0.543050	0.589400	125	139	True	False	False	0.685430	0.543046	0.837748	False	False	True	True
44	43	E	0.235050	0.256570	0.107730	0.000000	-2.170570	0.100990	0.238410	231	272	True	False	False	0.215232	0.100993	0.034768	False	False	True	True
45	44	T	0.239750	0.261980	0.106440	3.442880	-2.225240	0.801320	0.254970	226	61	True	False	False	0.821192	0.801325	0.728477	False	True	True	True
46	45	S	0.399220	0.443300	0.106180	4.282200	-2.302310	0.913910	0.513250	148	27	True	False	False	0.627483	0.913907	0.953642	True	True	True	True
47	46	Y	0.566660	0.633470	0.105640	2.395950	-1.904850	0.625830	0.778150	68	114	True	False	False	0.652318	0.625828	0.592715	False	False	False	True
48	47	T	0.401470	0.445930	0.106530	0.000000	-2.314940	0.100990	0.516560	147	272	True	False	False	0.215232	0.100993	0.129139	False	False	True	True
49	48	K	0.200330	0.217420	0.102780	0.000000	-2.375010	0.100990	0.158940	255	272	True	False	False	0.215232	0.100993	0.034768	False	False	True	True
50	49	A	0.688630	0.768760	0.099610	0.596670	-1.985760	0.218540	0.870860	40	237	True	False	False	0.215232	0.218543	0.115894	False	False	False	True
51	50	D	0.733860	0.818760	0.097920	0.635120	-2.243860	0.235100	0.897350	32	232	True	False	False	0.215232	0.235099	0.314570	False	False	False	True
52	51	N	0.771780	0.860860	0.096990	1.314820	-1.960550	0.387420	0.920530	25	186	True	False	False	0.215232	0.387417	0.708609	False	False	False	True
53	52	S	0.412640	0.456500	0.096250	2.562660	-2.038500	0.662250	0.536420	141	103	True	False	False	0.695364	0.662252	0.433775	False	False	True	True
54	53	V	0.114770	0.121680	0.095210	4.992580	-1.449380	0.953640	0.009930	300	15	True	False	False	0.963576	0.953642	0.983444	True	True	True	True
55	54	I	0.557700	0.616930	0.089790	2.935980	-1.652330	0.725170	0.761590	73	84	True	True	True	0.627483	0.725166	0.801325	False	False	False	True
56	55	V	0.553670	0.610870	0.086160	2.959510	-1.701080	0.728480	0.741720	79	83	True	True	True	0.645695	0.728477	0.933775	False	False	False	True
57	56	A	0.609920	0.671530	0.082460	3.549580	-2.431580	0.814570	0.801320	61	57	True	True	True	0.735099	0.814570	0.943709	False	False	False	True
58	57	T	0.837140	0.921400	0.080190	1.168460	-1.955460	0.347680	0.966890	11	198	True	True	True	0.215232	0.347682	0.701987	False	False	False	True
59	58	D	0.837570	0.920670	0.078690	0.000000	-1.928430	0.100990	0.960260	13	272	True	True	True	0.215232	0.100993	0.274834	False	False	False	True
60	59	S	0.671820	0.737260	0.077770	2.430580	-2.270590	0.642380	0.847680	47	109	True	False	False	0.672185	0.642384	0.804636	False	False	False	True
61	60	I	0.475970	0.520530	0.075370	2.342120	-1.890230	0.615890	0.615890	117	117	True	False	False	0.754967	0.615894	0.877483	False	False	False	True
62	61	K	0.806860	0.883410	0.074340	0.000000	-2.245940	0.100990	0.937090	20	272	True	False	False	0.215232	0.100993	0.076159	False	False	False	True
63	62	N	0.810150	0.885650	0.072600	1.359240	-2.024030	0.400660	0.943710	18	182	True	False	False	0.597682	0.400662	0.347682	False	False	False	True
64	63	T	0.572260	0.623810	0.070390	1.901300	-1.768710	0.533110	0.771520	70	142	True	False	False	0.584437	0.533113	0.652318	False	False	False	True
65	64	I	0.569310	0.619980	0.069210	4.536490	-1.722080	0.927150	0.764900	72	23	True	False	False	0.980132	0.927152	0.940397	False	False	False	True
66	65	Y	0.506480	0.551030	0.068440	1.227410	-1.782010	0.364240	0.672190	100	193	True	False	False	0.215232	0.364238	0.632450	False	False	False	True
67	66	I	0.379980	0.412270	0.066040	1.837340	-1.519290	0.503310	0.480130	158	151	True	False	False	0.668874	0.503311	0.579470	False	False	True	True
68	67	T	0.315190	0.341210	0.063790	3.325400	-1.721410	0.778150	0.380790	188	68	True	False	False	0.682119	0.778146	0.698675	False	False	True	True
69	68	A	0.761670	0.824320	0.061770	1.845360	-1.473580	0.506620	0.907280	29	150	True	False	False	0.576159	0.506623	0.288079	False	False	False	True
70	69	K	0.399210	0.431360	0.060820	3.422440	-1.276720	0.794700	0.500000	152	63	True	False	False	0.711921	0.794702	0.609272	False	False	True	True
71	70	Q	0.233670	0.255140	0.090010	2.423390	-1.817750	0.635760	0.235100	232	111	True	False	False	0.642384	0.635762	0.506623	False	False	True	True
72	71	N	0.191970	0.208390	0.075680	2.987840	-1.760560	0.731790	0.142380	260	82	True	False	False	0.827815	0.731788	0.612583	False	False	True	True
73	72	P	0.267940	0.287940	0.054990	1.248110	-1.564090	0.367550	0.304640	211	192	True	False	False	0.215232	0.367550	0.254967	False	False	True	True
74	73	V	0.273230	0.292900	0.052240	2.302730	-1.677980	0.609270	0.311260	209	119	True	False	False	0.443709	0.609272	0.758278	False	False	True	True
75	74	T	0.157940	0.169160	0.051420	0.712660	-1.679270	0.254970	0.039740	291	226	True	False	False	0.215232	0.254967	0.307947	False	False	True	True
76	75	P	0.291800	0.311350	0.047540	2.622230	-1.698540	0.678810	0.337750	201	98	True	False	False	0.794702	0.678808	0.456954	False	False	True	True
77	76	P	0.379130	0.403550	0.045250	5.385680	-1.491020	0.973510	0.466890	162	9	True	False	False	0.983444	0.973510	0.950331	True	True	True	True
78	77	E	0.869700	0.920930	0.040460	0.000000	-1.526130	0.100990	0.963580	12	272	True	False	False	0.215232	0.100993	0.158940	False	False	False	True
79	78	L	0.202430	0.213930	0.039530	0.950450	-1.793060	0.304640	0.149010	258	211	True	False	False	0.486755	0.304636	0.152318	False	False	True	True
80	79	F	0.701930	0.740080	0.036740	4.432680	-1.513590	0.920530	0.850990	46	25	True	False	False	0.933775	0.920530	0.910596	False	False	False	True
81	80	G	0.532300	0.560400	0.035690	7.917030	-1.398700	1.000000	0.685430	96	1	True	False	False	1.000000	1.000000	1.000000	False	False	False	True
82	81	S	0.269900	0.283230	0.034150	2.174110	-1.296520	0.592720	0.301320	212	124	True	False	False	0.614238	0.592715	0.470199	False	False	True	True
83	82	I	0.170240	0.178310	0.033960	4.826750	-1.165780	0.943710	0.056290	286	18	True	False	False	0.718543	0.943709	0.907285	True	True	True	True
84	83	L	0.714180	0.747810	0.030960	1.535700	-1.451970	0.450330	0.860930	43	167	True	False	False	0.490066	0.450331	0.380795	False	False	False	True
85	84	G	0.514340	0.536970	0.029210	3.588000	-1.372490	0.824500	0.649010	107	54	True	False	False	0.834437	0.824503	0.761589	False	False	False	True
86	85	T	0.261230	0.271430	0.027980	0.926600	-1.493460	0.294700	0.274830	220	214	True	False	False	0.470199	0.294702	0.231788	False	False	True	True
87	86	H	0.533050	0.554110	0.026020	2.087120	-1.577390	0.579470	0.675500	99	128	True	False	False	0.584437	0.579470	0.519868	False	False	False	True
88	87	F	0.739520	0.767530	0.024040	1.411660	-1.668800	0.423840	0.867550	41	175	True	False	False	0.215232	0.423841	0.384106	False	False	False	True
89	88	I	0.495860	0.526500	0.043000	4.490160	-1.773960	0.923840	0.635760	111	24	True	False	False	0.850993	0.923841	0.847682	False	False	False	True
90	89	E	0.229010	0.238680	0.030210	0.000000	-1.725980	0.100990	0.201990	242	272	True	False	False	0.215232	0.100993	0.139073	False	False	True	True
91	90	K	0.192060	0.202050	0.036450	2.313910	-2.004580	0.612580	0.125830	265	118	True	False	False	0.748344	0.612583	0.473510	False	False	True	True
92	91	Y	0.335510	0.359490	0.051650	4.000740	-1.982570	0.877480	0.410600	179	38	True	False	False	0.870861	0.877483	0.874172	False	True	True	True
93	92	N	0.372640	0.382450	0.019500	0.000000	-1.580690	0.100990	0.443710	169	272	True	False	False	0.215232	0.100993	0.082781	False	False	True	True
94	93	H	0.268470	0.275700	0.021610	2.625140	-1.618400	0.682120	0.281460	218	97	True	False	False	0.798013	0.682119	0.546358	False	False	True	True
95	94	I	0.536780	0.547170	0.013670	5.352350	-1.347090	0.970200	0.665560	102	10	True	False	False	0.937086	0.970199	0.980132	False	False	False	True
96	95	H	0.235520	0.236970	0.013980	1.479470	-0.956740	0.440400	0.192050	245	170	True	False	False	0.466887	0.440397	0.235099	False	False	True	True
97	96	A	0.247900	0.248640	0.012440	3.421180	-0.855660	0.791390	0.225170	235	64	True	False	False	0.791391	0.791391	0.814570	False	False	True	True
98	97	A	0.519310	0.527320	0.011810	3.827570	-1.309910	0.867550	0.639070	110	41	True	False	False	0.562914	0.867550	0.821192	False	False	False	True
99	98	H	0.272550	0.272830	0.010890	2.585390	-0.878250	0.668870	0.278150	219	101	True	False	False	0.715232	0.668874	0.443709	False	False	True	True
100	99	V	0.548020	0.554810	0.009920	3.146900	-1.153810	0.754970	0.678810	98	75	True	False	False	0.665563	0.754967	0.771523	False	False	False	True
101	100	N	0.198370	0.196020	0.010080	2.440500	-1.169210	0.645700	0.109270	270	108	True	False	False	0.655629	0.645695	0.526490	False	False	True	True
102	101	I	0.459080	0.463050	0.009460	6.567780	-1.050290	0.996690	0.546360	138	2	True	False	False	0.993377	0.996689	0.990066	True	True	True	True
103	102	V	0.264030	0.262550	0.009000	4.061230	-1.201780	0.890730	0.258280	225	34	True	False	False	0.877483	0.890728	0.850993	False	True	True	True
104	103	C	0.507910	0.511960	0.008380	3.349140	-0.879220	0.784770	0.602650	121	66	True	False	False	0.860927	0.784768	0.685430	False	False	False	True
105	104	H	0.188240	0.185060	0.009320	4.021470	-0.874600	0.880790	0.076160	280	37	True	False	False	0.807947	0.880795	0.841060	False	True	True	True
106	105	R	0.282160	0.279350	0.007000	2.026160	-1.067070	0.566230	0.291390	215	132	True	False	False	0.215232	0.566225	0.403974	False	False	True	True
107	106	W	0.792480	0.802120	0.007340	0.000000	-0.722300	0.100990	0.884110	36	272	True	False	False	0.215232	0.100993	0.034768	False	False	False	True
108	107	T	0.203320	0.203390	0.013380	3.491670	-0.862620	0.804640	0.129140	264	60	True	False	False	0.817881	0.804636	0.622517	False	True	True	True
109	108	R	0.661400	0.688410	0.026430	0.653070	-1.116240	0.241720	0.807950	59	230	True	False	False	0.215232	0.241722	0.370861	False	False	False	True
110	109	M	0.407080	0.431300	0.041140	2.231660	-1.344330	0.596030	0.496690	153	123	True	False	False	0.741722	0.596026	0.748344	False	False	True	True
111	110	D	0.116120	0.124060	0.088140	1.020050	-2.743230	0.314570	0.016560	298	208	True	False	False	0.508278	0.314570	0.168874	False	False	True	True
112	111	I	0.288080	0.315050	0.148040	1.469680	-3.411490	0.437090	0.344370	199	171	True	False	False	0.440397	0.437086	0.420530	False	False	True	True
113	112	D	0.297980	0.325570	0.158540	1.594580	-3.394900	0.453640	0.360930	194	166	True	False	False	0.632450	0.453642	0.251656	False	False	True	True
114	113	G	0.542060	0.621980	0.166550	0.000000	-3.665410	0.100990	0.768210	71	272	True	False	False	0.215232	0.100993	0.034768	False	False	False	True
115	114	K	0.203620	0.214030	0.149140	0.000000	-3.357120	0.100990	0.152320	257	272	True	False	False	0.215232	0.100993	0.034768	False	False	True	True
116	115	P	0.324770	0.359490	0.129280	0.000000	-3.579020	0.100990	0.407280	180	272	True	False	False	0.215232	0.100993	0.228477	False	False	True	True
117	116	H	0.527470	0.593280	0.119320	1.795540	-3.044930	0.493380	0.721850	85	154	True	False	False	0.508278	0.493377	0.357616	False	False	False	True
118	117	P	0.281680	0.303140	0.056580	1.805180	-1.553200	0.496690	0.321190	206	153	True	False	False	0.215232	0.496689	0.453642	False	False	True	True
119	118	H	0.519750	0.539020	0.024460	1.852610	-1.592690	0.513250	0.652320	106	148	True	False	False	0.567881	0.513245	0.387417	False	False	False	True
120	119	S	0.482530	0.487340	0.009680	3.496870	-1.326330	0.807950	0.586090	126	59	True	False	False	0.884106	0.807947	0.625828	False	True	True	True
121	120	F	0.825250	0.837130	0.008330	0.000000	-0.881180	0.100990	0.910600	28	272	True	False	False	0.215232	0.100993	0.142384	False	False	False	True
122	121	I	0.220460	0.227870	0.025850	1.692300	-0.954040	0.463580	0.175500	250	163	True	False	False	0.519868	0.463576	0.341060	False	False	True	True
123	122	R	0.363250	0.364420	0.009130	1.885120	-0.972180	0.529800	0.417220	177	143	True	False	False	0.556291	0.529801	0.397351	False	False	True	True
124	123	D	0.214780	0.216940	0.016150	2.461750	-1.366510	0.649010	0.155630	256	107	True	False	False	0.658940	0.649007	0.417219	False	False	True	True
125	124	S	0.450120	0.454140	0.009750	0.000000	-1.153380	0.100990	0.526490	144	272	True	False	False	0.215232	0.100993	0.079470	False	False	True	True
126	125	E	0.192060	0.188920	0.009240	2.039210	-1.271590	0.569540	0.086090	277	131	True	False	False	0.215232	0.569536	0.321192	False	False	True	True
127	126	E	0.443100	0.449570	0.012500	4.118350	-1.203260	0.894040	0.519870	146	33	True	False	False	0.857616	0.894040	0.784768	False	True	True	True
128	127	K	0.233640	0.234590	0.013340	4.582740	-0.967950	0.930460	0.188740	246	22	True	False	False	0.864238	0.930464	0.920530	True	True	True	True
129	128	R	0.477800	0.477260	0.005060	2.474400	-0.550030	0.652320	0.576160	129	106	True	False	False	0.778146	0.652318	0.735099	False	False	True	True
130	129	N	0.387260	0.386860	0.006950	3.294180	-0.928010	0.771520	0.450330	167	70	True	False	False	0.548013	0.771523	0.715232	False	False	True	True
131	130	V	0.530350	0.535320	0.008690	5.595600	-0.835040	0.983440	0.645700	108	6	True	False	False	0.973510	0.983444	0.930464	False	False	False	True
132	131	Q	0.147650	0.152790	0.028330	5.132990	-0.901580	0.956950	0.033110	293	14	True	False	False	0.920530	0.956954	0.890728	True	True	True	True
133	132	V	0.588360	0.593100	0.007300	4.337310	-0.803400	0.917220	0.718540	86	26	True	False	False	0.887417	0.917219	0.897351	False	False	False	True
134	133	D	0.219740	0.230870	0.035320	2.599190	-1.328050	0.672190	0.182120	248	100	True	False	False	0.692053	0.672185	0.639073	False	False	True	True
135	134	V	0.170580	0.181350	0.044290	3.738460	-1.542050	0.857620	0.066230	283	44	True	False	False	0.831126	0.857616	0.927152	False	True	True	True
136	135	V	0.188360	0.192930	0.022550	0.801290	-2.416770	0.274830	0.099340	273	220	True	False	False	0.215232	0.274834	0.211921	False	False	True	True
137	136	E	0.366570	0.406380	0.107760	1.121190	-2.741810	0.324500	0.476820	159	205	True	False	False	0.543046	0.324503	0.327815	False	False	True	True
138	137	G	0.257940	0.279350	0.065330	0.000000	-2.420820	0.100990	0.294700	214	272	True	False	False	0.215232	0.100993	0.034768	False	False	True	True
139	138	K	0.307270	0.318980	0.026890	0.000000	-2.175610	0.100990	0.354300	196	272	True	False	False	0.215232	0.100993	0.034768	False	False	True	True
140	139	G	0.136570	0.147370	0.079350	0.000000	-1.736180	0.100990	0.029800	294	272	True	False	False	0.215232	0.100993	0.034768	False	False	True	True
141	140	I	0.172640	0.182680	0.040590	1.481040	-1.523130	0.443710	0.069540	282	169	True	False	False	0.614238	0.443709	0.523179	False	False	True	True
142	141	D	0.123600	0.129740	0.035970	1.905090	-0.913690	0.536420	0.019870	297	141	True	False	False	0.215232	0.536424	0.493377	False	False	True	True
143	142	I	0.515140	0.519700	0.008670	3.811480	-0.818320	0.864240	0.612580	118	42	True	False	False	0.768212	0.864238	0.718543	False	False	False	True
144	143	K	0.203300	0.200110	0.008800	3.842890	-0.667480	0.870860	0.122520	266	40	True	False	False	0.844371	0.870861	0.827815	False	True	True	True
145	144	S	0.613050	0.615850	0.005380	4.230550	-0.741140	0.910600	0.754970	75	28	True	False	False	0.970199	0.910596	0.966887	False	False	False	True
146	145	S	0.867350	0.874890	0.004890	1.126300	-0.654700	0.327810	0.930460	22	204	True	False	False	0.548013	0.327815	0.178808	False	False	False	True
147	146	L	0.506070	0.506320	0.005200	2.654590	-0.536000	0.685430	0.599340	122	96	True	False	False	0.701987	0.685430	0.711921	False	False	False	True
148	147	S	0.237600	0.231370	0.004530	6.116800	-0.755460	0.993380	0.185430	247	3	True	False	False	0.930464	0.993377	0.963576	True	True	True	True
149	148	G	0.539720	0.540080	0.004730	3.216230	-0.938350	0.764900	0.662250	103	72	True	False	False	0.774834	0.764901	0.682119	False	False	False	True
150	149	L	0.721100	0.725430	0.004830	0.000000	-0.664550	0.100990	0.841060	49	272	True	False	False	0.215232	0.100993	0.208609	False	False	False	True
151	150	T	0.251230	0.245800	0.005030	3.564400	-0.603900	0.821190	0.218540	237	55	True	False	False	0.900662	0.821192	0.754967	False	True	True	True
152	151	V	0.615410	0.616190	0.003920	3.110500	-0.698630	0.748340	0.758280	74	77	True	False	False	0.837748	0.748344	0.629139	False	False	False	True
153	152	L	0.679150	0.681760	0.004270	1.444020	-1.174930	0.427150	0.804640	60	174	True	False	False	0.215232	0.427152	0.294702	False	False	False	True
154	153	K	0.795700	0.801360	0.004670	1.868440	-1.132550	0.519870	0.880790	37	146	True	False	False	0.536424	0.519868	0.367550	False	False	False	True
155	154	S	0.612740	0.614390	0.004560	1.076750	-1.196260	0.321190	0.748340	77	206	True	False	False	0.533113	0.321192	0.394040	False	False	False	True
156	155	T	0.660890	0.666100	0.006360	1.832140	-0.892590	0.500000	0.791390	64	152	True	False	False	0.567881	0.500000	0.284768	False	False	False	True
157	156	N	0.462910	0.464330	0.007000	3.654430	-1.188550	0.844370	0.549670	137	48	True	False	False	0.784768	0.844371	0.668874	False	True	True	True
158	157	S	0.885800	0.898870	0.008120	0.000000	-1.320960	0.100990	0.947020	17	272	True	False	False	0.215232	0.100993	0.572848	False	False	False	True
159	158	Q	0.465460	0.469230	0.009110	4.053090	-1.408630	0.887420	0.556290	135	35	True	False	False	0.801325	0.887417	0.917219	False	True	True	True
160	159	F	0.856510	0.867120	0.006970	1.777950	-1.071190	0.480130	0.927150	23	158	True	True	False	0.215232	0.480132	0.466887	False	False	False	True
161	160	W	0.212840	0.207600	0.006100	5.880750	-1.148100	0.986750	0.139070	261	5	True	False	False	0.976821	0.986755	0.993377	True	True	True	True
162	161	G	0.597680	0.601710	0.006570	2.895360	-1.201460	0.721850	0.728480	83	85	True	False	False	0.731788	0.721854	0.513245	False	False	False	True
163	162	F	0.766520	0.777070	0.008420	2.722530	-1.962000	0.695360	0.874170	39	93	True	False	False	0.602649	0.695364	0.817881	False	False	False	True
164	163	L	0.271500	0.268600	0.007180	4.881660	-1.358420	0.950330	0.271520	221	16	True	False	False	0.950331	0.950331	0.996689	True	True	True	True
165	164	R	0.453140	0.454190	0.006870	4.719840	-1.907840	0.937090	0.529800	143	20	True	False	False	0.956954	0.937086	0.867550	True	True	True	True
166	165	D	0.835630	0.844740	0.006310	0.749020	-1.429470	0.271520	0.917220	26	221	True	False	False	0.215232	0.271523	0.374172	False	False	False	True
167	166	E	0.369110	0.368580	0.007240	3.998480	-0.997270	0.874170	0.420530	176	39	True	False	False	0.940397	0.874172	0.831126	False	True	True	True
168	167	Y	0.628680	0.634900	0.007710	0.905890	-1.073080	0.288080	0.781460	67	216	True	False	False	0.460265	0.288079	0.483444	False	False	False	True
169	168	T	0.855290	0.865670	0.006840	0.711510	-1.673420	0.251660	0.923840	24	227	True	False	False	0.215232	0.251656	0.460265	False	False	False	True
170	169	T	0.717890	0.726050	0.007550	1.923740	-0.900110	0.539740	0.844370	48	140	True	False	False	0.597682	0.539735	0.559603	False	False	False	True
171	170	L	0.909940	0.923440	0.008020	0.000000	-1.146300	0.100990	0.970200	10	272	True	True	False	0.215232	0.100993	0.354305	False	False	False	True
172	171	K	0.468780	0.468850	0.005710	1.270550	-1.113900	0.370860	0.552980	136	191	True	False	False	0.215232	0.370861	0.440397	False	False	True	True
173	172	E	0.665780	0.668250	0.004360	5.288790	-1.543910	0.966890	0.798010	62	11	True	False	False	0.986755	0.966887	0.976821	False	False	False	True
174	173	T	0.463400	0.461850	0.004490	2.273710	-1.384180	0.602650	0.543050	139	121	True	False	False	0.430464	0.602649	0.642384	False	False	True	True
175	174	W	0.147840	0.139650	0.004440	4.206850	-0.755410	0.907280	0.026490	295	29	True	False	False	0.966887	0.907285	0.857616	True	True	True	True
176	175	D	0.810740	0.814990	0.003620	0.564500	-0.897370	0.205300	0.890730	34	241	True	False	False	0.215232	0.205298	0.238411	False	False	False	True
177	176	R	0.958740	0.966200	0.003760	0.000000	-0.833680	0.100990	0.993380	3	272	True	True	False	0.215232	0.100993	0.132450	False	False	False	True
178	177	I	0.524360	0.521930	0.002950	0.000000	-0.911340	0.100990	0.622520	115	272	True	False	False	0.215232	0.100993	0.145695	False	False	False	True
179	178	L	0.646110	0.646650	0.003350	1.305330	-0.643680	0.380790	0.784770	66	188	True	False	False	0.215232	0.380795	0.745033	False	False	False	True
180	179	S	0.495830	0.492520	0.002730	1.383580	-0.889940	0.410600	0.592720	124	179	True	False	False	0.215232	0.410596	0.400662	False	False	True	True
181	180	T	0.719630	0.720330	0.002580	0.715240	-1.013570	0.259930	0.834440	51	224	True	False	False	0.215232	0.259934	0.304636	False	False	False	True
182	181	D	0.199250	0.190120	0.002580	3.732220	-0.652450	0.854300	0.092720	275	45	True	False	False	0.923841	0.854305	0.692053	False	True	True	True
183	182	V	0.554060	0.550370	0.001790	2.663540	-0.724680	0.688740	0.668870	101	95	True	False	False	0.804636	0.688742	0.602649	False	False	False	True
184	183	D	0.310560	0.302850	0.002070	2.700340	-0.449010	0.692050	0.317880	207	94	True	False	False	0.592715	0.692053	0.480132	False	False	True	True
185	184	A	0.577040	0.575150	0.002640	0.908430	-0.707580	0.291390	0.698680	92	215	True	False	False	0.463576	0.291391	0.218543	False	False	False	True
186	185	T	0.171830	0.161890	0.002330	3.589450	-0.426320	0.827810	0.036420	292	53	True	False	False	0.589404	0.827815	0.768212	False	True	True	True
187	186	W	0.913810	0.919550	0.003310	0.000000	-0.576350	0.100990	0.956950	14	272	True	False	False	0.215232	0.100993	0.135762	False	False	False	True
188	187	Q	0.322170	0.332260	0.022880	3.325850	-0.632570	0.781460	0.370860	191	67	True	False	False	0.811258	0.781457	0.721854	False	False	True	True
189	188	W	0.576580	0.611440	0.041860	5.266410	-1.289330	0.963580	0.745030	78	12	True	False	False	0.867550	0.963576	0.970199	False	False	False	True
190	189	K	0.223930	0.226170	0.191390	4.172940	-2.306900	0.900660	0.172190	251	31	True	False	False	0.960265	0.900662	0.854305	True	True	True	True
191	190	N	0.246920	0.180460	0.322090	3.556160	-3.241560	0.817880	0.062910	284	56	True	False	False	0.897351	0.817881	0.844371	False	False	True	False
192	191	F	0.293370	0.187640	0.390960	3.629090	-3.512810	0.834440	0.079470	279	51	True	False	False	0.907285	0.834437	0.880795	False	False	True	False
193	192	S	0.350380	0.170150	0.483020	3.606910	-3.545170	0.831130	0.043050	290	52	True	False	False	0.903974	0.831126	0.655629	False	False	True	False
194	193	G	0.421650	0.242670	0.528690	2.782020	-3.617550	0.705300	0.205300	241	90	True	False	False	0.814570	0.705298	0.490066	False	False	True	False
195	194	L	0.466580	0.191810	0.606140	1.709280	-3.888450	0.466890	0.096030	274	162	True	False	False	0.493377	0.466887	0.350993	False	False	True	False
196	195	Q	0.468150	0.101760	0.640890	1.166530	-4.138450	0.344370	0.003310	302	199	True	False	False	0.215232	0.344371	0.188742	False	False	True	False
197	196	E	0.479620	0.204070	0.615050	0.000000	-4.034120	0.100990	0.135760	262	272	True	False	False	0.215232	0.100993	0.198675	False	False	True	False
198	197	V	0.465790	0.184210	0.608420	0.606610	-4.047610	0.228480	0.072850	281	234	True	False	False	0.215232	0.228477	0.119205	False	False	True	False
199	198	R	0.362270	0.118360	0.526770	2.874670	-3.854420	0.718540	0.006620	301	86	True	False	False	0.824503	0.718543	0.705298	False	False	True	False
200	199	S	0.314800	0.193470	0.417870	3.548960	-3.863590	0.811260	0.105960	271	58	True	False	False	0.894040	0.811258	0.764901	False	False	True	False
201	200	H	0.247840	0.138480	0.367530	3.636290	-3.743870	0.837750	0.023180	296	50	True	False	False	0.910596	0.837748	0.665563	False	False	True	False
202	201	V	0.223610	0.187830	0.266950	3.642510	-3.969800	0.841060	0.082780	278	49	True	False	False	0.913907	0.841060	0.794702	False	False	True	False
203	202	P	0.193770	0.177010	0.216110	3.719080	-3.331740	0.847680	0.052980	287	47	True	False	False	0.917219	0.847682	0.913907	False	False	True	False
204	203	K	0.364000	0.405230	0.128190	1.310210	-2.850350	0.384110	0.473510	160	187	True	False	False	0.215232	0.384106	0.261589	False	False	True	True
205	204	F	0.427220	0.476980	0.115730	1.286960	-2.676330	0.374170	0.572850	130	190	True	False	False	0.215232	0.374172	0.360927	False	False	True	True
206	205	D	0.235960	0.257760	0.102920	4.189330	-2.490070	0.903970	0.241720	230	30	True	False	False	0.880795	0.903974	0.807947	True	True	True	True
207	206	A	0.205500	0.223150	0.073920	0.000000	-2.764130	0.100990	0.165560	253	272	True	False	False	0.215232	0.100993	0.086093	False	False	True	True
208	207	T	0.224370	0.243020	0.066610	2.800630	-2.009100	0.708610	0.208610	240	89	True	False	False	0.728477	0.708609	0.725166	False	False	True	True
209	208	W	0.256490	0.277530	0.063990	2.401460	-1.926310	0.632450	0.284770	217	112	True	False	False	0.639073	0.632450	0.496689	False	False	True	True
210	209	A	0.211710	0.225370	0.045390	0.000000	-1.973420	0.100990	0.168870	252	272	True	False	False	0.215232	0.100993	0.034768	False	False	True	True
211	210	T	0.192500	0.203590	0.040150	3.098200	-1.971200	0.745030	0.132450	263	78	True	False	False	0.751656	0.745033	0.556291	False	False	True	True
212	211	A	0.542390	0.571110	0.035800	4.046880	-1.381570	0.884110	0.695360	93	36	True	False	False	0.854305	0.884106	0.774834	False	False	False	True
213	212	R	0.494380	0.520760	0.036200	3.202250	-1.347490	0.761590	0.619210	116	73	True	False	False	0.847682	0.761589	0.675497	False	False	False	True
214	213	E	0.234180	0.247590	0.039750	0.000000	-2.263890	0.100990	0.221850	236	272	True	False	False	0.215232	0.100993	0.225166	False	False	True	True
215	214	V	0.248900	0.263710	0.041350	4.668740	-1.687750	0.933770	0.264900	223	21	True	False	False	0.947020	0.933775	0.860927	True	True	True	True
216	215	T	0.413570	0.439020	0.042840	3.744520	-1.402120	0.860930	0.509930	149	43	True	False	False	0.927152	0.860927	0.884106	False	True	True	True
217	216	L	0.404460	0.429950	0.044070	2.872460	-1.290970	0.715230	0.493380	154	87	True	False	False	0.738411	0.715232	0.509934	False	False	True	True
218	217	K	0.285270	0.303430	0.044650	3.060230	-2.091630	0.741720	0.324500	205	79	True	False	False	0.771523	0.741722	0.539735	False	False	True	True
219	218	T	0.317950	0.338490	0.045450	2.015130	-1.731740	0.562910	0.377480	189	133	True	False	False	0.215232	0.562914	0.311258	False	False	True	True
220	219	F	0.876400	0.934320	0.046710	0.000000	-1.578490	0.100990	0.980130	7	272	True	False	False	0.215232	0.100993	0.205298	False	False	False	True
221	220	A	0.504560	0.539960	0.050390	0.993170	-1.352420	0.307950	0.658940	104	210	True	False	False	0.500000	0.307947	0.268212	False	False	False	True
222	221	E	0.226780	0.243160	0.052520	1.159650	-1.611180	0.337750	0.211920	239	201	True	False	False	0.215232	0.337748	0.317881	False	False	True	True
223	222	D	0.234700	0.252150	0.054740	2.425830	-1.868710	0.639070	0.228480	234	110	True	False	False	0.678808	0.639073	0.781457	False	False	True	True
224	223	N	0.221190	0.238050	0.056970	5.459650	-1.833320	0.980130	0.195360	244	7	True	False	False	0.874172	0.980132	0.947020	True	True	True	True
225	224	S	0.838930	0.905460	0.058860	0.000000	-1.884690	0.100990	0.950330	16	272	True	False	False	0.215232	0.100993	0.175497	False	False	False	True
226	225	A	0.238900	0.257990	0.061400	3.123470	-2.280120	0.751660	0.245030	229	76	True	False	False	0.758278	0.751656	0.658940	False	False	True	True
227	226	S	0.731280	0.792620	0.063410	1.214390	-1.770600	0.357620	0.877480	38	195	True	True	False	0.215232	0.357616	0.695364	False	False	False	True
228	227	V	0.552700	0.600230	0.066060	0.685100	-1.720290	0.248340	0.725170	84	228	True	True	False	0.215232	0.248344	0.324503	False	False	False	True
229	228	Q	0.887430	0.966980	0.068840	0.000000	-1.960240	0.100990	0.996690	2	272	True	True	False	0.215232	0.100993	0.069536	False	False	False	True
230	229	A	0.326220	0.355400	0.072870	2.479500	-2.223070	0.655630	0.400660	182	105	True	False	False	0.215232	0.655629	0.599338	False	False	True	True
231	230	T	0.647560	0.710540	0.077770	0.000000	-1.762220	0.100990	0.831130	52	272	True	False	False	0.215232	0.100993	0.281457	False	False	False	True
232	231	M	0.539270	0.592200	0.079990	1.717870	-1.667920	0.470200	0.715230	87	161	True	False	False	0.514901	0.470199	0.486755	False	False	False	True
233	232	Y	0.508530	0.558610	0.080920	0.000000	-1.956920	0.100990	0.682120	97	272	True	False	False	0.215232	0.100993	0.165563	False	False	False	True
234	233	K	0.239060	0.260920	0.085000	1.685480	-2.059730	0.460260	0.251660	227	164	True	False	False	0.496689	0.460265	0.437086	False	False	True	True
235	234	M	0.604780	0.668240	0.087230	1.738570	-1.893660	0.473510	0.794700	63	160	True	False	False	0.649007	0.473510	0.476821	False	False	False	True
236	235	A	0.593140	0.656790	0.090410	2.612980	-1.788440	0.675500	0.788080	65	99	True	False	False	0.215232	0.675497	0.450331	False	False	False	True
237	236	E	0.203970	0.221920	0.093490	0.000000	-2.225640	0.100990	0.162250	254	272	True	False	False	0.215232	0.100993	0.102649	False	False	True	True
238	237	Q	0.345230	0.380510	0.094920	2.101320	-1.870120	0.582780	0.440400	170	127	True	False	False	0.433775	0.582781	0.334437	False	False	True	True
239	238	I	0.473580	0.524920	0.095900	6.067550	-1.758440	0.990070	0.632450	112	4	True	False	False	0.996689	0.990066	0.986755	False	False	False	True
240	239	L	0.731630	0.815500	0.096720	0.636850	-1.689820	0.238410	0.894040	33	231	True	False	False	0.215232	0.238411	0.500000	False	False	False	True
241	240	A	0.294560	0.324060	0.101200	0.000000	-1.986560	0.100990	0.357620	195	272	True	False	False	0.215232	0.100993	0.034768	False	False	True	True
242	241	R	0.257960	0.282670	0.101100	2.547840	-1.895490	0.658940	0.298010	213	104	True	False	False	0.552980	0.658940	0.533113	False	False	True	True
243	242	Q	0.175400	0.189070	0.103740	5.443830	-2.023800	0.976820	0.089400	276	8	True	False	False	0.990066	0.976821	0.923841	True	True	True	True
244	243	Q	0.475050	0.529750	0.107020	0.000000	-1.690220	0.100990	0.642380	109	272	True	False	False	0.215232	0.100993	0.034768	False	False	False	True
245	244	L	0.297530	0.327800	0.109550	0.615160	-1.762710	0.231790	0.364240	193	233	True	False	False	0.215232	0.231788	0.248344	False	False	True	True
246	245	I	0.519670	0.582120	0.112060	3.256340	-1.506230	0.768210	0.705300	90	71	True	False	False	0.788079	0.768212	0.864238	False	False	False	True
247	246	E	0.233660	0.254590	0.114780	1.298270	-1.267200	0.377480	0.231790	233	189	True	False	False	0.579470	0.377483	0.364238	False	False	True	True
248	247	T	0.392500	0.437210	0.116780	3.176560	-1.329850	0.758280	0.506620	150	74	True	False	False	0.841060	0.758278	0.678808	False	False	True	True
249	248	V	0.610570	0.688730	0.118240	3.428960	-1.669580	0.798010	0.811260	58	62	True	False	False	0.708609	0.798013	0.870861	False	False	False	True
250	249	E	0.270750	0.296920	0.121780	2.127440	-1.394720	0.586090	0.314570	208	126	True	False	False	0.607616	0.586093	0.536424	False	False	True	True
251	250	Y	0.460750	0.517110	0.123480	1.761080	-1.705950	0.476820	0.609270	119	159	True	False	False	0.539735	0.476821	0.688742	False	False	False	True
252	251	S	0.281030	0.308600	0.126540	1.629470	-1.473780	0.456950	0.334440	202	165	True	False	False	0.451987	0.456954	0.258278	False	False	True	True
253	252	L	0.427900	0.479720	0.128210	2.294040	-1.586630	0.605960	0.579470	128	120	True	False	False	0.476821	0.605960	0.649007	False	False	True	True
254	253	P	0.634710	0.721390	0.129630	0.715240	-1.937780	0.259930	0.837750	50	224	True	False	False	0.215232	0.259934	0.182119	False	False	False	True
255	254	N	0.810610	0.929350	0.133640	0.000000	-2.040780	0.100990	0.973510	9	272	True	True	False	0.215232	0.100993	0.337748	False	False	False	True
256	255	K	0.419260	0.471150	0.142880	2.152650	-1.758750	0.589400	0.562910	133	125	True	False	False	0.725166	0.589404	0.778146	False	False	True	True
257	256	H	0.705210	0.838870	0.212660	1.360570	-2.580000	0.403970	0.913910	27	181	True	True	False	0.215232	0.403974	0.430464	False	False	False	False
258	257	Y	0.433160	0.486920	0.220130	3.400100	-2.497060	0.788080	0.582780	127	65	True	False	False	0.215232	0.788079	0.811258	False	False	True	False
259	258	F	0.351950	0.380400	0.222870	3.050140	-2.688870	0.738410	0.437090	171	80	True	False	False	0.620861	0.738411	0.824503	False	False	True	False
260	259	E	0.360630	0.394550	0.210500	0.554410	-2.701970	0.201990	0.460260	164	242	True	False	False	0.215232	0.201987	0.562914	False	False	True	False
261	260	I	0.405520	0.450490	0.222700	0.949250	-2.852410	0.301320	0.523180	145	212	True	False	False	0.481788	0.301325	0.298013	False	False	True	False
262	261	D	0.633810	0.754840	0.254890	0.000000	-3.210860	0.100990	0.864240	42	272	True	False	False	0.215232	0.100993	0.122517	False	False	False	False
263	262	L	0.591480	0.697790	0.265880	0.575310	-2.813100	0.208610	0.817880	56	240	True	False	False	0.215232	0.208609	0.162252	False	False	False	False
264	263	S	0.381050	0.403870	0.273140	1.357420	-3.270160	0.397350	0.470200	161	183	True	False	False	0.215232	0.397351	0.221854	False	False	True	False
265	264	W	0.443500	0.259350	0.546820	0.684150	-4.013230	0.245030	0.248340	228	229	True	False	False	0.215232	0.245033	0.516556	False	False	True	False
266	265	H	0.407940	0.422530	0.320720	0.587960	-4.320770	0.215230	0.483440	157	238	True	False	False	0.215232	0.215232	0.155629	False	False	True	False
267	266	K	0.377160	0.378840	0.316340	0.000000	-3.955430	0.100990	0.433770	172	272	True	False	False	0.215232	0.100993	0.092715	False	False	True	False
268	267	G	0.514460	0.591890	0.257290	0.819500	-3.742900	0.278150	0.711920	88	219	True	False	False	0.215232	0.278146	0.195364	False	False	False	False
269	268	L	0.369080	0.398600	0.239170	0.931450	-3.396400	0.298010	0.463580	163	213	True	False	False	0.473510	0.298013	0.301325	False	False	True	False
270	269	Q	0.306350	0.315190	0.238210	1.884420	-3.849030	0.526490	0.347680	198	144	True	False	False	0.572848	0.526490	0.407285	False	False	True	False
271	270	N	0.473050	0.539180	0.213620	1.159310	-3.735780	0.334440	0.655630	105	202	True	False	False	0.215232	0.334437	0.410596	False	False	False	False
272	271	T	0.350800	0.279150	0.395530	1.410360	-4.843680	0.420530	0.288080	216	176	True	False	False	0.437086	0.420530	0.447020	False	False	True	False
273	272	G	0.460920	0.349330	0.513430	0.000000	-4.554480	0.100990	0.387420	186	272	True	False	False	0.215232	0.100993	0.034768	False	False	True	False
274	273	K	0.476500	0.175600	0.622950	1.373910	-3.916270	0.407280	0.046360	289	180	True	False	False	0.215232	0.407285	0.264901	False	False	True	False
275	274	N	0.374560	0.267390	0.445500	0.581080	-3.868590	0.211920	0.268210	222	239	True	False	False	0.215232	0.211921	0.112583	False	False	True	False
276	275	A	0.358380	0.350430	0.317200	0.000000	-3.966970	0.100990	0.390730	185	272	True	False	False	0.215232	0.100993	0.413907	False	False	True	False
277	276	E	0.408810	0.457490	0.202740	1.399530	-2.476560	0.413910	0.539740	140	178	True	False	False	0.215232	0.413907	0.635762	False	False	True	False
278	277	V	0.634720	0.741500	0.187980	2.759970	-1.882230	0.698680	0.854300	45	92	True	False	False	0.215232	0.698675	0.662252	False	False	False	True
279	278	F	0.607660	0.707470	0.187320	0.605700	-2.318740	0.225170	0.827810	53	235	True	False	False	0.215232	0.225166	0.566225	False	False	False	True
280	279	A	0.200090	0.197330	0.188520	2.348270	-2.419210	0.619210	0.115890	268	116	True	False	False	0.481788	0.619205	0.903974	False	False	True	True
281	280	P	0.460160	0.523050	0.189790	1.402520	-2.355940	0.417220	0.625830	114	177	True	False	False	0.215232	0.417219	0.834437	False	False	False	True
282	281	Q	0.307700	0.331590	0.190780	1.508670	-2.696480	0.447020	0.367550	192	168	True	False	False	0.620861	0.447020	0.589404	False	False	True	True
283	282	S	0.419190	0.471520	0.192320	0.000000	-2.451150	0.100990	0.566230	132	272	True	False	False	0.215232	0.100993	0.245033	False	False	True	True
284	283	D	0.325510	0.353140	0.194680	2.044790	-2.502140	0.572850	0.397350	183	130	True	False	False	0.215232	0.572848	0.596026	False	False	True	True
285	284	P	0.746220	0.884770	0.196290	1.219470	-2.507130	0.360930	0.940400	19	194	True	False	False	0.215232	0.360927	0.731788	False	False	False	True
286	285	N	0.406880	0.455300	0.200160	2.772130	-2.542020	0.701990	0.533110	142	91	True	False	False	0.215232	0.701987	0.937086	False	False	True	False
287	286	G	0.806800	0.965190	0.203430	1.331780	-2.606480	0.394040	0.990070	4	184	True	False	False	0.215232	0.394040	0.798013	False	False	False	False
288	287	L	0.332870	0.359870	0.206230	1.449130	-2.313650	0.430460	0.413910	178	173	True	False	False	0.451987	0.430464	0.619205	False	False	True	False
289	288	I	0.690890	0.818870	0.208050	0.734080	-2.726420	0.264900	0.900660	31	223	True	False	False	0.215232	0.264901	0.751656	False	False	False	False
290	289	K	0.353330	0.384630	0.212860	1.966930	-2.657810	0.552980	0.447020	168	136	True	False	False	0.215232	0.552980	0.529801	False	False	True	False
291	290	C	0.420400	0.470890	0.215610	2.356580	-2.877830	0.622520	0.559600	134	115	True	False	False	0.514901	0.622517	0.791391	False	False	True	False
292	291	T	0.452940	0.512750	0.219530	1.466700	-2.726310	0.433770	0.605960	120	172	True	False	False	0.607616	0.433775	0.503311	False	False	False	False
293	292	V	0.523780	0.605100	0.222510	1.317010	-2.801490	0.390730	0.735100	81	185	True	False	False	0.215232	0.390728	0.549669	False	False	False	False
294	293	G	0.214500	0.193040	0.237500	2.401290	-2.863870	0.629140	0.102650	272	113	True	False	False	0.761589	0.629139	0.586093	False	False	True	False
295	294	R	0.749740	0.908950	0.244060	1.960640	-3.228480	0.549670	0.953640	15	137	True	False	False	0.215232	0.549669	0.569536	False	False	False	False
296	295	S	0.393280	0.314360	0.433890	0.000000	-3.048050	0.100990	0.341060	200	272	True	False	False	0.215232	0.100993	0.096026	False	False	True	False
297	296	S	0.532250	0.425260	0.569790	0.000000	-3.343680	0.100990	0.490070	155	272	True	False	False	0.215232	0.100993	0.034768	False	False	True	False
298	297	L	0.624750	0.346060	0.719660	0.000000	-3.880790	0.100990	0.384110	187	272	True	False	False	0.215232	0.100993	0.034768	False	False	True	False
299	298	K	0.648940	0.315540	0.751950	0.000000	-3.907950	0.100990	0.350990	197	272	True	False	False	0.215232	0.100993	0.034768	False	False	True	False
300	299	S	0.751870	0.561450	0.802850	0.000000	-3.802080	0.100990	0.688740	95	272	True	False	False	0.215232	0.100993	0.034768	False	False	False	False
301	300	K	0.851430	0.690750	0.888700	0.000000	-2.627770	0.100990	0.814570	57	272	True	False	False	0.215232	0.100993	0.034768	False	False	False	False
302	301	L	0.898440	0.964900	0.911150	0.000000	-2.115010	0.100990	0.986750	5	272	True	False	False	0.215232	0.100993	0.034768	False	False	False	False
