pos_uniprot	pos_mature	wt_aa	C_i	C_i_nogap	gap_frac	sigma_raw	cn_sum	sigma_pct	C_pct	C_rank	sigma_rank	in_mature	active_site	cross_subunit
1	0	M	0.62098	0.72317	0.18374	1.41682	-1.06893	0.37748	0.82781	53	189	False	False	False
2	1	S	0.26961	0.28453	0.18801	0.00000	-0.99778	0.09106	0.25828	225	275	True	False	False
3	2	A	0.18023	0.16487	0.20534	1.42360	-0.72964	0.38079	0.03311	293	188	True	False	False
4	3	V	0.57414	0.65537	0.14486	1.52539	-0.84553	0.43046	0.75828	74	173	True	False	False
5	4	K	0.24745	0.27040	0.08750	2.88448	-0.89639	0.72848	0.23179	233	83	True	False	False
6	5	A	0.15277	0.15236	0.15209	0.00000	-0.71645	0.09106	0.01325	299	275	True	False	False
7	6	A	0.27313	0.29735	0.07382	0.72339	-0.86006	0.25166	0.29139	215	227	True	False	False
8	7	R	0.27935	0.29948	0.05228	1.52293	-0.83599	0.42715	0.29801	213	174	True	False	False
9	8	Y	0.79221	0.84663	0.04905	3.56733	-1.21698	0.83113	0.90728	29	52	True	True	True
10	9	G	0.90727	0.97006	0.04951	1.48860	-1.31779	0.41391	0.99338	3	178	True	False	False
11	10	K	0.88782	0.94835	0.04859	0.73614	-1.31164	0.26159	0.98013	7	224	True	True	True
12	11	D	0.34474	0.36813	0.04831	1.18074	-0.88750	0.33609	0.40397	181	201	True	False	False
13	12	N	0.25720	0.27512	0.04998	0.74684	-0.92222	0.27152	0.23841	231	221	True	False	False
14	13	V	0.60521	0.64922	0.05275	1.74415	-1.15273	0.50000	0.74834	77	152	True	False	False
15	14	R	0.69708	0.74802	0.05305	3.88891	-1.04842	0.85762	0.84437	48	44	True	False	False
16	15	V	0.51077	0.54890	0.05462	3.60656	-0.97516	0.83444	0.61258	118	51	True	False	False
17	16	Y	0.33317	0.35728	0.05255	1.91104	-0.68081	0.52649	0.38079	188	144	True	False	False
18	17	K	0.47190	0.50752	0.05547	0.00000	-0.92246	0.09106	0.54305	139	275	True	False	False
19	18	V	0.55636	0.59723	0.05347	3.08012	-0.65298	0.76159	0.68212	97	73	True	False	False
20	19	H	0.18915	0.15375	0.24653	3.75576	-0.47478	0.84437	0.01656	298	48	True	False	False
21	20	K	0.67811	0.72413	0.04830	0.70566	-0.65638	0.24338	0.83113	52	229	True	False	False
22	21	D	0.37491	0.41830	0.16390	0.95875	-0.78564	0.32119	0.46026	164	206	True	False	False
23	22	E	0.68525	0.29087	0.79052	0.00000	-0.64522	0.09106	0.27815	219	275	True	False	False
24	23	K	0.65058	0.21526	0.77452	1.25179	-0.66405	0.34768	0.10927	270	198	True	False	False
25	24	T	0.55862	0.32332	0.65495	0.62000	-0.47977	0.18212	0.32450	205	248	True	False	False
26	25	G	0.38094	0.41690	0.07844	0.00000	-0.60145	0.09106	0.45364	166	275	True	False	False
27	26	V	0.21244	0.22536	0.14560	0.63158	-0.61167	0.20033	0.12583	265	242	True	False	False
28	27	Q	0.62249	0.66661	0.05104	0.70566	-0.69025	0.24338	0.76821	71	229	True	False	False
29	28	T	0.21013	0.22562	0.12970	1.97398	-0.72800	0.55629	0.12914	264	135	True	False	False
30	29	V	0.49361	0.52577	0.04590	2.41847	-0.45293	0.66225	0.57947	128	103	True	False	False
31	30	Y	0.22480	0.24235	0.13241	4.57577	-0.55194	0.92715	0.16556	253	23	True	False	False
32	31	E	0.62610	0.71048	0.12749	1.92459	-0.69256	0.53974	0.82119	55	140	True	False	False
33	32	M	0.33127	0.36701	0.12426	2.22538	-0.43865	0.61921	0.40066	182	116	True	False	False
34	33	T	0.37820	0.40124	0.04233	6.65565	-0.53175	0.99669	0.42715	174	2	True	False	False
35	34	V	0.65916	0.69946	0.04241	1.55555	-0.63694	0.44371	0.81126	58	169	True	False	False
36	35	C	0.19792	0.21033	0.04395	1.18074	-0.59502	0.33609	0.09603	274	201	True	False	False
37	36	V	0.35605	0.37763	0.04210	4.21043	-0.55870	0.90397	0.40728	180	30	True	False	False
38	37	L	0.29478	0.31192	0.04026	0.68434	-0.69395	0.23179	0.31457	208	233	True	False	False
39	38	L	0.76435	0.81041	0.04164	2.04188	-0.77575	0.57616	0.88411	36	129	True	False	False
40	39	E	0.24349	0.25767	0.04041	1.59824	-0.54424	0.45364	0.20530	241	166	True	False	False
41	40	G	0.69397	0.73322	0.03856	0.66390	-0.81543	0.22185	0.83444	51	236	True	False	False
42	41	E	0.49706	0.52974	0.04641	1.76670	-0.49144	0.50331	0.58609	126	151	True	False	False
43	42	I	0.41350	0.44251	0.05039	3.92497	-0.66808	0.86755	0.47682	159	41	True	False	False
44	43	E	0.38885	0.40542	0.29679	0.00000	-0.91897	0.09106	0.44040	170	275	True	False	False
45	44	T	0.25494	0.25126	0.22810	3.45222	-0.99857	0.82450	0.19536	244	54	True	False	False
46	45	S	0.46460	0.52543	0.14667	2.69257	-1.00114	0.70530	0.57616	129	90	True	False	False
47	46	Y	0.54441	0.62049	0.14667	2.11690	-0.77804	0.59603	0.70861	89	123	True	False	False
48	47	T	0.47341	0.50223	0.04226	0.00000	-0.92939	0.09106	0.53974	140	275	True	False	False
49	48	K	0.19047	0.20145	0.04018	0.00000	-1.03832	0.09106	0.07285	281	275	True	False	False
50	49	A	0.65488	0.69147	0.03803	0.00000	-0.81291	0.09106	0.80464	60	275	True	False	False
51	50	D	0.76815	0.80899	0.03572	1.62254	-1.16613	0.47020	0.88079	37	161	True	False	False
52	51	N	0.83095	0.87611	0.03664	2.23248	-1.00685	0.62252	0.93046	22	115	True	False	False
53	52	S	0.46879	0.49461	0.03756	2.01000	-1.00498	0.56291	0.52649	144	133	True	False	False
54	53	V	0.13687	0.14354	0.03526	4.72413	-0.69191	0.93709	0.00993	300	20	True	False	False
55	54	I	0.60577	0.63750	0.03526	4.08539	-0.95694	0.89073	0.72185	85	34	True	True	True
56	55	V	0.58494	0.61310	0.03203	1.49115	-1.00028	0.41722	0.70199	91	177	True	True	True
57	56	A	0.62510	0.65675	0.03387	4.97064	-1.26214	0.94702	0.76159	73	17	True	True	True
58	57	T	0.90520	0.95037	0.03295	1.52061	-1.14428	0.42384	0.98675	5	175	True	True	True
59	58	D	0.90402	0.94862	0.03249	0.00000	-1.10160	0.09106	0.98344	6	275	True	True	True
60	59	S	0.67182	0.70411	0.03180	1.81015	-1.20907	0.50993	0.81457	57	149	True	False	False
61	60	I	0.44268	0.46567	0.03521	3.89816	-1.04337	0.86093	0.50000	152	43	True	False	False
62	61	K	0.85854	0.90223	0.03380	0.65093	-1.35608	0.21854	0.95033	16	237	True	False	False
63	62	N	0.84288	0.88504	0.03310	2.01253	-1.11329	0.56788	0.93709	20	131	True	False	False
64	63	T	0.65661	0.74081	0.11615	2.07475	-1.00176	0.58940	0.83775	50	125	True	False	False
65	64	I	0.52462	0.55222	0.03556	4.01564	-0.98568	0.88411	0.62252	115	36	True	False	False
66	65	Y	0.53711	0.56538	0.03556	1.59968	-0.83027	0.45695	0.64570	108	165	True	False	False
67	66	I	0.41063	0.46120	0.18522	2.54426	-0.53045	0.67550	0.49338	154	99	True	False	False
68	67	T	0.35079	0.36550	0.02877	4.07913	-0.75137	0.88742	0.39073	185	35	True	False	False
69	68	A	0.81611	0.84994	0.02646	0.00000	-0.58844	0.09106	0.91060	28	275	True	False	False
70	69	K	0.54940	0.57122	0.02609	3.14100	-0.57442	0.77152	0.65563	105	70	True	False	False
71	70	Q	0.23964	0.24732	0.02470	3.10328	-0.62826	0.76490	0.17550	250	72	True	False	False
72	71	N	0.23580	0.23845	0.19876	1.84927	-0.54271	0.51987	0.14901	258	146	True	False	False
73	72	P	0.67850	0.57913	0.70486	0.00000	-0.24035	0.09106	0.67219	100	275	True	False	False
74	73	V	0.44023	0.49801	0.19143	1.63394	-0.43611	0.47682	0.53642	141	159	True	False	False
75	74	T	0.11459	0.11680	0.02411	1.29927	-0.68375	0.35430	0.00331	302	196	True	False	False
76	75	P	0.31231	0.32218	0.02319	2.16697	-0.76400	0.61258	0.32119	206	118	True	False	False
77	76	P	0.45023	0.47636	0.03992	6.22824	-0.73807	0.99338	0.50993	149	3	True	False	False
78	77	E	0.88689	0.91225	0.01696	0.00000	-0.70409	0.09106	0.96026	13	275	True	False	False
79	78	L	0.19929	0.20034	0.01514	0.00000	-0.74983	0.09106	0.06954	282	275	True	False	False
80	79	F	0.77336	0.79217	0.01468	3.97766	-0.70999	0.88079	0.86755	41	37	True	False	False
81	80	G	0.58744	0.65226	0.09442	8.33053	-0.63265	1.00000	0.75497	75	1	True	False	False
82	81	S	0.37959	0.38851	0.01791	0.00000	-0.42986	0.09106	0.42053	176	275	True	False	False
83	82	I	0.17531	0.17541	0.01484	2.55860	-0.47465	0.68212	0.04636	289	97	True	False	False
84	83	L	0.69583	0.71289	0.01530	2.29316	-0.66080	0.63245	0.82450	54	112	True	False	False
85	84	G	0.53329	0.54447	0.01459	2.57432	-0.49738	0.68543	0.59934	122	96	True	False	False
86	85	T	0.23956	0.23894	0.01090	0.00000	-0.54851	0.09106	0.15563	256	275	True	False	False
87	86	H	0.63538	0.64679	0.01190	2.76459	-0.68998	0.70861	0.74172	79	89	True	False	False
88	87	F	0.74074	0.75797	0.01421	2.93057	-0.78657	0.73510	0.85099	46	81	True	False	False
89	88	I	0.46894	0.47861	0.01515	4.36351	-0.92334	0.92384	0.51987	146	24	True	False	False
90	89	E	0.24097	0.24635	0.02016	0.00000	-0.60427	0.09106	0.17219	251	275	True	False	False
91	90	K	0.24690	0.24929	0.01488	1.83713	-0.79541	0.51656	0.18543	247	147	True	False	False
92	91	Y	0.46382	0.47656	0.01901	3.00673	-0.84375	0.75497	0.51325	148	75	True	False	False
93	92	N	0.30482	0.30892	0.01470	0.00000	-0.58072	0.09106	0.31126	209	275	True	False	False
94	93	H	0.37904	0.40714	0.05423	1.87873	-0.69805	0.52318	0.44371	169	145	True	False	False
95	94	I	0.59885	0.60809	0.01089	5.50528	-0.45056	0.97351	0.69868	92	9	True	False	False
96	95	H	0.25803	0.26139	0.01581	1.02053	-0.38692	0.32781	0.20861	240	204	True	False	False
97	96	A	0.23421	0.23571	0.01412	2.46638	-0.36891	0.66887	0.14570	259	101	True	False	False
98	97	A	0.53563	0.54643	0.01412	1.91635	-0.57590	0.52980	0.60265	121	143	True	False	False
99	98	H	0.20345	0.20416	0.01438	2.22210	-0.34075	0.61589	0.08278	278	117	True	False	False
100	99	V	0.54107	0.55320	0.01533	3.24619	-0.58187	0.80132	0.62583	114	61	True	False	False
101	100	N	0.15791	0.15791	0.01563	2.66281	-0.49376	0.69868	0.02318	296	92	True	False	False
102	101	I	0.50056	0.51167	0.01563	5.22814	-0.62754	0.96026	0.55298	136	13	True	False	False
103	102	V	0.32693	0.33264	0.01594	2.43911	-0.51735	0.66556	0.33113	203	102	True	False	False
104	103	C	0.40239	0.41056	0.01594	3.94000	-0.42860	0.87748	0.45033	167	38	True	False	False
105	104	H	0.22803	0.23106	0.01686	4.28505	-0.50112	0.91722	0.13245	263	26	True	False	False
106	105	R	0.28442	0.28873	0.01594	2.28616	-0.44766	0.62914	0.26490	223	113	True	False	False
107	106	W	0.84795	0.87072	0.01594	0.00000	-0.65489	0.09106	0.92384	24	275	True	False	False
108	107	T	0.23567	0.23867	0.01640	2.88354	-0.52348	0.72517	0.15232	257	84	True	False	False
109	108	R	0.72746	0.74733	0.01686	0.96385	-0.55890	0.32450	0.84106	49	205	True	False	False
110	109	M	0.39037	0.40196	0.02108	2.68205	-0.52343	0.70199	0.43046	173	91	True	False	False
111	110	D	0.35558	0.12214	0.51731	0.00000	-0.43327	0.09106	0.00662	301	275	True	False	False
112	111	I	0.41532	0.46330	0.22272	0.86806	-1.16863	0.30464	0.49669	153	211	True	False	False
113	112	D	0.34962	0.38832	0.15174	1.38273	-1.32950	0.36921	0.41722	177	191	True	False	False
114	113	G	0.59823	0.66988	0.10688	0.00000	-1.41090	0.09106	0.77815	68	275	True	False	False
115	114	K	0.19712	0.21292	0.11228	0.00000	-1.16746	0.09106	0.10596	271	275	True	False	False
116	115	P	0.32562	0.36044	0.13355	0.89754	-1.14484	0.30795	0.38411	187	210	True	False	False
117	116	H	0.71264	0.84061	0.19194	1.20100	-1.38107	0.34106	0.89735	32	200	True	False	False
118	117	P	0.25845	0.28136	0.13611	0.63158	-0.54321	0.20033	0.25497	226	242	True	False	False
119	118	H	0.79464	0.88624	0.09650	2.95436	-0.57859	0.73841	0.94371	18	80	True	False	False
120	119	S	0.58365	0.59929	0.01751	3.19896	-0.66500	0.78146	0.68543	96	67	True	False	False
121	120	F	0.78666	0.84603	0.05527	0.00000	-0.51081	0.09106	0.90397	30	275	True	False	False
122	121	I	0.21505	0.22193	0.02521	2.34668	-0.50488	0.63576	0.11589	268	111	True	False	False
123	122	R	0.40522	0.42001	0.02492	2.60769	-0.59590	0.68874	0.46358	163	95	True	False	False
124	123	D	0.27037	0.27405	0.22200	2.39916	-0.43580	0.65894	0.23510	232	104	True	False	False
125	124	S	0.58672	0.66691	0.13419	0.00000	-0.46644	0.09106	0.77152	70	275	True	False	False
126	125	E	0.18462	0.19088	0.02685	1.92192	-0.57525	0.53642	0.05960	285	141	True	False	False
127	126	E	0.52037	0.54947	0.03818	3.83172	-0.41599	0.85099	0.61589	117	46	True	False	False
128	127	K	0.30251	0.30329	0.01050	1.68399	-0.48969	0.48675	0.30132	212	156	True	False	False
129	128	R	0.53677	0.56188	0.03115	3.83405	-0.41995	0.85430	0.63907	110	45	True	False	False
130	129	N	0.33098	0.34641	0.03192	2.11733	-0.51482	0.59934	0.35430	196	122	True	False	False
131	130	V	0.45547	0.47686	0.03156	5.04723	-0.55823	0.95364	0.51656	147	15	True	False	False
132	131	Q	0.16559	0.16208	0.00967	3.81134	-0.24708	0.84768	0.02980	294	47	True	False	False
133	132	V	0.58073	0.58703	0.00875	4.20111	-0.44933	0.90066	0.67881	98	31	True	False	False
134	133	D	0.23816	0.23464	0.00736	1.95590	-0.36150	0.54636	0.14238	260	138	True	False	False
135	134	V	0.22973	0.24554	0.14757	2.54887	-0.34560	0.67881	0.16887	252	98	True	False	False
136	135	V	0.27228	0.16846	0.37647	0.76057	-0.79695	0.27483	0.04305	290	220	True	False	False
137	136	E	0.44891	0.44734	0.39073	1.48260	-0.82278	0.41060	0.48013	158	179	True	False	False
138	137	G	0.24267	0.26452	0.12055	0.00000	-0.45713	0.09106	0.21854	237	275	True	False	False
139	138	K	0.34023	0.16693	0.47225	0.00000	-0.59258	0.09106	0.03974	291	275	True	False	False
140	139	G	0.51841	0.56340	0.06706	0.00000	-0.48463	0.09106	0.64238	109	275	True	False	False
141	140	I	0.40560	0.21989	0.52184	0.00000	-0.47329	0.09106	0.11258	269	275	True	False	False
142	141	D	0.24590	0.19645	0.30002	0.00000	-0.35140	0.09106	0.06623	283	275	True	False	False
143	142	I	0.59536	0.60420	0.01061	5.35701	-0.35047	0.96689	0.69536	93	11	True	False	False
144	143	K	0.20707	0.20467	0.00969	1.82415	-0.28275	0.51325	0.08940	276	148	True	False	False
145	144	S	0.56554	0.57184	0.00908	5.45614	-0.49775	0.97020	0.65894	104	10	True	False	False
146	145	S	0.79067	0.80441	0.01031	1.38966	-0.55499	0.37417	0.87748	38	190	True	False	False
147	146	L	0.54006	0.54707	0.01031	3.37656	-0.41138	0.80795	0.60596	120	59	True	False	False
148	147	S	0.28055	0.28083	0.01061	3.20954	-0.52389	0.78808	0.25166	227	65	True	False	False
149	148	G	0.56164	0.57056	0.01154	2.81068	-0.63146	0.71854	0.65232	106	86	True	False	False
150	149	L	0.74045	0.75440	0.01154	0.63404	-0.56082	0.20530	0.84768	47	241	True	False	False
151	150	T	0.26413	0.26528	0.01234	3.92450	-0.33726	0.86424	0.22185	236	42	True	False	False
152	151	V	0.65746	0.66722	0.00998	3.00173	-0.43985	0.75166	0.77483	69	76	True	False	False
153	152	L	0.70190	0.71046	0.00814	0.00000	-0.73664	0.09106	0.81788	56	275	True	False	False
154	153	K	0.84415	0.85622	0.00814	2.07191	-0.66949	0.58609	0.91722	26	126	True	False	False
155	154	S	0.64396	0.65110	0.00814	1.28804	-0.76174	0.35099	0.75166	76	197	True	False	False
156	155	T	0.76329	0.77362	0.00832	1.31708	-0.54446	0.35762	0.85762	44	195	True	False	False
157	156	N	0.50670	0.51416	0.01163	2.39448	-0.67857	0.65563	0.56291	133	105	True	False	False
158	157	S	0.91041	0.93011	0.01221	1.66340	-0.81990	0.48344	0.96689	11	157	True	False	False
159	158	Q	0.42777	0.43269	0.01129	3.22948	-0.72318	0.79139	0.47351	160	64	True	False	False
160	159	F	0.87769	0.89490	0.01111	1.95470	-0.63758	0.54305	0.94702	17	139	True	True	False
161	160	W	0.23661	0.23950	0.01618	5.33518	-0.73817	0.96358	0.16225	254	12	True	False	False
162	161	G	0.62495	0.63922	0.01480	3.23374	-0.67929	0.79470	0.72517	84	63	True	False	False
163	162	F	0.78639	0.80336	0.01288	1.79805	-1.16992	0.50662	0.87417	39	150	True	False	False
164	163	L	0.27663	0.27829	0.01254	6.13846	-0.55558	0.98675	0.24834	228	5	True	False	False
165	164	R	0.42224	0.42601	0.01023	5.75171	-0.99540	0.98013	0.46689	162	7	True	False	False
166	165	D	0.80402	0.81925	0.01115	0.00000	-0.88249	0.09106	0.89073	34	275	True	False	False
167	166	E	0.39939	0.40340	0.01115	3.38435	-0.51001	0.81126	0.43377	172	58	True	False	False
168	167	Y	0.66187	0.67600	0.01361	1.91881	-0.54454	0.53311	0.79139	64	142	True	False	False
169	168	T	0.85147	0.87042	0.01292	2.13262	-1.03542	0.60596	0.92053	25	120	True	False	False
170	169	T	0.67395	0.68711	0.01246	2.01253	-0.65777	0.56788	0.79801	62	131	True	False	False
171	170	L	0.92854	0.94779	0.01154	0.74133	-0.78069	0.26490	0.97682	8	223	True	True	False
172	171	K	0.44124	0.45050	0.01572	2.84219	-0.65710	0.72185	0.48344	157	85	True	False	False
173	172	E	0.65799	0.67097	0.01271	5.98266	-1.02769	0.98344	0.78146	67	6	True	False	False
174	173	T	0.49083	0.49758	0.01137	2.35540	-0.90440	0.63907	0.53311	142	110	True	False	False
175	174	W	0.15821	0.15462	0.00983	2.38288	-0.45828	0.64570	0.01987	297	108	True	False	False
176	175	D	0.83868	0.85304	0.00983	0.94966	-0.73153	0.31788	0.91391	27	207	True	False	False
177	176	R	0.95456	0.97198	0.00983	0.69532	-0.72766	0.23510	0.99669	2	232	True	True	False
178	177	I	0.54887	0.55872	0.01278	0.63561	-0.66549	0.20861	0.63576	111	240	True	False	False
179	178	L	0.62387	0.63490	0.01186	1.60402	-0.57234	0.46358	0.71854	86	163	True	False	False
180	179	S	0.54915	0.55574	0.00971	1.54133	-0.50812	0.43709	0.62914	113	171	True	False	False
181	180	T	0.79691	0.88586	0.09235	1.38103	-0.85348	0.36424	0.94040	19	193	True	False	False
182	181	D	0.28640	0.31427	0.09266	4.67257	-0.47859	0.93046	0.31788	207	22	True	False	False
183	182	V	0.59058	0.60098	0.01215	2.39355	-0.57909	0.65232	0.68874	95	106	True	False	False
184	183	D	0.28570	0.28827	0.01340	1.52556	-0.53180	0.43377	0.26159	224	172	True	False	False
185	184	A	0.49994	0.50892	0.01338	1.43805	-0.59396	0.39073	0.54967	137	185	True	False	False
186	185	T	0.18601	0.18556	0.01338	1.04731	-0.33063	0.33113	0.05629	286	203	True	False	False
187	186	W	0.81872	0.84261	0.01765	0.79990	-0.64477	0.27815	0.90066	31	219	True	False	False
188	187	Q	0.29311	0.30593	0.03036	2.13584	-0.34516	0.60927	0.30464	211	119	True	False	False
189	188	W	0.49810	0.51871	0.02747	4.10216	-0.53916	0.89404	0.57285	130	33	True	False	False
190	189	K	0.66309	0.24974	0.77876	3.44933	-0.72898	0.82119	0.19205	245	55	True	False	False
191	190	N	0.65327	0.26794	0.76648	1.35924	-0.73543	0.36093	0.22848	234	194	True	False	False
192	191	F	0.68097	0.36655	0.77142	1.46315	-0.71177	0.39735	0.39735	183	183	True	False	False
193	192	S	0.18558	0.18007	0.18626	0.81869	-0.60134	0.29139	0.05298	287	215	True	False	False
194	193	G	0.25784	0.21199	0.30251	0.00000	-0.44278	0.09106	0.09934	273	275	True	False	False
195	194	L	0.45205	0.23263	0.57137	0.80231	-0.90987	0.28808	0.13576	262	216	True	False	False
196	195	Q	0.40566	0.15954	0.55427	0.00000	-0.96286	0.09106	0.02649	295	275	True	False	False
197	196	E	0.23690	0.24954	0.16783	0.00000	-1.00365	0.09106	0.18874	246	275	True	False	False
198	197	V	0.33188	0.35523	0.21911	0.62504	-0.68411	0.18874	0.37417	190	246	True	False	False
199	198	R	0.70635	0.20424	0.82166	0.69914	-0.86651	0.23841	0.08609	277	231	True	False	False
200	199	S	0.64728	0.22268	0.77029	2.35867	-0.98108	0.64238	0.12252	266	109	True	False	False
201	200	H	0.68818	0.25191	0.79980	2.46692	-0.80753	0.67219	0.19868	243	100	True	False	False
202	201	V	0.66338	0.22250	0.78402	0.82446	-0.91756	0.29470	0.11921	267	214	True	False	False
203	202	P	0.46396	0.25647	0.57363	0.00000	-0.88705	0.09106	0.20199	242	275	True	False	False
204	203	K	0.37625	0.41004	0.07215	0.00000	-0.67197	0.09106	0.44702	168	275	True	False	False
205	204	F	0.50410	0.54718	0.06569	0.94471	-0.62971	0.31457	0.60927	119	208	True	False	False
206	205	D	0.32072	0.33427	0.02922	3.92514	-0.59288	0.87086	0.33444	202	40	True	False	False
207	206	A	0.25732	0.26704	0.02735	0.00000	-0.87427	0.09106	0.22517	235	275	True	False	False
208	207	T	0.27230	0.29902	0.10971	4.68005	-0.74043	0.93377	0.29470	214	21	True	False	False
209	208	W	0.31310	0.34571	0.11261	3.12522	-0.61351	0.76821	0.35099	197	71	True	False	False
210	209	A	0.23304	0.23922	0.02223	0.00000	-0.76418	0.09106	0.15894	255	275	True	False	False
211	210	T	0.17517	0.17764	0.01923	3.39992	-0.79282	0.81457	0.04967	288	57	True	False	False
212	211	A	0.55051	0.56658	0.01923	3.55238	-0.61234	0.82781	0.64901	107	53	True	False	False
213	212	R	0.50391	0.51807	0.01898	3.73091	-0.58293	0.84106	0.56954	131	49	True	False	False
214	213	E	0.23009	0.23457	0.01926	0.00000	-0.85036	0.09106	0.13907	261	275	True	False	False
215	214	V	0.26960	0.27542	0.01911	4.22415	-0.69738	0.91391	0.24172	230	27	True	False	False
216	215	T	0.41568	0.42735	0.01987	3.06824	-0.53948	0.75828	0.47020	161	74	True	False	False
217	216	L	0.44257	0.45593	0.02080	3.20788	-0.53563	0.78477	0.48675	156	66	True	False	False
218	217	K	0.28517	0.29311	0.02172	1.38273	-0.75635	0.36921	0.28146	218	191	True	False	False
219	218	T	0.28364	0.28939	0.01818	1.58291	-0.50477	0.45033	0.26821	222	167	True	False	False
220	219	F	0.92813	0.95771	0.01911	0.64961	-0.75919	0.21358	0.99007	4	238	True	False	False
221	220	A	0.56627	0.58608	0.02282	0.91611	-0.61310	0.31126	0.67550	99	209	True	False	False
222	221	E	0.26843	0.27718	0.02441	0.00000	-0.58850	0.09106	0.24503	229	275	True	False	False
223	222	D	0.43762	0.33519	0.48819	1.42821	-0.53839	0.38411	0.34106	200	187	True	False	False
224	223	N	0.28156	0.29029	0.02337	4.83481	-0.78962	0.94040	0.27152	221	19	True	False	False
225	224	S	0.87280	0.90417	0.02222	1.43600	-0.92046	0.38742	0.95364	15	186	True	False	False
226	225	A	0.33904	0.34939	0.02222	1.23203	-1.15101	0.34437	0.35762	195	199	True	False	False
227	226	S	0.76721	0.79137	0.01945	1.95616	-0.75516	0.54967	0.86424	42	137	True	True	False
228	227	V	0.60178	0.62078	0.02037	0.00000	-0.82930	0.09106	0.71192	88	275	True	True	False
229	228	Q	0.94057	0.97472	0.02230	0.64961	-0.99920	0.21358	1.00000	1	238	True	True	False
230	229	A	0.31800	0.33046	0.02738	0.68127	-0.83108	0.22517	0.32781	204	235	True	False	False
231	230	T	0.78351	0.88138	0.10789	0.72226	-0.79591	0.24834	0.93377	21	228	True	False	False
232	231	M	0.61314	0.64105	0.03000	1.47551	-0.81305	0.40397	0.72848	83	181	True	False	False
233	232	Y	0.61878	0.64527	0.02800	0.00000	-0.91883	0.09106	0.73510	81	275	True	False	False
234	233	K	0.20435	0.21209	0.02830	0.00000	-0.89317	0.09106	0.10265	272	275	True	False	False
235	234	M	0.61931	0.64530	0.02738	1.56832	-0.85786	0.44702	0.73841	80	168	True	False	False
236	235	A	0.49121	0.51210	0.02830	3.30610	-0.82405	0.80464	0.55629	135	60	True	False	False
237	236	E	0.19573	0.20389	0.03046	0.00000	-0.93493	0.09106	0.07947	279	275	True	False	False
238	237	Q	0.27736	0.29048	0.03276	1.46742	-0.92532	0.40066	0.27483	220	182	True	False	False
239	238	I	0.50441	0.52916	0.03292	6.21963	-0.76903	0.99007	0.58278	127	4	True	False	False
240	239	L	0.74300	0.77907	0.03206	0.00000	-0.91020	0.09106	0.86093	43	275	True	False	False
241	240	A	0.27840	0.29593	0.04406	0.00000	-0.88609	0.09106	0.28477	217	275	True	False	False
242	241	R	0.24662	0.26342	0.04857	1.96162	-0.99139	0.55298	0.21192	239	136	True	False	False
243	242	Q	0.18979	0.20382	0.05452	5.06873	-0.98164	0.95695	0.07616	280	14	True	False	False
244	243	Q	0.51999	0.55638	0.05022	0.00000	-0.91372	0.09106	0.63245	112	275	True	False	False
245	244	L	0.27468	0.29674	0.06146	0.83142	-0.87913	0.29801	0.28808	216	213	True	False	False
246	245	I	0.54536	0.57484	0.03666	2.78228	-0.66333	0.71192	0.66887	101	88	True	False	False
247	246	E	0.23504	0.24814	0.03863	1.45533	-0.67897	0.39404	0.17881	249	184	True	False	False
248	247	T	0.34529	0.36241	0.03386	2.91685	-0.66401	0.73179	0.38742	186	82	True	False	False
249	248	V	0.62694	0.65890	0.03413	4.88861	-0.90323	0.94371	0.76490	72	18	True	False	False
250	249	E	0.25111	0.26424	0.03619	2.05483	-0.70953	0.58278	0.21523	238	127	True	False	False
251	250	Y	0.44641	0.47028	0.03637	2.97673	-0.80565	0.74172	0.50662	150	79	True	False	False
252	251	S	0.29053	0.30741	0.04022	0.83988	-0.74323	0.30132	0.30795	210	212	True	False	False
253	252	L	0.46875	0.49540	0.03898	2.62735	-0.81548	0.69205	0.52980	143	94	True	False	False
254	253	P	0.77132	0.81585	0.03950	0.00000	-1.08812	0.09106	0.88742	35	275	True	False	False
255	254	N	0.89199	0.94452	0.04045	2.39241	-1.20503	0.64901	0.97351	9	107	True	True	False
256	255	K	0.50251	0.53891	0.05252	2.26707	-0.84349	0.62583	0.59603	123	114	True	False	False
257	256	H	0.82558	0.93934	0.12232	1.64844	-1.21447	0.48013	0.97020	10	158	True	True	False
258	257	Y	0.48817	0.54990	0.12786	2.09870	-0.96667	0.59272	0.61921	116	124	True	False	False
259	258	F	0.45611	0.51386	0.13592	2.99675	-0.98632	0.74834	0.55960	134	77	True	False	False
260	259	E	0.31658	0.34996	0.12665	0.00000	-0.93832	0.09106	0.36424	193	275	True	False	False
261	260	I	0.35944	0.38177	0.04334	4.32760	-0.87048	0.92053	0.41391	178	25	True	False	False
262	261	D	0.63066	0.67475	0.05016	0.73168	-0.97899	0.25828	0.78808	65	225	True	False	False
263	262	L	0.57278	0.64854	0.12801	1.69703	-1.17904	0.49338	0.74503	78	154	True	False	False
264	263	S	0.31053	0.34290	0.12771	0.72457	-1.14177	0.25497	0.34437	199	226	True	False	False
265	264	W	0.67511	0.50782	0.72684	3.15817	-0.56276	0.77483	0.54636	138	69	True	False	False
266	265	H	0.50345	0.57334	0.15603	0.74300	-0.79997	0.26821	0.66225	103	222	True	False	False
267	266	K	0.78985	0.57470	0.84127	0.00000	-0.37841	0.09106	0.66556	102	275	True	False	False
268	267	G	0.59321	0.69536	0.21924	0.63127	-0.82100	0.19371	0.80795	59	244	True	False	False
269	268	L	0.41821	0.46929	0.13600	3.23525	-0.53217	0.79801	0.50331	151	62	True	False	False
270	269	Q	0.31386	0.33484	0.04738	1.69007	-0.71199	0.49007	0.33775	201	155	True	False	False
271	270	N	0.63543	0.67973	0.04997	1.61592	-0.64708	0.46689	0.79470	63	162	True	False	False
272	271	T	0.60475	0.39153	0.68264	2.04973	-0.78025	0.57947	0.42384	175	128	True	False	False
273	272	G	0.83432	0.79726	0.85398	0.80061	-0.54699	0.28477	0.87086	40	217	True	False	False
274	273	K	0.68450	0.34956	0.77846	1.48095	-0.68254	0.40728	0.36093	194	180	True	False	False
275	274	N	0.32315	0.35543	0.16349	0.63127	-0.80018	0.19371	0.37748	189	244	True	False	False
276	275	A	0.61621	0.45843	0.67048	1.70879	-0.86064	0.49669	0.49007	155	153	True	False	False
277	276	E	0.47547	0.53792	0.14360	3.63902	-0.69081	0.83775	0.59272	124	50	True	False	False
278	277	V	0.71854	0.76678	0.04765	4.21873	-0.85968	0.91060	0.85430	45	28	True	False	False
279	278	F	0.59834	0.64220	0.05330	2.63004	-0.92344	0.69536	0.73179	82	93	True	False	False
280	279	A	0.19631	0.20641	0.14461	2.99466	-0.94631	0.74503	0.09272	275	78	True	False	False
281	280	P	0.60592	0.69116	0.13905	3.93557	-0.95724	0.87417	0.80132	61	39	True	False	False
282	281	Q	0.80553	0.61469	0.85131	2.12987	-0.33555	0.60265	0.70530	90	121	True	False	False
283	282	S	0.32093	0.34384	0.05162	2.02905	-1.06772	0.57285	0.34768	198	130	True	False	False
284	283	D	0.49694	0.53508	0.05669	1.62378	-1.08153	0.47351	0.58940	125	160	True	False	False
285	284	P	0.85151	0.91012	0.04918	3.16982	-1.06883	0.77815	0.95695	14	68	True	False	False
286	285	N	0.70352	0.62486	0.72240	3.44879	-0.65352	0.81788	0.71523	87	56	True	False	False
287	286	G	0.86172	0.92362	0.05189	5.00355	-1.28467	0.95033	0.96358	12	16	True	False	False
288	287	L	0.38610	0.41691	0.06011	0.68203	-0.87756	0.22848	0.45695	165	234	True	False	False
289	288	I	0.75969	0.87305	0.13971	4.21473	-1.29022	0.90728	0.92715	23	29	True	False	False
290	289	K	0.31999	0.35264	0.09940	1.60101	-0.80043	0.46026	0.36755	192	164	True	False	False
291	290	C	0.47534	0.51508	0.06381	1.54203	-1.04827	0.44040	0.56623	132	170	True	False	False
292	291	T	0.45346	0.48864	0.05758	2.80106	-1.07988	0.71523	0.52318	145	87	True	False	False
293	292	V	0.56097	0.60376	0.05617	1.98917	-1.02759	0.55960	0.69205	94	134	True	False	False
294	293	G	0.17812	0.19230	0.06260	4.17188	-0.85280	0.89735	0.06291	284	32	True	False	False
295	294	R	0.77997	0.83902	0.05550	5.70338	-0.83795	0.97682	0.89404	33	8	True	False	False
296	295	S	0.23020	0.24864	0.13262	1.49540	-0.68135	0.42053	0.18212	248	176	True	False	False
297	296	S	0.47176	0.40437	0.48696	0.80030	-0.74216	0.28146	0.43709	171	218	True	False	False
298	297	L	0.47003	0.35503	0.52311	0.00000	-1.11345	0.09106	0.37086	191	275	True	False	False
299	298	K	0.35292	0.16612	0.48874	0.00000	-1.54017	0.09106	0.03642	292	275	True	False	False
300	299	S	0.38315	0.36589	0.35325	0.00000	-1.87942	0.09106	0.39404	184	275	True	False	False
301	300	K	0.42841	0.37879	0.43244	0.00000	-1.70905	0.09106	0.41060	179	275	True	False	False
302	301	L	0.67196	0.67411	0.64394	0.62389	-1.26643	0.18543	0.78477	66	247	True	False	False
