pos_mature,pos_uniprot,wt_aa,C_i_nogap,C_i,gap_frac,sigma_raw,sigma_pct,C_pct,C_rank,sigma_rank,active_site,cross_subunit
1,2,S,0.43372,0.67449,0.74836,0.00000,0.09768,0.50331,151,273,False,False
2,3,A,0.19614,0.51506,0.65458,0.00000,0.09768,0.11258,269,273,False,False
3,4,V,0.81386,0.66815,0.36324,0.00000,0.09768,0.88742,35,273,False,False
4,5,K,0.39240,0.39927,0.35138,1.84561,0.51656,0.45364,166,147,False,False
5,6,A,0.17984,0.25662,0.33968,0.00000,0.09768,0.05960,285,273,False,False
6,7,A,0.47695,0.44099,0.30783,0.87119,0.29470,0.56954,131,214,False,False
7,8,R,0.35212,0.34389,0.27268,1.29453,0.37086,0.39404,184,191,False,False
8,9,Y,0.87794,0.75250,0.16525,1.17807,0.34768,0.93377,21,198,True,True
9,10,G,0.99088,0.84764,0.16078,0.74327,0.27483,1.00000,1,220,False,False
10,11,K,0.93657,0.80373,0.15882,0.58660,0.21523,0.98344,6,238,True,True
11,12,D,0.37607,0.33977,0.15824,1.06147,0.32119,0.42715,174,206,False,False
12,13,N,0.28800,0.26661,0.15683,1.97199,0.55629,0.30795,210,135,False,False
13,14,V,0.61052,0.53425,0.15645,0.99378,0.31457,0.73841,80,208,False,False
14,15,R,0.57641,0.50624,0.15435,1.86934,0.51987,0.70199,91,146,False,False
15,16,V,0.57088,0.50211,0.15095,3.32416,0.77815,0.69205,94,68,False,False
16,17,Y,0.37664,0.34035,0.15993,4.30737,0.91722,0.43046,173,26,False,False
17,18,K,0.58834,0.51511,0.16166,1.16418,0.34106,0.70861,89,200,False,False
18,19,V,0.60409,0.52927,0.15429,2.00334,0.55960,0.73179,82,134,False,False
19,20,H,0.12259,0.13733,0.18029,1.96648,0.55298,0.01325,299,136,False,False
20,21,K,0.70442,0.60546,0.18608,0.00000,0.09768,0.82450,54,273,False,False
21,22,D,0.30586,0.32126,0.30003,0.83451,0.29139,0.32781,204,215,False,False
22,23,E,0.30676,0.39514,0.44401,0.00000,0.09768,0.33113,203,273,False,False
23,24,K,0.17622,0.27599,0.37484,0.00000,0.09768,0.04967,288,273,False,False
24,25,T,0.33417,0.36186,0.35082,0.00000,0.09768,0.37417,190,273,False,False
25,26,G,0.35808,0.37777,0.35230,0.00000,0.09768,0.40397,181,273,False,False
26,27,V,0.26351,0.26685,0.23598,0.59655,0.22517,0.26159,224,235,False,False
27,28,Q,0.62742,0.54815,0.15713,0.00000,0.09768,0.77483,69,273,False,False
28,29,T,0.21070,0.20013,0.14565,1.79041,0.48675,0.14570,259,156,False,False
29,30,V,0.50575,0.44982,0.13119,3.03678,0.73179,0.59603,123,82,False,False
30,31,Y,0.19782,0.18575,0.12605,4.14457,0.89735,0.11921,267,32,False,False
31,32,E,0.61520,0.54526,0.12378,1.80307,0.49007,0.75166,76,155,False,False
32,33,M,0.37183,0.33546,0.12271,3.73420,0.85099,0.42384,175,46,False,False
33,34,T,0.39276,0.35364,0.12058,4.80752,0.94371,0.45695,165,18,False,False
34,35,V,0.74233,0.65701,0.11841,2.56892,0.66556,0.85762,44,102,False,False
35,36,C,0.22981,0.21238,0.11810,2.24911,0.60265,0.17881,249,121,False,False
36,37,V,0.42325,0.38053,0.11516,5.20052,0.96026,0.48675,156,13,False,False
37,38,L,0.23863,0.21980,0.11532,0.65103,0.24503,0.19868,243,229,False,False
38,39,L,0.69926,0.62149,0.11346,1.78234,0.48344,0.82119,55,157,False,False
39,40,E,0.24535,0.22546,0.11244,2.83749,0.70861,0.21523,238,89,False,False
40,41,G,0.82314,0.73024,0.11208,0.00000,0.09768,0.90397,30,273,False,False
41,42,E,0.52309,0.46795,0.11279,2.05880,0.57616,0.62914,113,129,False,False
42,43,I,0.48745,0.43746,0.10923,1.95312,0.54305,0.58940,125,139,False,False
43,44,E,0.25657,0.23505,0.10773,0.00000,0.09768,0.23841,231,273,False,False
44,45,T,0.26198,0.23975,0.10644,3.43995,0.79801,0.25497,226,62,False,False
45,46,S,0.44330,0.39922,0.10618,4.25688,0.91391,0.51325,148,27,False,False
46,47,Y,0.63347,0.56666,0.10564,2.36119,0.62583,0.77815,68,114,False,False
47,48,T,0.44593,0.40147,0.10653,0.00000,0.09768,0.51656,147,273,False,False
48,49,K,0.21742,0.20033,0.10278,0.00000,0.09768,0.15894,255,273,False,False
49,50,A,0.76876,0.68863,0.09961,0.58867,0.22185,0.87086,40,236,False,False
50,51,D,0.81876,0.73386,0.09792,0.62437,0.23841,0.89735,32,231,False,False
51,52,N,0.86086,0.77178,0.09699,1.31915,0.39073,0.92053,25,185,False,False
52,53,S,0.45650,0.41264,0.09625,2.56887,0.66225,0.53642,141,103,False,False
53,54,V,0.12168,0.11477,0.09521,5.00225,0.95364,0.00993,300,15,False,False
54,55,I,0.61693,0.55770,0.08979,2.94505,0.72185,0.76159,73,85,True,True
55,56,V,0.61087,0.55367,0.08616,2.97777,0.72517,0.74172,79,84,True,True
56,57,A,0.67153,0.60992,0.08246,3.54828,0.81788,0.80132,61,56,True,True
57,58,T,0.92140,0.83714,0.08019,1.20134,0.35099,0.96689,11,197,True,True
58,59,D,0.92067,0.83757,0.07869,0.00000,0.09768,0.96026,13,273,True,True
59,60,S,0.73726,0.67182,0.07777,2.43986,0.64238,0.84768,47,109,False,False
60,61,I,0.52053,0.47597,0.07537,2.33123,0.61921,0.61589,117,116,False,False
61,62,K,0.88341,0.80686,0.07434,0.00000,0.09768,0.93709,20,273,False,False
62,63,N,0.88565,0.81015,0.07260,1.34591,0.39735,0.94371,18,183,False,False
63,64,T,0.62381,0.57226,0.07039,1.88794,0.52980,0.77152,70,143,False,False
64,65,I,0.61998,0.56931,0.06921,4.53987,0.93046,0.76490,72,22,False,False
65,66,Y,0.55103,0.50648,0.06844,1.23550,0.35762,0.67219,100,195,False,False
66,67,I,0.41227,0.37998,0.06604,1.82225,0.50331,0.48013,158,151,False,False
67,68,T,0.34121,0.31519,0.06379,3.30248,0.77483,0.38079,188,69,False,False
68,69,A,0.82432,0.76167,0.06177,1.84406,0.51325,0.90728,29,148,False,False
69,70,K,0.43136,0.39921,0.06082,3.42151,0.79139,0.50000,152,64,False,False
70,71,Q,0.25514,0.23367,0.09001,2.43014,0.63907,0.23510,232,110,False,False
71,72,N,0.20839,0.19197,0.07568,2.99508,0.72848,0.14238,260,83,False,False
72,73,P,0.28794,0.26794,0.05499,1.24463,0.36424,0.30464,211,193,False,False
73,74,V,0.29290,0.27323,0.05224,2.30426,0.60927,0.31126,209,119,False,False
74,75,T,0.16916,0.15794,0.05142,0.70947,0.26490,0.03974,291,223,False,False
75,76,P,0.31135,0.29180,0.04754,2.63344,0.67881,0.33775,201,98,False,False
76,77,P,0.40355,0.37913,0.04525,5.39744,0.97351,0.46689,162,9,False,False
77,78,E,0.92093,0.86970,0.04046,0.00000,0.09768,0.96358,12,273,False,False
78,79,L,0.21393,0.20243,0.03953,0.95152,0.30464,0.14901,258,211,False,False
79,80,F,0.74008,0.70193,0.03674,4.43035,0.92384,0.85099,46,24,False,False
80,81,G,0.56040,0.53230,0.03569,7.93065,1.00000,0.68543,96,1,False,False
81,82,S,0.28323,0.26990,0.03415,2.18271,0.59272,0.30132,212,124,False,False
82,83,I,0.17831,0.17024,0.03396,4.83346,0.94702,0.05629,286,17,False,False
83,84,L,0.74781,0.71418,0.03096,1.52340,0.45364,0.86093,43,166,False,False
84,85,G,0.53697,0.51434,0.02921,3.60490,0.83113,0.64901,107,52,False,False
85,86,T,0.27143,0.26123,0.02798,0.92694,0.30132,0.27483,220,212,False,False
86,87,H,0.55411,0.53305,0.02602,2.06107,0.57947,0.67550,99,128,False,False
87,88,F,0.76753,0.73952,0.02404,1.41518,0.42053,0.86755,41,176,False,False
88,89,I,0.52650,0.49586,0.04300,4.49311,0.92715,0.63576,111,23,False,False
89,90,E,0.23868,0.22901,0.03021,0.00000,0.09768,0.20199,242,273,False,False
90,91,K,0.20205,0.19206,0.03645,2.31505,0.61258,0.12583,265,118,False,False
91,92,Y,0.35949,0.33551,0.05165,4.00224,0.87417,0.41060,179,39,False,False
92,93,N,0.38245,0.37264,0.01950,0.00000,0.09768,0.44371,169,273,False,False
93,94,H,0.27570,0.26847,0.02161,2.63961,0.68543,0.28146,218,96,False,False
94,95,I,0.54717,0.53678,0.01367,5.35660,0.97020,0.66556,102,10,False,False
95,96,H,0.23697,0.23552,0.01398,1.48406,0.44371,0.19205,245,169,False,False
96,97,A,0.24864,0.24790,0.01244,3.43166,0.79470,0.22517,235,63,False,False
97,98,A,0.52732,0.51931,0.01181,3.81563,0.86424,0.63907,110,42,False,False
98,99,H,0.27283,0.27255,0.01089,2.58074,0.66887,0.27815,219,101,False,False
99,100,V,0.55481,0.54802,0.00992,3.14638,0.75166,0.67881,98,76,False,False
100,101,N,0.19602,0.19837,0.01008,2.44006,0.64570,0.10927,270,108,False,False
101,102,I,0.46305,0.45908,0.00946,6.58080,0.99669,0.54636,138,2,False,False
102,103,V,0.26255,0.26403,0.00900,4.05600,0.88742,0.25828,225,35,False,False
103,104,C,0.51196,0.50791,0.00838,3.35498,0.78477,0.60265,121,66,False,False
104,105,H,0.18506,0.18824,0.00932,4.03517,0.88079,0.07616,280,37,False,False
105,106,R,0.27935,0.28216,0.00700,2.02804,0.56623,0.29139,215,132,False,False
106,107,W,0.80212,0.79248,0.00734,0.00000,0.09768,0.88411,36,273,False,False
107,108,T,0.20339,0.20332,0.01338,3.51222,0.80795,0.12914,264,59,False,False
108,109,R,0.68841,0.66140,0.02643,0.65275,0.24834,0.80795,59,228,False,False
109,110,M,0.43130,0.40708,0.04114,2.22577,0.59603,0.49669,153,123,False,False
110,111,D,0.12406,0.11612,0.08814,1.03227,0.31788,0.01656,298,207,False,False
111,112,I,0.31505,0.28808,0.14804,1.47805,0.44040,0.34437,199,170,False,False
112,113,D,0.32557,0.29798,0.15854,1.59792,0.45695,0.36093,194,165,False,False
113,114,G,0.62198,0.54206,0.16655,0.00000,0.09768,0.76821,71,273,False,False
114,115,K,0.21403,0.20362,0.14914,0.00000,0.09768,0.15232,257,273,False,False
115,116,P,0.35949,0.32477,0.12928,0.00000,0.09768,0.40728,180,273,False,False
116,117,H,0.59328,0.52747,0.11932,1.81151,0.49338,0.72185,85,154,False,False
117,118,P,0.30314,0.28168,0.05658,1.81188,0.49669,0.32119,206,153,False,False
118,119,H,0.53902,0.51975,0.02446,1.84393,0.50993,0.65232,106,149,False,False
119,120,S,0.48734,0.48253,0.00968,3.48225,0.80464,0.58609,126,60,False,False
120,121,F,0.83713,0.82525,0.00833,0.00000,0.09768,0.91060,28,273,False,False
121,122,I,0.22787,0.22046,0.02585,1.70671,0.47351,0.17550,250,160,False,False
122,123,R,0.36442,0.36325,0.00913,1.88666,0.52649,0.41722,177,144,False,False
123,124,D,0.21694,0.21478,0.01615,2.46766,0.65563,0.15563,256,105,False,False
124,125,S,0.45414,0.45012,0.00975,0.00000,0.09768,0.52649,144,273,False,False
125,126,E,0.18892,0.19206,0.00924,2.05096,0.57285,0.08609,277,130,False,False
126,127,E,0.44957,0.44310,0.01250,4.09672,0.89404,0.51987,146,33,False,False
127,128,K,0.23459,0.23364,0.01334,4.57821,0.93377,0.18874,246,21,False,False
128,129,R,0.47726,0.47780,0.00506,2.45937,0.64901,0.57616,129,107,False,False
129,130,N,0.38686,0.38726,0.00695,3.29433,0.77152,0.45033,167,70,False,False
130,131,V,0.53532,0.53035,0.00869,5.56661,0.98344,0.64570,108,6,False,False
131,132,Q,0.15279,0.14765,0.02833,5.13381,0.95695,0.03311,293,14,False,False
132,133,V,0.59310,0.58836,0.00730,4.34467,0.92053,0.71854,86,25,False,False
133,134,D,0.23087,0.21974,0.03532,2.60172,0.67219,0.18212,248,100,False,False
134,135,V,0.18135,0.17058,0.04429,3.74800,0.86093,0.06623,283,43,False,False
135,136,V,0.19293,0.18836,0.02255,0.80416,0.28146,0.09934,273,218,False,False
136,137,E,0.40638,0.36657,0.10776,1.13367,0.33113,0.47682,159,203,False,False
137,138,G,0.27935,0.25794,0.06533,0.00000,0.09768,0.29470,214,273,False,False
138,139,K,0.31898,0.30727,0.02689,0.00000,0.09768,0.35430,196,273,False,False
139,140,G,0.14737,0.13657,0.07935,0.00000,0.09768,0.02980,294,273,False,False
140,141,I,0.18268,0.17264,0.04059,1.48510,0.44702,0.06954,282,168,False,False
141,142,D,0.12974,0.12360,0.03597,1.90827,0.53642,0.01987,297,141,False,False
142,143,I,0.51970,0.51514,0.00867,3.84938,0.87086,0.61258,118,40,False,False
143,144,K,0.20011,0.20330,0.00880,3.84788,0.86755,0.12252,266,41,False,False
144,145,S,0.61585,0.61305,0.00538,4.22754,0.91060,0.75497,75,28,False,False
145,146,S,0.87489,0.86735,0.00489,1.12236,0.32781,0.93046,22,204,False,False
146,147,L,0.50632,0.50607,0.00520,2.63454,0.68212,0.59934,122,97,False,False
147,148,S,0.23137,0.23760,0.00453,6.12178,0.99338,0.18543,247,3,False,False
148,149,G,0.54008,0.53972,0.00473,3.22629,0.76159,0.66225,103,73,False,False
149,150,L,0.72543,0.72110,0.00483,0.00000,0.09768,0.84106,49,273,False,False
150,151,T,0.24580,0.25123,0.00503,3.55492,0.82119,0.21854,237,55,False,False
151,152,V,0.61619,0.61541,0.00392,3.12082,0.74503,0.75828,74,78,False,False
152,153,L,0.68176,0.67915,0.00427,1.43839,0.42384,0.80464,60,175,False,False
153,154,K,0.80136,0.79570,0.00467,1.86987,0.52318,0.88079,37,145,False,False
154,155,S,0.61439,0.61274,0.00456,1.07394,0.32450,0.74834,77,205,False,False
155,156,T,0.66610,0.66089,0.00636,1.81522,0.50000,0.79139,64,152,False,False
156,157,N,0.46433,0.46291,0.00700,3.63931,0.84437,0.54967,137,48,False,False
157,158,S,0.89887,0.88580,0.00812,0.55599,0.19702,0.94702,17,243,False,False
158,159,Q,0.46923,0.46546,0.00911,4.04071,0.88411,0.55629,135,36,False,False
159,160,F,0.86712,0.85651,0.00697,1.82794,0.50662,0.92715,23,150,True,False
160,161,W,0.20760,0.21284,0.00610,5.89135,0.98675,0.13907,261,5,False,False
161,162,G,0.60171,0.59768,0.00657,2.91307,0.71854,0.72848,83,86,False,False
162,163,F,0.77707,0.76652,0.00842,3.25993,0.76490,0.87417,39,72,False,False
163,164,L,0.26860,0.27150,0.00718,4.90376,0.95033,0.27152,221,16,False,False
164,165,R,0.45419,0.45314,0.00687,4.73348,0.94040,0.52980,143,19,False,False
165,166,D,0.84474,0.83563,0.00631,0.74541,0.27815,0.91722,26,219,False,False
166,167,E,0.36858,0.36911,0.00724,4.00510,0.87748,0.42053,176,38,False,False
167,168,Y,0.63490,0.62868,0.00771,1.45258,0.43046,0.78146,67,173,False,False
168,169,T,0.86567,0.85529,0.00684,0.72691,0.26821,0.92384,24,222,False,False
169,170,T,0.72605,0.71789,0.00755,1.91321,0.53974,0.84437,48,140,False,False
170,171,L,0.92344,0.90994,0.00802,0.55944,0.20199,0.97020,10,242,True,False
171,172,K,0.46885,0.46878,0.00571,1.27095,0.36755,0.55298,136,192,False,False
172,173,E,0.66825,0.66578,0.00436,5.30014,0.96689,0.79801,62,11,False,False
173,174,T,0.46185,0.46340,0.00449,2.24479,0.59934,0.54305,139,122,False,False
174,175,W,0.13965,0.14784,0.00444,4.21396,0.90728,0.02649,295,29,False,False
175,176,D,0.81499,0.81074,0.00362,0.56729,0.20530,0.89073,34,241,False,False
176,177,R,0.96620,0.95874,0.00376,0.00000,0.09768,0.99338,3,273,True,False
177,178,I,0.52193,0.52436,0.00295,0.00000,0.09768,0.62252,115,273,False,False
178,179,L,0.64665,0.64611,0.00335,1.30483,0.38079,0.78477,66,188,False,False
179,180,S,0.49252,0.49583,0.00273,1.37073,0.40728,0.59272,124,180,False,False
180,181,T,0.72033,0.71963,0.00258,0.70633,0.25993,0.83444,51,224,False,False
181,182,D,0.19012,0.19925,0.00258,3.74213,0.85762,0.09272,275,44,False,False
182,183,V,0.55037,0.55406,0.00179,2.67425,0.68874,0.66887,101,95,False,False
183,184,D,0.30285,0.31056,0.00207,2.69944,0.69205,0.31788,207,94,False,False
184,185,A,0.57515,0.57704,0.00264,0.89787,0.29801,0.69868,92,213,False,False
185,186,T,0.16189,0.17183,0.00233,3.59188,0.82450,0.03642,292,54,False,False
186,187,W,0.91955,0.91381,0.00331,0.00000,0.09768,0.95695,14,273,False,False
187,188,Q,0.33226,0.32217,0.02288,3.33018,0.78146,0.37086,191,67,False,False
188,189,W,0.61144,0.57658,0.04186,5.25488,0.96358,0.74503,78,12,False,False
189,190,K,0.22617,0.22393,0.19139,4.17210,0.90066,0.17219,251,31,False,False
190,191,N,0.18046,0.24692,0.32209,3.53195,0.81457,0.06291,284,57,False,False
191,192,F,0.18764,0.29337,0.39096,3.61089,0.83444,0.07947,279,51,False,False
192,193,S,0.17015,0.35038,0.48302,3.59506,0.82781,0.04305,290,53,False,False
193,194,G,0.24267,0.42165,0.52869,2.75366,0.69536,0.20530,241,93,False,False
194,195,L,0.19181,0.46658,0.60614,1.70488,0.47020,0.09603,274,161,False,False
195,196,Q,0.10176,0.46815,0.64089,1.16860,0.34437,0.00331,302,199,False,False
196,197,E,0.20407,0.47962,0.61505,0.00000,0.09768,0.13576,262,273,False,False
197,198,V,0.18421,0.46579,0.60842,0.60430,0.22848,0.07285,281,234,False,False
198,199,R,0.11836,0.36227,0.52677,2.87045,0.71192,0.00662,301,88,False,False
199,200,S,0.19347,0.31480,0.41787,3.52463,0.81126,0.10596,271,58,False,False
200,201,H,0.13848,0.24784,0.36753,3.61821,0.83775,0.02318,296,50,False,False
201,202,V,0.18783,0.22361,0.26695,3.61986,0.84106,0.08278,278,49,False,False
202,203,P,0.17701,0.19377,0.21611,3.69904,0.84768,0.05298,287,47,False,False
203,204,K,0.40523,0.36400,0.12819,1.30705,0.38742,0.47351,160,186,False,False
204,205,F,0.47698,0.42722,0.11573,1.30158,0.37417,0.57285,130,190,False,False
205,206,D,0.25776,0.23596,0.10292,4.18783,0.90397,0.24172,230,30,False,False
206,207,A,0.22315,0.20550,0.07392,0.00000,0.09768,0.16556,253,273,False,False
207,208,T,0.24302,0.22437,0.06661,2.80691,0.70530,0.20861,240,90,False,False
208,209,W,0.27753,0.25649,0.06399,2.39786,0.62914,0.28477,217,113,False,False
209,210,A,0.22537,0.21171,0.04539,0.00000,0.09768,0.16887,252,273,False,False
210,211,T,0.20359,0.19250,0.04015,3.10985,0.74172,0.13245,263,79,False,False
211,212,A,0.57111,0.54239,0.03580,4.06183,0.89073,0.69536,93,34,False,False
212,213,R,0.52076,0.49438,0.03620,3.17737,0.75497,0.61921,116,75,False,False
213,214,E,0.24759,0.23418,0.03975,0.00000,0.09768,0.22185,236,273,False,False
214,215,V,0.26371,0.24890,0.04135,4.67094,0.93709,0.26490,223,20,False,False
215,216,T,0.43902,0.41357,0.04284,3.73947,0.85430,0.50993,149,45,False,False
216,217,L,0.42995,0.40446,0.04407,2.88257,0.71523,0.49338,154,87,False,False
217,218,K,0.30343,0.28527,0.04465,3.06932,0.73841,0.32450,205,80,False,False
218,219,T,0.33849,0.31795,0.04545,2.00773,0.56291,0.37748,189,133,False,False
219,220,F,0.93432,0.87640,0.04671,0.00000,0.09768,0.98013,7,273,False,False
220,221,A,0.53996,0.50456,0.05039,0.98639,0.31126,0.65894,104,209,False,False
221,222,E,0.24316,0.22678,0.05252,1.14578,0.33444,0.21192,239,202,False,False
222,223,D,0.25215,0.23470,0.05474,2.41540,0.63576,0.22848,234,111,False,False
223,224,N,0.23805,0.22119,0.05697,5.46047,0.97682,0.19536,244,8,False,False
224,225,S,0.90546,0.83893,0.05886,0.55599,0.19702,0.95033,16,243,False,False
225,226,A,0.25799,0.23890,0.06140,3.12994,0.74834,0.24503,229,77,False,False
226,227,S,0.79262,0.73128,0.06341,1.24009,0.36093,0.87748,38,194,True,False
227,228,V,0.60023,0.55270,0.06606,0.68478,0.25497,0.72517,84,226,True,False
228,229,Q,0.96698,0.88743,0.06884,0.00000,0.09768,0.99669,2,273,True,False
229,230,A,0.35540,0.32622,0.07287,2.46750,0.65232,0.40066,182,106,False,False
230,231,T,0.71054,0.64756,0.07777,0.00000,0.09768,0.83113,52,273,False,False
231,232,M,0.59220,0.53927,0.07999,1.69723,0.46689,0.71523,87,162,False,False
232,233,Y,0.55861,0.50853,0.08092,0.00000,0.09768,0.68212,97,273,False,False
233,234,K,0.26092,0.23906,0.08500,1.67398,0.46358,0.25166,227,163,False,False
234,235,M,0.66824,0.60478,0.08723,1.73282,0.47682,0.79470,63,159,False,False
235,236,A,0.65679,0.59314,0.09041,2.61016,0.67550,0.78808,65,99,False,False
236,237,E,0.22192,0.20397,0.09349,0.00000,0.09768,0.16225,254,273,False,False
237,238,Q,0.38051,0.34523,0.09492,2.09838,0.58278,0.44040,170,127,False,False
238,239,I,0.52492,0.47358,0.09590,6.08699,0.99007,0.63245,112,4,False,False
239,240,L,0.81550,0.73163,0.09672,0.62856,0.24172,0.89404,33,230,False,False
240,241,A,0.32406,0.29456,0.10120,0.00000,0.09768,0.35762,195,273,False,False
241,242,R,0.28267,0.25796,0.10110,2.55550,0.65894,0.29801,213,104,False,False
242,243,Q,0.18907,0.17540,0.10374,5.46216,0.98013,0.08940,276,7,False,False
243,244,Q,0.52975,0.47505,0.10702,0.00000,0.09768,0.64238,109,273,False,False
244,245,L,0.32780,0.29753,0.10955,0.62305,0.23510,0.36424,193,232,False,False
245,246,I,0.58212,0.51967,0.11206,3.27600,0.76821,0.70530,90,71,False,False
246,247,E,0.25459,0.23366,0.11478,1.30165,0.37748,0.23179,233,189,False,False
247,248,T,0.43721,0.39250,0.11678,3.17758,0.75828,0.50662,150,74,False,False
248,249,V,0.68873,0.61057,0.11824,3.44170,0.80132,0.81126,58,61,False,False
249,250,E,0.29692,0.27075,0.12178,2.13232,0.58609,0.31457,208,126,False,False
250,251,Y,0.51711,0.46075,0.12348,1.77272,0.48013,0.60927,119,158,False,False
251,252,S,0.30860,0.28103,0.12654,1.61983,0.46026,0.33444,202,164,False,False
252,253,L,0.47972,0.42790,0.12821,2.29355,0.60596,0.57947,128,120,False,False
253,254,P,0.72139,0.63471,0.12963,0.70633,0.25993,0.83775,50,224,False,False
254,255,N,0.92935,0.81061,0.13364,0.00000,0.09768,0.97351,9,273,True,False
255,256,K,0.47115,0.41926,0.14288,2.14313,0.58940,0.56291,133,125,False,False
256,257,H,0.83887,0.70521,0.21266,1.35157,0.40066,0.91391,27,182,True,False
257,258,Y,0.48692,0.43316,0.22013,3.41397,0.78808,0.58278,127,65,False,False
258,259,F,0.38040,0.35195,0.22287,3.05273,0.73510,0.43709,171,81,False,False
259,260,E,0.39455,0.36063,0.21050,0.00000,0.09768,0.46026,164,273,False,False
260,261,I,0.45049,0.40552,0.22270,0.95215,0.30795,0.52318,145,210,False,False
261,262,D,0.75484,0.63381,0.25489,0.00000,0.09768,0.86424,42,273,False,False
262,263,L,0.69779,0.59148,0.26588,0.57828,0.20861,0.81788,56,240,False,False
263,264,S,0.40387,0.38105,0.27314,1.35949,0.40397,0.47020,161,181,False,False
264,265,W,0.25935,0.44350,0.54682,0.67984,0.25166,0.24834,228,227,False,False
265,266,H,0.42253,0.40794,0.32072,0.58704,0.21854,0.48344,157,237,False,False
266,267,K,0.37884,0.37716,0.31634,0.00000,0.09768,0.43377,172,273,False,False
267,268,G,0.59189,0.51446,0.25729,0.81804,0.28642,0.71192,88,216,False,False
268,269,L,0.39860,0.36908,0.23917,1.47770,0.43709,0.46358,163,171,False,False
269,270,Q,0.31519,0.30635,0.23821,1.90220,0.53311,0.34768,198,142,False,False
270,271,N,0.53918,0.47305,0.21362,1.16335,0.33775,0.65563,105,201,False,False
271,272,T,0.27915,0.35080,0.39553,1.40935,0.41722,0.28808,216,177,False,False
272,273,G,0.34933,0.46092,0.51343,0.00000,0.09768,0.38742,186,273,False,False
273,274,K,0.17560,0.47650,0.62295,0.81804,0.28642,0.04636,289,216,False,False
274,275,N,0.26739,0.37456,0.44550,0.58273,0.21192,0.26821,222,239,False,False
275,276,A,0.35043,0.35838,0.31720,0.00000,0.09768,0.39073,185,273,False,False
276,277,E,0.45749,0.40881,0.20274,1.38710,0.41060,0.53974,140,179,False,False
277,278,V,0.74150,0.63472,0.18798,2.76657,0.70199,0.85430,45,91,False,False
278,279,F,0.70747,0.60766,0.18732,0.60753,0.23179,0.82781,53,233,False,False
279,280,A,0.19733,0.20009,0.18852,2.36080,0.62252,0.11589,268,115,False,False
280,281,P,0.52305,0.46016,0.18979,1.40765,0.41391,0.62583,114,178,False,False
281,282,Q,0.33159,0.30770,0.19078,1.50668,0.45033,0.36755,192,167,False,False
282,283,S,0.47152,0.41919,0.19232,0.00000,0.09768,0.56623,132,273,False,False
283,284,D,0.35314,0.32551,0.19468,2.04575,0.56954,0.39735,183,131,False,False
284,285,P,0.88477,0.74622,0.19629,1.22825,0.35430,0.94040,19,196,False,False
285,286,N,0.45530,0.40688,0.20016,2.76450,0.69868,0.53311,142,92,False,False
286,287,G,0.96519,0.80680,0.20343,1.33256,0.39404,0.99007,4,184,False,False
287,288,L,0.35987,0.33287,0.20623,1.44263,0.42715,0.41391,178,174,False,False
288,289,I,0.81887,0.69089,0.20805,0.73264,0.27152,0.90066,31,221,False,False
289,290,K,0.38463,0.35333,0.21286,1.95613,0.54636,0.44702,168,138,False,False
290,291,C,0.47089,0.42040,0.21561,2.33015,0.61589,0.55960,134,117,False,False
291,292,T,0.51275,0.45294,0.21953,1.47127,0.43377,0.60596,120,172,False,False
292,293,V,0.60510,0.52378,0.22251,1.30696,0.38411,0.73510,81,187,False,False
293,294,G,0.19304,0.21450,0.23750,2.40191,0.63245,0.10265,272,112,False,False
294,295,R,0.90895,0.74974,0.24406,1.96505,0.54967,0.95364,15,137,False,False
295,296,S,0.31436,0.39328,0.43389,0.00000,0.09768,0.34106,200,273,False,False
296,297,S,0.42526,0.53225,0.56979,0.00000,0.09768,0.49007,155,273,False,False
297,298,L,0.34606,0.62475,0.71966,0.00000,0.09768,0.38411,187,273,False,False
298,299,K,0.31554,0.64894,0.75195,0.00000,0.09768,0.35099,197,273,False,False
299,300,S,0.56145,0.75187,0.80285,0.00000,0.09768,0.68874,95,273,False,False
300,301,K,0.69075,0.85143,0.88870,0.00000,0.09768,0.81457,57,273,False,False
301,302,L,0.96490,0.89844,0.91115,0.00000,0.09768,0.98675,5,273,False,False
