protein_id,n_mutations,n_pos_spans,delta_z_mean,delta_z_std,delta_z_abs_p90,delta_z_sign_balance,encoder_id
F1KQJ9,1900,1,-0.010597966611385345,0.16208991408348083,0.18469905853271484,0.4831578947368421,E0
F1L0R7,1900,2,-0.011386706493794918,0.07688936591148376,0.10290040820837021,0.3894736842105263,E0
F1L3I0,1900,1,-0.005687228869646788,0.14581482112407684,0.1342017948627472,0.46473684210526317,E0
F1L8I9,1900,1,-0.028255123645067215,0.1406569629907608,0.15521813929080963,0.3857894736842105,E0
F1LD64,1900,1,-0.0770430713891983,0.350418359041214,0.37808462977409363,0.3563157894736842,E0
F1LGC3,1900,1,-0.028502140194177628,0.45012059807777405,0.4913049638271332,0.41736842105263156,E0
O00481,1900,3,-0.0069323088973760605,0.043974097818136215,0.04788327217102051,0.4180701754385965,E0
O00560,1900,5,-0.016168218106031418,0.184835746884346,0.17383822798728943,0.4302105263157895,E0
O14672,1900,1,-0.00010636078513925895,0.007816189900040627,0.009958887472748756,0.5194736842105263,E0
O43570,1900,1,-0.02094276063144207,0.14374415576457977,0.10252571105957031,0.46473684210526317,E0
O94886,1900,1,-0.003271664259955287,0.06473012268543243,0.05461909621953964,0.5,E0
O95070,1900,1,-0.001812116475775838,0.23070840537548065,0.18793907761573792,0.4110526315789474,E0
O95185,1900,1,-0.03964696452021599,0.2699141502380371,0.04630780220031738,0.38052631578947366,E0
P00352,1900,9,-0.031147688627243042,0.16708363592624664,0.10679757595062256,0.3612280701754386,E0
P01019,1900,6,-0.010350707918405533,0.23296429216861725,0.2040008008480072,0.4641228070175439,E0
P01880,1900,2,-0.0006775996298529208,0.16971105337142944,0.1581411063671112,0.42236842105263156,E0
P05164,1900,2,-0.014988971874117851,0.16139136254787445,0.08603741973638535,0.45342105263157895,E0
P05165,1900,3,-0.007626417092978954,0.12066829204559326,0.08750863373279572,0.4980701754385965,E0
P08579,1900,2,-0.08047661930322647,0.26315104961395264,0.43077439069747925,0.36,E0
P09681,1900,1,-0.0012306502321735024,0.22565504908561707,0.31273531913757324,0.5305263157894737,E0
P14324,1900,3,-0.040360741317272186,0.23892304301261902,0.17499183118343353,0.34719298245614033,E0
P15144,1900,13,-0.007615006063133478,0.11209707707166672,0.04544975236058235,0.4517408906882591,E0
P19835,1900,1,-0.04105387628078461,0.22022709250450134,0.08512480556964874,0.43105263157894735,E0
P25189,1900,2,-0.03225140646100044,0.18650925159454346,0.2135227769613266,0.42657894736842106,E0
P28288,1900,1,-0.018678994849324226,0.12905625998973846,0.09314374625682831,0.4589473684210526,E0
P35443,1900,4,-0.008279354311525822,0.20771384239196777,0.08050636947154999,0.48355263157894735,E0
P35609,1900,2,-0.006568645592778921,0.09693533182144165,0.08436289429664612,0.4686842105263158,E0
P48304,1900,1,0.015258154831826687,0.38224440813064575,0.5575283169746399,0.5126315789473684,E0
P50591,1900,2,-0.01131477952003479,0.11473186314105988,0.13259084522724152,0.4602631578947368,E0
P61106,1900,4,-0.028278257697820663,0.2257203459739685,0.2811119556427002,0.455,E0
P84243,1900,2,-0.08334735780954361,0.4064187705516815,0.5684263706207275,0.4518421052631579,E0
Q12999,1900,3,-0.05218908563256264,0.3252626359462738,0.42359569668769836,0.4850877192982456,E0
Q14624,1900,10,-0.004443925339728594,0.12709254026412964,0.06655856221914291,0.466,E0
Q5QGZ9,1900,1,-0.026171596720814705,0.3854357600212097,0.35269758105278015,0.45421052631578945,E0
Q6P9A2,1900,3,-0.018778029829263687,0.10564417392015457,0.0864134281873703,0.40228070175438596,E0
Q8IV08,1900,5,-0.01462586410343647,0.09171204268932343,0.08665311336517334,0.3626315789473684,E0
Q8IXB1,1900,1,0.0010455588344484568,0.2171781063079834,0.14639922976493835,0.43842105263157893,E0
Q8IXQ6,1900,11,0.0008655599085614085,0.09591768682003021,0.059244729578495026,0.503444976076555,E0
Q96QD8,1900,6,-0.01640153117477894,0.18301184475421906,0.12935681641101837,0.4863157894736842,E0
Q9H2W1,1900,4,-0.012885174714028835,0.2171975076198578,0.24391019344329834,0.5093421052631579,E0
Q9HD45,1900,6,-0.021945783868432045,0.15674437582492828,0.09377206116914749,0.39087719298245616,E0
Q9NSA3,1539,1,-0.11616124212741852,0.2972000241279602,0.5072470307350159,0.26575698505523065,E0
Q9NZ52,1900,1,-0.01446856465190649,0.06391438841819763,0.04851407930254936,0.3236842105263158,E0
Q9NZ94,1900,2,-0.02588053047657013,0.13928073644638062,0.08184941112995148,0.35447368421052633,E0
Q9UIJ5,1900,1,-0.0067153554409742355,0.4558641016483307,0.28599709272384644,0.44105263157894736,E0
Q9UMX0,1900,1,-0.013409579172730446,0.1621047407388687,0.13543787598609924,0.40157894736842104,E0
Q9Y277,1900,4,-0.06059359759092331,0.22485598921775818,0.2062522917985916,0.2789473684210526,E0
F1KQJ9,1900,1,0.018054986372590065,0.20259946584701538,0.11831483989953995,0.16263157894736843,E1
F1L0R7,1900,2,-0.01164091657847166,0.2736966013908386,0.0275270938873291,0.14105263157894737,E1
F1L3I0,1900,1,0.015183741226792336,0.44610247015953064,0.22478777170181274,0.2710526315789474,E1
F1L8I9,1900,1,-0.009581316262483597,0.9300366640090942,0.37913066148757935,0.22,E1
F1LD64,1900,1,-0.04696287959814072,0.4059816300868988,0.42663317918777466,0.2731578947368421,E1
F1LGC3,1900,1,0.0291371438652277,0.6880223155021667,0.6811494827270508,0.21789473684210525,E1
O00481,1900,3,-0.07266827672719955,0.6096073389053345,0.03795900195837021,0.20771929824561403,E1
O00560,1900,5,-0.057160232216119766,0.7403925657272339,0.23263540863990784,0.23442105263157895,E1
O14672,1900,1,-0.02907704748213291,0.1685771644115448,0.00027780531672760844,0.11315789473684211,E1
O43570,1900,1,-0.012075073085725307,0.7042166590690613,0.3851856589317322,0.13473684210526315,E1
O94886,1900,1,-0.0030251292046159506,0.03385228291153908,1.430511474609375e-05,0.05842105263157895,E1
O95070,1900,1,-0.024597622454166412,0.26814624667167664,0.1993260383605957,0.14736842105263157,E1
O95185,1900,1,-0.017337121069431305,0.136252760887146,0.0003279685915913433,0.04421052631578947,E1
P00352,1900,9,-0.16157393157482147,1.292508602142334,0.09457746893167496,0.17421052631578948,E1
P01019,1900,6,-0.12663376331329346,1.0579009056091309,0.16197547316551208,0.27842105263157896,E1
P01880,1900,2,-0.009650890715420246,0.4093520939350128,0.33683961629867554,0.21105263157894738,E1
P05164,1900,2,-0.033599138259887695,0.5674185156822205,0.1137416809797287,0.12184210526315789,E1
P05165,1900,3,-0.08349780738353729,0.9411505460739136,0.001332817249931395,0.12771929824561404,E1
P08579,1900,2,-0.09116459637880325,0.8677461743354797,0.13874545693397522,0.15842105263157893,E1
P09681,1900,1,-0.3573745787143707,2.020354747772217,2.339974880218506,0.3668421052631579,E1
P14324,1900,3,-0.28929439187049866,1.6333972215652466,0.3777347803115845,0.1712280701754386,E1
P15144,1900,13,-0.0454435795545578,0.6158261895179749,2.47955322265625e-05,0.07441295546558704,E1
P19835,1900,1,-0.005656818393617868,0.24347439408302307,0.0004772186221089214,0.23473684210526316,E1
P25189,1900,2,-0.19527621567249298,1.2214386463165283,0.3590942323207855,0.3186842105263158,E1
P28288,1900,1,-0.013863079249858856,0.15116998553276062,0.013425636105239391,0.11,E1
P35443,1900,4,-0.013348434120416641,0.24570755660533905,0.0009001732105389237,0.06855263157894737,E1
P35609,1900,2,-0.04259108379483223,0.48657000064849854,0.0042937276884913445,0.09026315789473684,E1
P48304,1900,1,-0.22569029033184052,1.144845962524414,0.709142804145813,0.2942105263157895,E1
P50591,1900,2,-0.08857226371765137,0.6373895406723022,0.16845764219760895,0.23289473684210527,E1
P61106,1900,4,-0.19091154634952545,1.382256031036377,0.7236971259117126,0.2603947368421053,E1
P84243,1900,2,-0.3592665195465088,1.8274176120758057,0.9165894985198975,0.44526315789473686,E1
Q12999,1900,3,-0.1917002946138382,1.6448692083358765,1.2913298606872559,0.267719298245614,E1
Q14624,1900,10,-0.01969871111214161,0.6625502109527588,0.006347370333969593,0.22042105263157893,E1
Q5QGZ9,1900,1,-0.03518688306212425,0.38681650161743164,0.2560252547264099,0.20842105263157895,E1
Q6P9A2,1900,3,-0.03958119824528694,0.5433006286621094,0.024475861340761185,0.23789473684210527,E1
Q8IV08,1900,5,-0.07826594263315201,0.8209611177444458,0.20768886804580688,0.4085263157894737,E1
Q8IXB1,1900,1,-0.052466981112957,0.43505680561065674,9.5367431640625e-07,0.057368421052631575,E1
Q8IXQ6,1900,11,-0.07789101451635361,1.1396160125732422,0.04251809045672417,0.17555023923444976,E1
Q96QD8,1900,6,-0.07266470044851303,0.8606547713279724,0.11321072280406952,0.2093859649122807,E1
Q9H2W1,1900,4,-0.12935955822467804,1.0398476123809814,0.40577951073646545,0.28960526315789475,E1
Q9HD45,1900,6,-0.07838905602693558,0.7233663201332092,0.008310412988066673,0.20078947368421052,E1
Q9NSA3,1539,1,-0.3632737100124359,2.6310040950775146,3.0086920261383057,0.5367121507472384,E1
Q9NZ52,1900,1,-0.07150301337242126,0.7619385719299316,0.0003236532211303711,0.10842105263157895,E1
Q9NZ94,1900,2,-0.0033200362231582403,0.07656823843717575,0.0005339145427569747,0.07947368421052632,E1
Q9UIJ5,1900,1,-0.01829521171748638,0.1828022301197052,0.04987621307373047,0.1773684210526316,E1
Q9UMX0,1900,1,-0.04362823814153671,0.8923053741455078,0.6732968091964722,0.12421052631578948,E1
Q9Y277,1900,4,-0.16025403141975403,1.068347692489624,0.302605539560318,0.13855263157894737,E1
F1KQJ9,1900,1,-0.022488592192530632,0.20087683200836182,0.008502197451889515,0.4768421052631579,E2
F1L0R7,1900,2,-0.0004931871080771089,0.02470172755420208,0.0027854442596435547,0.4763157894736842,E2
F1L3I0,1900,1,0.002030894858762622,0.10625595599412918,0.0036333799362182617,0.42578947368421055,E2
F1L8I9,1900,1,-0.005847597494721413,0.07541181147098541,0.0035576820373535156,0.44842105263157894,E2
F1LD64,1900,1,-0.017251083627343178,0.19986021518707275,0.009395495057106018,0.5352631578947369,E2
F1LGC3,1900,1,0.02104315534234047,0.35381269454956055,0.14912955462932587,0.5289473684210526,E2
O00481,1900,3,0.001759897219017148,0.11019569635391235,0.0033006786834448576,0.4819298245614035,E2
O00560,1900,5,-0.013354773633182049,0.1913609802722931,0.00796690583229065,0.4791578947368421,E2
O14672,1900,1,3.9374044717988e-05,0.0012689908035099506,0.002122721169143915,0.5242105263157895,E2
O43570,1900,1,-0.006634620949625969,0.166345477104187,0.005364126060158014,0.5157894736842106,E2
O94886,1900,1,7.045959500828758e-05,0.0007876544259488583,0.0012820244301110506,0.5294736842105263,E2
O95070,1900,1,-0.0028644839767366648,0.08521317690610886,0.008330440148711205,0.4705263157894737,E2
O95185,1900,1,-0.011874985881149769,0.1301458477973938,0.0013362765312194824,0.42210526315789476,E2
P00352,1900,9,-0.009230054914951324,0.12972094118595123,0.0033682584762573242,0.47812865497076024,E2
P01019,1900,6,-0.007599016185849905,0.10189282149076462,0.0037585259415209293,0.45166666666666666,E2
P01880,1900,2,-0.012674562633037567,0.1936969757080078,0.004818391986191273,0.5092105263157894,E2
P05164,1900,2,-0.0029433455783873796,0.030383577570319176,0.0011824130779132247,0.41026315789473683,E2
P05165,1900,3,-0.0011672609252855182,0.019882546737790108,0.0017014264594763517,0.4870175438596491,E2
P08579,1900,2,-0.010111705400049686,0.10626339167356491,0.007120030932128429,0.5121052631578947,E2
P09681,1900,1,-0.0357380211353302,0.2904170751571655,0.26231709122657776,0.4936842105263158,E2
P14324,1900,3,-0.016754791140556335,0.1781710684299469,0.0045067789033055305,0.4924561403508772,E2
P15144,1900,13,-0.0015124250203371048,0.048181336373090744,0.0014585613971576095,0.5211740890688259,E2
P19835,1900,1,-0.00037979520857334137,0.08297565579414368,0.0020964490249753,0.4357894736842105,E2
P25189,1900,2,-0.0064964573830366135,0.08042824268341064,0.003859949065372348,0.4726315789473684,E2
P28288,1900,1,0.004684900864958763,0.17884820699691772,0.0018821835983544588,0.4478947368421053,E2
P35443,1900,4,-0.0006677573546767235,0.08936063945293427,0.001858007861301303,0.46578947368421053,E2
P35609,1900,2,-0.0004466262471396476,0.07715050131082535,0.002094358205795288,0.49105263157894735,E2
P48304,1900,1,-0.0014864442637190223,0.13821715116500854,0.015463471412658691,0.5478947368421052,E2
P50591,1900,2,-0.01491975411772728,0.13521261513233185,0.00803515873849392,0.5194736842105263,E2
P61106,1900,4,-0.015642279759049416,0.1725376844406128,0.006171226501464844,0.4668421052631579,E2
P84243,1900,2,-0.03527960926294327,0.25907352566719055,0.11492381244897842,0.4605263157894737,E2
Q12999,1900,3,-0.016326814889907837,0.21153628826141357,0.011934530921280384,0.4864912280701754,E2
Q14624,1900,10,0.004630770534276962,0.14588849246501923,0.0015139967435970902,0.47942105263157897,E2
Q5QGZ9,1900,1,-0.005132086109369993,0.08320239186286926,0.00585207948461175,0.5052631578947369,E2
Q6P9A2,1900,3,-0.0010070393327623606,0.02584301307797432,0.0016361981397494674,0.49298245614035086,E2
Q8IV08,1900,5,0.002225099364295602,0.06646081060171127,0.0025321401190012693,0.4945263157894737,E2
Q8IXB1,1900,1,0.010608026757836342,0.12105174362659454,0.002293755067512393,0.5310526315789473,E2
Q8IXQ6,1900,11,-0.0010631310287863016,0.12692329287528992,0.0014175295364111662,0.49057416267942583,E2
Q96QD8,1900,6,-0.0066230143420398235,0.0701826885342598,0.0028202414978295565,0.45649122807017545,E2
Q9H2W1,1900,4,-0.01076382678002119,0.14466536045074463,0.00963736791163683,0.5253947368421052,E2
Q9HD45,1900,6,-0.009070092812180519,0.12084303051233292,0.0026735663414001465,0.47543859649122805,E2
Q9NSA3,1539,1,-0.04636890068650246,0.38100650906562805,0.3763688802719116,0.45159194282001297,E2
Q9NZ52,1900,1,0.003229553811252117,0.13840758800506592,0.0032403110526502132,0.47789473684210526,E2
Q9NZ94,1900,2,-5.7473560445941985e-05,0.028040893375873566,0.0010979652870446444,0.4905263157894737,E2
Q9UIJ5,1900,1,-0.025863246992230415,0.22144021093845367,0.002460002899169922,0.47210526315789475,E2
Q9UMX0,1900,1,-0.009513258002698421,0.18957437574863434,0.003693699836730957,0.4842105263157895,E2
Q9Y277,1900,4,-0.015327345579862595,0.21138903498649597,0.009156668558716774,0.46092105263157895,E2
