pred_id,design_uid,predicted,n_samples,n_protein_chains,best_sample,ranking_score,mean_interchain_pae,max_interchain_pae,min_chainpair_interchain_pae,mean_intrachain_pae,iptm,ptm,plddt,has_clash,min_pp_chain_pair_iptm,mean_pp_chain_pair_gpde
q000,design_0593,True,5,4,0,0.9399650692939758,5.815454483032227,6.4662556648254395,5.367397785186768,4.281063556671143,0.9387259483337402,0.9449214339256287,91.88661193847656,False,0.8899626135826111,0.8048594693342844
q001,design_0397,True,5,4,0,0.9356397986412048,5.917845249176025,6.578802585601807,5.395916938781738,4.305115699768066,0.9340535402297974,0.9419845342636108,91.12920379638672,False,0.8792327642440796,1.1079558829466503
q002,design_0166,True,5,4,0,0.9315928220748901,6.568859577178955,7.287194728851318,6.001191139221191,4.865972995758057,0.9298970103263855,0.9383758902549744,90.36865997314453,False,0.8698323369026184,1.0632955233256023
q003,design_0399,True,5,4,0,0.8570723533630371,9.348386764526367,10.48440933227539,8.037789344787598,6.467734336853027,0.8529640436172485,0.8735052943229675,85.36420440673828,False,0.752449631690979,2.335800995429357
q004,design_0051,True,5,4,0,0.9219470024108887,7.2500834465026855,7.97033166885376,6.7166900634765625,5.563647270202637,0.9201496243476868,0.9291365742683411,88.76441955566406,False,0.8600395321846008,1.3430117170015972
q005,design_0391,True,5,4,0,0.9271252155303955,6.794212341308594,7.498936176300049,6.221827030181885,5.053886890411377,0.9253666996955872,0.9341590404510498,90.13439178466797,False,0.8663986921310425,1.5235973596572876
q006,design_0363,True,5,4,0,0.9199855327606201,6.711995601654053,7.460899829864502,6.121040344238281,4.8988356590271,0.9178494215011597,0.9285297393798828,90.15648651123047,False,0.8572708368301392,1.223839243253072
q007,design_0508,True,5,4,0,0.9227739572525024,6.917344570159912,7.663708686828613,6.237873554229736,5.112056732177734,0.920819878578186,0.9305902123451233,88.89092254638672,False,0.8632104992866516,1.1254901389280956
q008,design_0260,True,5,4,0,0.9309690594673157,6.133045673370361,6.811023235321045,5.611539840698242,4.4811296463012695,0.9292475581169128,0.9378548860549927,90.58280181884766,False,0.8737156391143799,1.089823881785075
q009,design_0061,True,5,4,0,0.9433658123016357,5.393625259399414,5.980682373046875,4.978204727172852,3.9676668643951416,0.9422798752784729,0.9477095007896423,93.04329681396484,False,0.8981114625930786,0.5783272683620453
q010,design_0322,True,5,4,0,0.9414668679237366,5.692246913909912,6.276918888092041,5.229382038116455,4.291810512542725,0.940338134765625,0.9459816813468933,92.35871124267578,False,0.8967581391334534,0.5912591566642126
q011,design_0000,True,5,4,0,0.9093582630157471,7.915377140045166,8.761813163757324,7.082456111907959,5.8390302658081055,0.9072844982147217,0.9176532626152039,86.7086410522461,False,0.8404099941253662,1.4896545608838399
q012,design_0310,True,5,4,0,0.9346867799758911,6.030559539794922,6.748831748962402,5.443209648132324,4.349643707275391,0.9329127669334412,0.9417827725410461,90.95578002929688,False,0.872572124004364,1.0053663849830627
q013,design_0445,True,5,4,0,0.9122102856636047,7.661869049072266,8.497591018676758,6.926512241363525,5.743447303771973,0.9104756116867065,0.919148862361908,87.41818237304688,False,0.8498935103416443,1.5349039435386658
q014,design_0214,True,5,4,0,0.9494929313659668,5.124894618988037,5.681949615478516,4.7031474113464355,3.759500026702881,0.9484869837760925,0.9535167217254639,92.84664154052734,False,0.9095523953437805,0.5987621794144312
q015,design_0035,True,5,4,0,0.9311854839324951,6.554315090179443,7.232668399810791,6.046589374542236,4.896357536315918,0.9294029474258423,0.938315749168396,89.60433959960938,False,0.8794307112693787,1.209586242834727
q016,design_0361,True,5,4,0,0.9392085671424866,5.8542351722717285,6.546131610870361,5.326595306396484,4.286574840545654,0.9375999569892883,0.9456429481506348,91.3965072631836,False,0.8811273574829102,0.8335916101932526
q017,design_0252,True,5,4,0,0.9486751556396484,5.919933319091797,6.5241804122924805,5.442233562469482,4.439244747161865,0.9476585388183594,0.9527415037155151,91.47447967529297,False,0.9065783023834229,0.8868764837582906
q018,design_0355,True,5,4,0,0.9272972345352173,7.000148773193359,7.661628246307373,6.457618236541748,5.315385341644287,0.9261006712913513,0.9320833086967468,89.05213165283203,False,0.8764789700508118,1.1806691785653431
q019,design_0026,True,5,4,0,0.8889937400817871,7.975629806518555,8.890104293823242,7.035523414611816,5.618133544921875,0.8861521482467651,0.9003599882125854,87.31352996826172,False,0.8076944351196289,1.7583798170089722
q020,design_0481,True,5,4,0,0.9072214961051941,7.099462509155273,7.962753772735596,6.303763389587402,5.00084114074707,0.9045173525810242,0.9180378317832947,89.50271606445312,False,0.8251743316650391,1.3690088192621868
q021,design_0223,True,5,4,0,0.935515284538269,6.279205799102783,7.002180099487305,5.7057085037231445,4.603557586669922,0.9337515234947205,0.9425703883171082,90.33393096923828,False,0.8740448355674744,0.908138781785965
q022,design_0011,True,5,4,0,0.9530729651451111,5.01144552230835,5.595584392547607,4.576684474945068,3.6383471488952637,0.95177161693573,0.9582781195640564,92.81655883789062,False,0.9079268574714661,0.6772209753592809
q023,design_0046,True,5,4,0,0.9057573676109314,7.9402313232421875,8.77708911895752,7.249488353729248,5.79185676574707,0.9033435583114624,0.9154124855995178,87.06819152832031,False,0.8377587199211121,1.5735363761583965
q024,design_0459,True,5,4,0,0.9327024221420288,6.50076150894165,7.1957783699035645,5.946307182312012,4.903724670410156,0.9310705661773682,0.9392296075820923,90.2838134765625,False,0.8759575486183167,0.9284281333287557
q025,design_0580,True,5,4,0,0.936590313911438,5.878000736236572,6.559106349945068,5.334296703338623,4.305586814880371,0.9348828196525574,0.9434202313423157,91.42147064208984,False,0.8757145404815674,0.8516973853111267
q026,design_0220,True,5,4,0,0.9298368692398071,6.031854152679443,6.726317405700684,5.424901008605957,4.293528079986572,0.9279574751853943,0.9373541474342346,91.49285888671875,False,0.8690579533576965,1.1408383250236511
q027,design_0289,True,5,4,0,0.9506340026855469,5.021663188934326,5.580832481384277,4.574070453643799,3.722092866897583,0.949543297290802,0.9549967050552368,92.94181823730469,False,0.9060409069061279,0.6694186925888062
q028,design_0307,True,5,4,0,0.9341247081756592,6.2046027183532715,6.849056720733643,5.7067179679870605,4.700349807739258,0.9325443506240845,0.9404458403587341,91.35877227783203,False,0.8758430480957031,1.154856453339259
