protein_id,arm,tier,n_designs,burden_all,burden_tier2,nod_pp_hotspot_coverage,nod_hotspot_coverage_mean,d3_hotspot_coverage_mean,delta_hotspot_coverage_mean,delta_hotspot_coverage_median,hotspot_coverage_improved_designs,nod_n_hotspot_positions_mean,d3_n_hotspot_positions_mean,delta_n_hotspot_positions_mean,delta_n_hotspot_positions_median,n_hotspot_positions_improved_designs,nod_mean_hotspot_mean,d3_mean_hotspot_mean,delta_mean_hotspot_mean,delta_mean_hotspot_median,mean_hotspot_improved_designs,nod_max_hotspot_mean,d3_max_hotspot_mean,delta_max_hotspot_mean,delta_max_hotspot_median,max_hotspot_improved_designs,nod_n_strong_binders_mean,d3_n_strong_binders_mean,delta_n_strong_binders_mean,delta_n_strong_binders_median,n_strong_binders_improved_designs,nod_strong_per_100aa_mean,d3_strong_per_100aa_mean,delta_strong_per_100aa_mean,delta_strong_per_100aa_median,strong_per_100aa_improved_designs,nod_mean_best_rank_mean,d3_mean_best_rank_mean,delta_mean_best_rank_mean,delta_mean_best_rank_median,mean_best_rank_improved_designs,nod_scTM_mean,d3_scTM_mean,delta_scTM_mean,delta_scTM_median,scTM_improved_designs,nod_bb_RMSD_mean,d3_bb_RMSD_mean,delta_bb_RMSD_mean,delta_bb_RMSD_median,bb_RMSD_improved_designs,nod_recovery_mean,d3_recovery_mean,delta_recovery_mean,delta_recovery_median,recovery_improved_designs,hotspot_coverage_over_intervention_designs,scTM_preserved_designs_delta_ge_minus_0p05,scTM_drop_designs_delta_lt_minus_0p05
1EYB_A,t060,1,8,low_or_equal,not_tier2,0.29982100238663484,0.2998210023866349,0.3568019093078759,0.05698090692124105,0.0441527446300716,1,125.625,149.5,23.875,18.5,1,1.0069113820791245,1.7449829503893852,0.7380715683102608,0.614987850189209,2,9.89381718635559,16.498815059661865,6.604997873306274,8.577619075775146,2,31.125,61.75,30.625,33.0,2,7.428400954653938,14.737470167064437,7.309069212410501,7.875894988066827,2,0.64475,0.14575,-0.499,-0.511,7,0.8321075,0.8439049999999999,0.011797500000000002,0.007205000000000017,7,3.13,2.96375,-0.1662499999999999,-0.1399999999999999,7,0.5453460620525059,0.5349045346062052,-0.01044152744630071,-0.0035799522673031214,3,5,8,0
1LI1_C,t060,1,8,low_or_equal,not_tier2,0.3370535714285714,0.3370535714285714,0.3325892857142857,-0.004464285714285705,-0.015625,5,75.5,74.5,-1.0,-3.5,5,0.9852523393929005,1.0664054341614246,0.08115309476852417,-0.03705170750617981,4,6.983579635620117,7.95875871181488,0.9751790761947632,-0.3454623222351074,4,11.875,9.5,-2.375,-2.5,4,5.301339285714286,4.241071428571429,-1.0602678571428572,-1.1160714285714286,4,1.117,1.794,0.677,-0.039000000000000035,4,0.93289,0.94194,0.009050000000000016,0.013500000000000012,5,1.61375,1.56875,-0.04500000000000001,-0.09000000000000008,5,0.5206473214285714,0.5011160714285715,-0.01953124999999998,-0.02678571428571422,2,3,8,0
1O51_A,t060,2,8,low_or_equal,low_or_equal,0.28230337078651685,0.2823033707865168,0.3651685393258427,0.08286516853932585,0.08426966292134833,2,25.125,32.5,7.375,7.5,2,1.7781449743488338,1.6879024673253298,-0.090242507023504,0.17033870669547468,4,9.90088140964508,10.21901535987854,0.3181339502334595,-1.2656311988830566,4,10.25,17.375,7.125,2.5,2,11.516853932584269,19.522471910112362,8.005617977528091,2.8089887640449436,2,2.30025,1.27175,-1.0285000000000002,-0.7000000000000001,6,0.83979875,0.862705,0.02290624999999999,0.001664999999999972,5,1.7325,1.6,-0.13249999999999995,0.10499999999999998,3,0.476123595505618,0.4536516853932584,-0.022471910112359536,-0.01685393258426962,2,4,8,0
1PXZ_B,t060,2,8,high,high,0.4136560693641618,0.4136560693641619,0.4165462427745664,0.002890173410404616,0.0014450867052023253,4,143.125,144.125,1.0,0.5,4,1.8115372359752655,2.4103181064128876,0.5987808704376221,0.6910229921340942,3,15.765440940856934,18.00931978225708,2.2438788414001465,3.1808652877807617,3,71.125,84.625,13.5,1.0,4,20.55635838150289,24.45809248554913,3.9017341040462434,0.2890173410404602,4,0.24575000000000002,0.1865,-0.05925,-0.02800000000000001,4,0.90663625,0.90141875,-0.0052175,-0.009094999999999964,3,2.34,2.2649999999999997,-0.0750000000000001,-0.05500000000000016,5,0.613800578034682,0.6177745664739884,0.003973988439306367,0.00867052023121384,5,4,8,0
1QU9_A,t060,2,8,high,high,0.38976377952755903,0.38976377952755903,0.4173228346456693,0.027559055118110243,0.003937007874015741,4,49.5,53.0,3.5,0.5,4,1.4068284016102552,1.279869332909584,-0.1269590687006712,0.06997311115264893,4,8.77700561285019,9.05517578125,0.2781701683998108,0.40070533752441406,4,19.75,18.0,-1.75,-6.0,5,15.551181102362207,14.173228346456693,-1.3779527559055134,-4.724409448818898,5,0.9802500000000001,0.764,-0.21625000000000003,-0.128,5,0.97648,0.9779375,0.0014574999999999866,0.0007999999999999674,4,0.54625,0.5237499999999999,-0.022500000000000027,-0.015000000000000013,4,0.719488188976378,0.7106299212598426,-0.008858267716535431,-0.01574803149606302,2,4,8,0
1TX4_A,t060,1,8,low_or_equal,not_tier2,0.319515306122449,0.319515306122449,0.31058673469387754,-0.008928571428571432,0.03826530612244897,3,62.625,60.875,-1.75,7.5,3,1.6982634663581848,1.5470153391361237,-0.15124812722206116,-0.052651941776275635,4,11.65497750043869,11.21252965927124,-0.44244784116744995,-1.2549426555633545,5,32.0,30.25,-1.75,2.5,4,16.326530612244895,15.433673469387754,-0.8928571428571432,1.275510204081633,4,0.45625,0.7437500000000001,0.2875,0.04599999999999996,4,0.97536125,0.977765,0.002403749999999996,0.0014399999999999968,6,0.9549999999999998,0.84125,-0.11374999999999996,-0.06499999999999995,6,0.5542091836734694,0.5701530612244898,0.01594387755102042,0.02551020408163268,5,5,8,0
1U6T_A,t060,1,8,low_or_equal,not_tier2,0.2830578512396694,0.2830578512396694,0.2634297520661157,-0.019628099173553713,-0.008264462809917356,4,34.25,31.875,-2.375,-1.0,4,0.9597452888265252,0.776070635067299,-0.1836746537592262,-0.2648018142208457,5,5.662807583808899,5.116713881492615,-0.5460937023162842,-0.4350900650024414,5,2.625,6.375,3.75,0.5,2,2.169421487603306,5.268595041322315,3.099173553719009,0.4132231404958678,2,2.55375,1.836,-0.7177500000000001,-0.8300000000000001,5,0.9216387500000001,0.9111325000000001,-0.010506249999999995,0.014610000000000012,5,1.3849999999999998,1.35375,-0.031249999999999944,-0.19999999999999996,5,0.5185950413223139,0.5392561983471074,0.02066115702479341,0.02066115702479343,7,4,5,3
1UOU_A,t060,1,8,low_or_equal,not_tier2,0.3242009132420091,0.32420091324200917,0.29337899543379,-0.030821917808219173,-0.0273972602739726,5,142.0,128.5,-13.5,-12.0,5,0.8927857503294945,1.25282758846879,0.3600418381392956,0.5681415796279907,2,7.154418706893921,10.288317203521729,3.1338984966278076,3.377472400665283,1,36.75,46.875,10.125,15.5,3,8.39041095890411,10.702054794520548,2.311643835616438,3.5388127853881275,3,0.5235,0.34775,-0.17575000000000002,-0.14399999999999996,6,0.9606475,0.952705,-0.007942500000000005,-0.007359999999999978,2,1.5812499999999998,1.78375,0.20250000000000004,0.18999999999999995,2,0.6464041095890412,0.6435502283105023,-0.0028538812785388196,-0.005707762557077611,2,3,8,0
1USN_A,t060,2,8,low_or_equal,low_or_equal,0.3628787878787879,0.3628787878787879,0.3318181818181818,-0.03106060606060607,0.006060606060606058,4,59.875,54.75,-5.125,1.0,4,1.4882610440254211,0.8165598530322313,-0.6717011909931898,-0.7834584712982178,6,9.206823945045471,6.911838412284851,-2.29498553276062,-1.7741451263427734,5,35.625,7.5,-28.125,-12.0,7,21.59090909090909,4.545454545454545,-17.045454545454543,-7.272727272727272,7,0.7205,1.468,0.7475,0.4030000000000001,3,0.94853375,0.94702375,-0.0015100000000000113,-0.005444999999999978,3,1.31875,1.3025,-0.01625000000000007,0.07499999999999996,3,0.6378787878787878,0.6507575757575759,0.012878787878787906,0.00909090909090915,5,4,8,0
1WZE_B,t060,2,8,high,high,0.3857033639143731,0.3857033639143731,0.42087155963302747,0.03516819571865444,0.03669724770642202,2,126.125,137.625,11.5,12.0,2,2.043499916791916,2.216102808713913,0.17260289192199707,0.37529683113098145,3,18.501084089279175,18.97862410545349,0.4775400161743164,0.8441524505615234,4,98.375,90.125,-8.25,-20.0,4,30.084097859327215,27.5611620795107,-2.522935779816514,-6.116207951070338,4,0.05,0.07300000000000001,0.022999999999999996,0.012000000000000007,3,0.98439,0.9819862500000001,-0.0024037499999999823,-0.0021900000000000253,1,0.88125,0.9537500000000001,0.07250000000000004,0.07000000000000006,2,0.7400611620795107,0.7396788990825687,-0.0003822629969418845,-0.00917431192660545,3,6,8,0
1ZR3_A,t060,1,8,high,not_tier2,0.4133064516129032,0.4133064516129032,0.3602150537634409,-0.053091397849462346,-0.06182795698924731,7,76.875,67.0,-9.875,-11.5,7,2.0174623876810074,1.2693483456969261,-0.7481140419840813,-0.7437854111194611,6,13.61344701051712,11.317265093326569,-2.2961819171905518,-1.8508849143981934,5,27.125,27.375,0.25,5.5,4,14.583333333333332,14.717741935483872,0.13440860215053796,2.956989247311828,4,0.6755000000000001,0.52475,-0.15075,-0.025999999999999995,4,0.982205,0.982245,3.999999999999837e-05,0.001615000000000033,4,0.7137500000000001,0.7075,-0.006249999999999978,-0.02999999999999997,4,0.5369623655913978,0.5443548387096774,0.007392473118279577,0.005376344086021501,5,1,8,0
2ERF_A,t060,1,8,low_or_equal,not_tier2,0.37260765550239233,0.3726076555023924,0.382177033492823,0.009569377990430634,0.019138755980861233,3,77.875,79.875,2.0,4.0,3,1.798126194626093,2.003027436323464,0.204901241697371,-0.6093312203884125,5,11.339582920074463,11.982194662094116,0.6426117420196533,0.3313889503479004,4,42.5,73.0,30.5,46.5,3,20.334928229665074,34.92822966507177,14.593301435406698,22.248803827751193,3,0.48450000000000004,0.23199999999999998,-0.2525,-0.1450000000000001,4,0.95364625,0.9532025,-0.00044375000000000664,0.0002449999999999952,4,1.5325,1.5524999999999998,0.019999999999999962,-0.04500000000000004,5,0.5478468899521531,0.5412679425837321,-0.006578947368421059,-0.014354066985645952,2,5,8,0
2F7A_A,t060,2,8,low_or_equal,low_or_equal,0.3706140350877193,0.3706140350877193,0.35581140350877194,-0.014802631578947373,0.02412280701754385,3,84.5,81.125,-3.375,5.5,3,1.6619694530963898,1.3325326517224312,-0.3294368013739586,-0.24496081471443176,5,11.950361609458923,9.024570226669312,-2.925791382789612,-3.0340843200683594,6,28.375,14.125,-14.25,-7.5,6,12.44517543859649,6.195175438596491,-6.250000000000001,-3.289473684210526,6,0.659,0.9225,0.2635,-0.03700000000000003,4,0.9068875000000001,0.914025,0.007137500000000005,0.00015999999999999348,4,1.91625,1.8587500000000001,-0.05750000000000005,0.0,4,0.5592105263157894,0.5548245614035088,-0.0043859649122807015,-0.004385964912280715,3,5,8,0
2O4T_A,t060,2,8,low_or_equal,low_or_equal,0.35416666666666663,0.35416666666666663,0.2875,-0.06666666666666667,-0.04444444444444445,5,31.875,25.875,-6.0,-4.0,5,1.9579901918768883,0.5093199592083693,-1.448670232668519,-1.302015021443367,6,9.425971865653992,4.542522549629211,-4.88344931602478,-5.036660671234131,7,24.125,16.0,-8.125,-3.0,5,26.805555555555557,17.77777777777778,-9.027777777777777,-3.333333333333334,5,0.82775,0.871,0.043250000000000066,0.06200000000000015,2,0.78058125,0.7809075,0.00032625000000000015,0.006510000000000016,4,1.9625,1.9775,0.014999999999999958,0.0,2,0.38055555555555554,0.3611111111111111,-0.019444444444444438,-0.027777777777777762,1,2,7,1
2VXP_A,t060,1,8,high,not_tier2,0.41984732824427484,0.41984732824427484,0.3702290076335878,-0.04961832061068702,-0.01908396946564886,5,55.0,48.5,-6.5,-2.5,5,1.8498753234744072,1.0504531981423497,-0.7994221253320575,-0.8050628416240215,5,8.073499917984009,7.633430898189545,-0.4400690197944641,-0.21048927307128906,5,22.625,36.875,14.25,15.5,3,17.270992366412216,28.14885496183206,10.877862595419849,11.832061068702288,3,0.837,0.643,-0.19400000000000003,-0.227,5,0.925085,0.93077375,0.00568875000000002,0.007450000000000068,5,1.32625,1.25,-0.07624999999999996,-0.09999999999999998,6,0.517175572519084,0.5276717557251909,0.010496183206106902,0.01526717557251911,5,1,8,0
3CYQ_D,t060,2,8,high,high,0.41382575757575757,0.41382575757575757,0.42897727272727276,0.015151515151515152,0.015151515151515194,3,54.625,56.625,2.0,2.0,3,2.2097694408148527,2.2719838907942176,0.06221444997936487,-0.48851025104522705,4,14.358928918838501,12.424634337425232,-1.934294581413269,-4.754889965057373,5,32.75,20.0,-12.75,-10.0,5,24.810606060606062,15.15151515151515,-9.65909090909091,-7.575757575757576,5,0.67075,1.29,0.6192499999999999,0.11700000000000002,3,0.94003875,0.93237125,-0.00766749999999998,0.009010000000000018,4,1.19125,1.21,0.01875000000000003,-0.12,5,0.4441287878787879,0.46685606060606066,0.022727272727272728,0.015151515151515138,4,5,7,1
3IEZ_B,t060,2,8,low_or_equal,low_or_equal,0.35526315789473684,0.35526315789473684,0.30657894736842106,-0.04868421052631579,-0.0368421052631579,5,33.75,29.125,-4.625,-3.5,5,0.9594672108069062,0.9641915261745453,0.004724315367639065,-0.20518186688423157,5,6.735296905040741,7.765775561332703,1.0304786562919617,-0.19675683975219727,4,2.625,3.625,1.0,0.0,2,2.763157894736842,3.8157894736842106,1.0526315789473686,0.0,2,2.957,2.63825,-0.31874999999999976,0.07300000000000006,3,0.6524575000000001,0.6085037499999999,-0.04395375000000003,-0.04666000000000001,3,2.6100000000000003,2.9225000000000003,0.31249999999999994,0.5249999999999999,3,0.3447368421052631,0.375,0.03026315789473684,0.03684210526315787,6,2,4,4
3Q80_B,t060,2,8,low_or_equal,low_or_equal,0.36754587155963303,0.36754587155963303,0.42029816513761464,0.052752293577981654,0.0779816513761468,2,80.125,91.625,11.5,17.0,2,2.856023743748665,2.2667229771614075,-0.5893007665872574,-0.7527838945388794,7,15.623358845710754,14.399203777313232,-1.224155068397522,0.5035839080810547,3,30.625,32.625,2.0,0.5,4,14.048165137614681,14.96559633027523,0.9174311926605501,0.2293577981651369,4,0.38925,0.4735,0.08425000000000002,0.020000000000000018,3,0.896385,0.8958775000000001,-0.0005074999999999802,-0.003369999999999984,3,1.80625,1.8687500000000001,0.06250000000000011,0.07000000000000006,3,0.6639908256880733,0.6594036697247706,-0.004587155963302739,-0.004587155963302725,3,6,7,1
3TYX_A,t060,2,8,high,low_or_equal,0.3768656716417911,0.3768656716417911,0.4078358208955224,0.030970149253731323,0.04179104477611939,3,126.25,136.625,10.375,14.0,3,1.6571128591895103,1.6535496786236763,-0.0035631805658340454,-0.151866614818573,5,13.853754937648773,11.026867508888245,-2.8268874287605286,-4.37589168548584,6,69.125,50.125,-19.0,-20.5,5,20.634328358208954,14.962686567164177,-5.671641791044776,-6.119402985074626,5,0.357,0.47225,0.11525000000000003,0.055999999999999966,4,0.94287875,0.96709125,0.024212500000000026,0.032835,6,1.7525,1.26875,-0.48374999999999996,-0.55,6,0.5973880597014926,0.6067164179104477,0.00932835820895521,-5.551115123125783e-17,4,5,7,1
4AC2_A,t060,2,8,low_or_equal,low_or_equal,0.3282608695652174,0.3282608695652174,0.33369565217391306,0.005434782608695659,0.05652173913043479,3,37.75,38.375,0.625,6.5,3,1.3573181270621717,1.2169428947381675,-0.14037523232400417,-0.10983222536742687,4,7.604092240333557,7.234180986881256,-0.369911253452301,1.126051902770996,3,23.0,29.875,6.875,9.0,2,20.0,25.97826086956522,5.978260869565217,7.82608695652174,2,0.6432500000000001,0.30374999999999996,-0.33949999999999997,-0.20800000000000005,6,0.9586,0.9606325,0.0020324999999999926,0.0025049999999999795,5,1.00625,1.01125,0.005000000000000032,-0.019999999999999907,4,0.46413043478260874,0.466304347826087,0.002173913043478276,-0.008695652173912993,4,5,8,0
4BT7_A,t060,2,8,low_or_equal,low_or_equal,0.3744703389830509,0.3744703389830509,0.3591101694915254,-0.015360169491525435,-0.023305084745762705,7,88.375,84.75,-3.625,-5.5,7,1.6830003634095192,2.409276619553566,0.7262762561440468,0.65703484416008,3,12.567820429801941,14.974316596984863,2.4064961671829224,3.6455202102661133,2,51.375,70.125,18.75,12.5,4,21.76906779661017,29.71398305084746,7.944915254237287,5.296610169491527,4,0.24575,0.29574999999999996,0.05,-0.06500000000000003,4,0.9717687500000001,0.9806775,0.008908750000000007,0.011724999999999985,5,1.07375,0.84125,-0.2325,-0.4099999999999999,5,0.5683262711864407,0.5635593220338984,-0.004766949152542374,0.0,4,1,8,0
4C9G_A,t060,2,8,high,high,0.4429245283018868,0.4429245283018868,0.4683962264150944,0.02547169811320754,0.04528301886792452,3,117.375,124.125,6.75,12.0,3,3.229931026697159,3.788811683654785,0.5588806569576263,0.6614102125167847,3,15.756776928901672,16.530147433280945,0.7733705043792725,0.7388520240783691,3,150.875,140.375,-10.5,-4.5,5,56.93396226415095,52.971698113207545,-3.9622641509433967,-1.6981132075471699,5,0.07575,0.03375,-0.042,-0.013999999999999999,6,0.8865375,0.90800125,0.021463750000000004,0.02294999999999997,6,2.3537500000000002,2.0700000000000003,-0.28375000000000006,-0.29000000000000004,6,0.6339622641509434,0.6452830188679245,0.01132075471698113,0.013207547169811318,5,5,8,0
4HQ8_E,t060,2,8,low_or_equal,low_or_equal,0.31133177570093457,0.3113317757009346,0.30081775700934577,-0.010514018691588783,-0.014018691588785048,5,66.625,64.375,-2.25,-3.0,5,1.4986020848155022,1.240410204976797,-0.25819187983870506,-0.29017511010169983,4,11.868351221084595,10.644760370254517,-1.2235908508300781,-1.0075931549072266,5,45.625,29.75,-15.875,-16.0,5,21.320093457943926,13.901869158878503,-7.418224299065421,-7.4766355140186915,5,0.38025000000000003,0.59675,0.21649999999999997,0.15200000000000005,3,0.387335,0.395945,0.008609999999999986,0.016704999999999998,4,4.77875,4.633750000000001,-0.1449999999999998,-0.1299999999999999,6,0.5075934579439252,0.516355140186916,0.008761682242990669,0.023364485981308414,6,3,5,3
4ND3_B,t060,2,8,high,high,0.39235015772870663,0.39235015772870663,0.40970031545741326,0.017350157728706628,0.026813880126182965,3,124.375,129.875,5.5,8.5,3,1.792350873351097,1.8802466839551926,0.08789581060409546,0.03410792350769043,4,12.957796692848206,11.562471449375153,-1.395325243473053,-2.5048961639404297,6,124.375,109.5,-14.875,2.0,4,39.23501577287067,34.542586750788644,-4.692429022082018,0.6309148264984259,4,0.16475,0.21799999999999997,0.05324999999999999,0.014000000000000026,1,0.9693624999999999,0.969245,-0.00011749999999997873,0.0001100000000000545,4,1.5187499999999998,1.5125,-0.006249999999999978,0.0050000000000000044,2,0.6313091482649843,0.6273659305993691,-0.003943217665615145,-0.001577287066246047,3,4,8,0
4QYA_A,t060,2,8,low_or_equal,low_or_equal,0.3566810344827586,0.3566810344827586,0.3976293103448276,0.040948275862068964,0.04310344827586207,3,41.375,46.125,4.75,5.0,3,1.7482471019029617,1.5303636137396097,-0.217883488163352,-0.2573459893465042,5,11.46281611919403,9.233704626560211,-2.2291114926338196,-3.3989977836608887,6,30.375,24.375,-6.0,6.5,3,26.185344827586206,21.012931034482754,-5.172413793103448,5.6034482758620685,3,0.6435,0.7610000000000001,0.11750000000000008,0.061,3,0.94076,0.94275625,0.001996249999999991,0.009129999999999971,6,1.10375,1.1212499999999999,0.01750000000000003,0.025000000000000022,3,0.4935344827586207,0.4892241379310345,-0.004310344827586181,-0.025862068965517182,3,5,7,1
4ZIE_A,t060,1,8,low_or_equal,not_tier2,0.36904761904761907,0.36904761904761907,0.37925170068027214,0.010204081632653059,0.023809523809523808,4,54.25,55.75,1.5,3.5,4,1.3009608760476112,2.055688850581646,0.7547279745340347,0.9910858273506165,3,9.414713084697723,12.233265995979309,2.8185529112815857,3.0710830688476562,2,20.375,32.25,11.875,15.5,1,13.860544217687073,21.93877551020408,8.078231292517007,10.54421768707483,1,0.55725,0.247,-0.31025,-0.27399999999999997,7,0.6450275,0.6640725000000001,0.019044999999999992,0.013255000000000017,4,2.33,2.44875,0.11875000000000008,0.030000000000000027,4,0.4379251700680272,0.4056122448979592,-0.03231292517006802,-0.03401360544217688,2,4,7,1
5AL8_A,t060,2,8,high,high,0.4084051724137931,0.4084051724137931,0.34698275862068967,-0.061422413793103446,-0.05603448275862069,5,47.375,40.25,-7.125,-6.5,5,1.523264890536666,1.8083685636520386,0.28510367311537266,0.05364799499511719,4,10.144793570041656,13.466556549072266,3.321762979030609,2.965230941772461,3,23.0,45.625,22.625,22.0,2,19.82758620689655,39.331896551724135,19.504310344827584,18.96551724137931,2,0.69475,0.22425000000000003,-0.4704999999999999,-0.52,7,0.937435,0.9457912500000001,0.008356249999999996,0.004025000000000001,5,1.335,1.1012499999999998,-0.23375,-0.21500000000000002,7,0.5086206896551725,0.5161637931034483,0.007543103448275863,0.021551724137931022,5,3,8,0
5HGJ_A,t060,1,8,high,not_tier2,0.42010309278350516,0.42010309278350516,0.4652061855670103,0.04510309278350516,0.048969072164948474,1,81.5,90.25,8.75,9.5,1,2.910896807909012,2.4078607633709908,-0.5030360445380211,-0.6130298376083374,5,16.913347721099854,14.110883831977844,-2.8024638891220093,-1.607269287109375,6,61.5,58.75,-2.75,-12.5,5,31.70103092783505,30.283505154639172,-1.4175257731958766,-6.443298969072167,5,0.30525,0.36925,0.06400000000000003,-0.02800000000000001,5,0.9773175000000001,0.97642125,-0.0008962500000000151,0.0020000000000000018,6,0.89875,0.955,0.056249999999999994,-0.044999999999999984,5,0.6365979381443299,0.6288659793814433,-0.007731958762886612,-0.005154639175257714,3,7,8,0
5I0L_A,t060,2,8,low_or_equal,low_or_equal,0.3686708860759494,0.36867088607594933,0.38449367088607594,0.015822784810126583,-0.006329113924050639,4,58.25,60.75,2.5,-1.0,4,1.6688032075762749,2.330512348562479,0.6617091409862041,0.8438567519187927,2,8.38977861404419,12.675044476985931,4.285265862941742,5.104878664016724,1,35.5,41.5,6.0,9.5,3,22.468354430379748,26.265822784810126,3.7974683544303782,6.0126582278481,3,0.31725,0.26875,-0.04850000000000001,-0.044999999999999984,5,0.985885,0.9851412500000001,-0.0007437500000000152,4.500000000001725e-05,4,0.5812499999999999,0.5912499999999999,0.010000000000000009,-0.004999999999999949,4,0.7041139240506329,0.7033227848101266,-0.0007911392405063472,-0.0031645569620253333,3,4,8,0
5K69_A,t060,2,8,high,high,0.435,0.43499999999999994,0.4167857142857143,-0.01821428571428571,-0.01999999999999999,5,152.25,145.875,-6.375,-7.0,5,2.3978854417800903,2.707399934530258,0.30951449275016785,0.1959516406059265,3,16.793780088424683,18.377789974212646,1.5840098857879639,0.9624052047729492,2,124.25,148.875,24.625,17.5,3,35.5,42.535714285714285,7.035714285714285,5.000000000000002,3,0.116,0.09249999999999999,-0.02350000000000001,-0.010000000000000037,5,0.96272,0.961455,-0.0012650000000000022,-0.00043999999999994044,3,1.4475,1.47875,0.03125000000000003,0.0050000000000000044,3,0.6339285714285714,0.6371428571428572,0.003214285714285711,-5.551115123125783e-17,4,3,8,0
5X0O_B,t060,2,8,high,high,0.3815104166666667,0.3815104166666667,0.39453125,0.013020833333333336,0.013020833333333343,3,73.25,75.75,2.5,2.5,3,0.9838589578866959,1.8143004439771175,0.8304414860904217,0.6270375847816467,2,5.990275144577026,11.25570434331894,5.265429198741913,6.4809370040893555,1,22.375,27.625,5.25,11.0,3,11.653645833333334,14.388020833333332,2.734374999999999,5.729166666666666,3,0.66975,0.422,-0.24775000000000005,-0.29399999999999993,5,0.88942125,0.869405,-0.020016249999999985,-0.015804999999999958,3,1.94875,2.2024999999999997,0.2537499999999999,0.19000000000000006,2,0.4674479166666667,0.4739583333333333,0.006510416666666657,0.007812499999999972,4,5,6,2
6DNB_A,t060,1,8,high,not_tier2,0.4300486618004866,0.4300486618004866,0.37864963503649635,-0.05139902676399026,-0.03163017031630169,5,176.75,155.625,-21.125,-13.0,5,2.035873234272003,2.1543364971876144,0.11846326291561127,0.04436385631561279,4,15.76227879524231,15.079658389091492,-0.6826204061508179,0.40146636962890625,3,56.625,66.875,10.25,14.5,2,13.777372262773723,16.271289537712896,2.4939172749391734,3.527980535279804,2,0.25675,0.22675,-0.03,-0.03199999999999997,5,0.9659475,0.9651075,-0.0008400000000000074,-0.0008900000000000019,4,1.67625,1.6475,-0.028749999999999942,0.010000000000000009,4,0.6624087591240876,0.6608880778588808,-0.001520681265206797,-0.0048661800486617945,3,2,8,0
6DNT_A,t060,2,8,high,high,0.4080645161290323,0.4080645161290323,0.3959677419354839,-0.01209677419354839,-0.02096774193548387,5,126.5,122.75,-3.75,-6.5,5,1.7701520696282387,1.865066945552826,0.09491487592458725,0.24808946251869202,2,13.114805340766907,14.05479621887207,0.9399908781051636,1.9350666999816895,3,83.75,90.625,6.875,2.0,4,27.016129032258064,29.233870967741932,2.217741935483869,0.645161290322581,4,0.3635,0.3185,-0.045,-0.07100000000000002,4,0.98565125,0.9838575,-0.0017937500000000106,-0.0008249999999999647,3,0.7949999999999999,0.86,0.065,0.08500000000000002,3,0.7165322580645161,0.719758064516129,0.00322580645161287,0.008064516129032251,5,3,8,0
6HGM_A,t060,1,8,high,not_tier2,0.42159090909090907,0.4215909090909091,0.4178030303030303,-0.0037878787878788053,0.013636363636363613,4,139.125,137.875,-1.25,4.5,4,2.2700374871492386,1.9128534644842148,-0.3571840226650238,-0.34889519214630127,7,15.7057204246521,14.085211634635925,-1.6205087900161743,-2.276960849761963,6,76.375,49.5,-26.875,-30.0,6,23.143939393939394,15.0,-8.143939393939394,-9.090909090909093,6,0.186,0.33975,0.15375000000000005,0.17600000000000002,2,0.988085,0.983875,-0.004210000000000019,-0.0022300000000000098,4,0.77375,0.90625,0.1325,0.09499999999999997,4,0.5534090909090909,0.5666666666666667,0.013257575757575787,0.03030303030303033,5,4,8,0
6HJS_B,t060,2,8,low_or_equal,low_or_equal,0.3691737288135593,0.36917372881355937,0.3421610169491525,-0.027012711864406787,-0.05932203389830509,6,87.125,80.75,-6.375,-14.0,6,1.9438468962907791,1.637475274503231,-0.30637162178754807,-0.07936948537826538,4,12.645018339157104,10.560115933418274,-2.0849024057388306,-1.7765626907348633,4,35.0,25.625,-9.375,-6.0,4,14.830508474576272,10.858050847457626,-3.9724576271186445,-2.5423728813559325,4,0.46799999999999997,0.68625,0.21825,0.24700000000000005,2,0.9769950000000001,0.9687987499999999,-0.008196250000000002,-0.004339999999999955,3,1.04,1.1912500000000001,0.15125,0.06000000000000005,3,0.683792372881356,0.6822033898305084,-0.0015889830508474534,0.0,3,2,8,0
6K82_B,t060,2,8,high,high,0.4091312056737589,0.4091312056737589,0.44060283687943264,0.031471631205673756,0.007092198581560294,3,115.375,124.25,8.875,2.0,3,2.4203650653362274,2.5006780922412872,0.08031302690505981,-0.2155126929283142,5,15.450325012207031,16.12247383594513,0.6721488237380981,1.390106201171875,3,54.0,60.875,6.875,7.0,3,19.148936170212764,21.586879432624116,2.4379432624113493,2.4822695035461004,3,0.363,0.24474999999999997,-0.11825000000000002,-0.04000000000000002,5,0.94445875,0.947775,0.0033162500000000067,0.008550000000000002,5,1.5462500000000001,1.5375,-0.008750000000000063,-0.14500000000000013,5,0.6493794326241135,0.6431737588652482,-0.006205673758865243,-0.014184397163120532,3,5,7,1
6K8P_C,t060,2,8,high,high,0.423469387755102,0.423469387755102,0.3660714285714286,-0.05739795918367345,-0.03231292517006801,6,124.5,107.625,-16.875,-9.5,6,2.1707524061203003,2.2537484765052795,0.08299607038497925,0.22482681274414062,2,18.264114379882812,18.69680643081665,0.4326920509338379,0.5673637390136719,2,151.375,129.25,-22.125,-18.5,5,51.48809523809524,43.9625850340136,-7.525510204081631,-6.2925170068027185,5,0.022250000000000002,0.05525,0.033,-0.017,6,0.95805875,0.9538525,-0.004206250000000009,-0.002434999999999965,4,1.32375,1.50125,0.17750000000000002,0.2300000000000001,1,0.5331632653061225,0.5297619047619049,-0.003401360544217677,0.006802721088435382,5,2,8,0
6NQK_F,t060,2,8,high,high,0.42848837209302326,0.42848837209302326,0.34593023255813954,-0.08255813953488372,-0.07674418604651159,8,92.125,74.375,-17.75,-16.5,8,2.320932060480118,1.6823270618915558,-0.638604998588562,-0.9271932244300842,5,12.85183560848236,10.916524767875671,-1.9353108406066895,-5.003308296203613,6,67.5,55.5,-12.0,-22.5,4,31.395348837209305,25.813953488372096,-5.58139534883721,-10.465116279069768,4,0.24424999999999997,0.443,0.19875,0.21900000000000006,2,0.38805,0.38140125,-0.006648750000000009,-0.03515499999999999,3,4.655,4.36375,-0.29125000000000006,-0.025000000000000355,4,0.5168604651162791,0.5238372093023256,0.006976744186046505,0.0023255813953488302,4,0,6,2
6SNK_A,t060,1,8,high,not_tier2,0.3796542553191489,0.379654255319149,0.41954787234042556,0.039893617021276605,0.021276595744680854,2,71.375,78.875,7.5,4.0,2,2.2690525464713573,2.4355406314134598,0.16648808494210243,-0.005298137664794922,4,13.580113291740417,14.191625952720642,0.6115126609802246,-1.8482980728149414,5,69.625,83.75,14.125,10.0,2,37.034574468085104,44.54787234042553,7.5132978723404245,5.319148936170214,2,0.09324999999999999,0.02425,-0.069,-0.007,6,0.98323625,0.9828812499999999,-0.0003550000000000081,-0.003479999999999983,3,0.80125,0.80125,-2.7755575615628914e-17,0.08999999999999997,3,0.5558510638297872,0.5671542553191489,0.011303191489361708,0.015957446808510634,5,5,8,0
6TN1_AAA,t060,1,8,high,not_tier2,0.4210261569416499,0.4210261569416499,0.40870221327967804,-0.012323943661971815,-0.006036217303822922,4,209.25,203.125,-6.125,-3.0,4,2.1144478619098663,1.5948408097028732,-0.5196070522069931,-0.5692037343978882,6,17.293933629989624,15.041150212287903,-2.252783417701721,-1.5018548965454102,5,107.75,80.0,-27.75,-34.5,6,21.680080482897385,16.09657947686117,-5.583501006036217,-6.941649899396377,6,0.15875,0.1825,0.023749999999999986,0.065,2,0.98433625,0.98367625,-0.0006599999999999939,-0.0012849999999999806,3,1.0675,1.1,0.03250000000000003,0.019999999999999907,3,0.6672535211267605,0.6730382293762576,0.005784708249496978,0.005030181086519092,4,4,8,0
6VJP_B,t060,2,8,low_or_equal,low_or_equal,0.35784313725490197,0.3578431372549019,0.3880718954248366,0.03022875816993465,0.05555555555555555,4,54.75,59.375,4.625,8.5,4,2.1136956065893173,2.129837468266487,0.0161418616771698,0.1211099624633789,4,16.09170937538147,13.802358865737915,-2.2893505096435547,-1.9504709243774414,5,37.5,26.125,-11.375,-6.5,5,24.50980392156863,17.07516339869281,-7.434640522875817,-4.248366013071895,5,0.34550000000000003,0.48924999999999996,0.14375000000000002,0.15599999999999997,2,0.9876612499999999,0.98688625,-0.0007749999999999979,-0.0004350000000000187,3,0.5562499999999999,0.57375,0.0175,0.020000000000000018,3,0.6544117647058822,0.661764705882353,0.007352941176470604,0.006535947712418333,5,4,8,0
6Y76_A,t060,1,8,low_or_equal,not_tier2,0.3629807692307692,0.3629807692307693,0.3814102564102564,0.018429487179487173,0.02243589743589741,3,56.625,59.5,2.875,3.5,3,2.208414651453495,1.876842051744461,-0.33157259970903397,-0.06381106376647949,5,12.54116976261139,11.232064723968506,-1.3091050386428833,-0.7890768051147461,6,28.5,27.25,-1.25,-3.0,4,18.269230769230766,17.467948717948715,-0.8012820512820518,-1.9230769230769225,4,0.40624999999999994,0.719,0.3127499999999999,0.12899999999999998,3,0.8451325,0.84828125,0.003148749999999992,0.007579999999999976,4,2.48125,2.38,-0.10124999999999998,-0.11500000000000021,5,0.5368589743589745,0.5304487179487178,-0.006410256410256429,-0.019230769230769273,1,5,8,0
7D66_J,t060,2,8,high,high,0.4302083333333333,0.4302083333333333,0.37812500000000004,-0.05208333333333332,-0.029166666666666674,6,51.625,45.375,-6.25,-3.5,6,1.0477810725569725,0.5835306327790022,-0.4642504397779703,-0.4205704927444458,5,6.905291140079498,4.20142275094986,-2.7038683891296387,-3.476379871368408,6,22.5,12.125,-10.375,-10.5,6,18.75,10.104166666666666,-8.645833333333334,-8.75,6,0.5800000000000001,1.1025,0.5225,0.506,2,0.9128350000000001,0.9130825,0.0002475000000000116,0.0023949999999999805,4,1.6125,1.64,0.027499999999999997,0.015000000000000013,4,0.45208333333333334,0.4677083333333333,0.015624999999999993,0.020833333333333343,5,2,8,0
7PFR_F,t060,2,8,high,high,0.42159498207885304,0.42159498207885304,0.37141577060931896,-0.05017921146953406,-0.01792114695340502,4,117.625,103.625,-14.0,-5.0,4,2.460292562842369,1.832038275897503,-0.6282542869448662,-0.40057528018951416,5,15.959193110466003,12.841167688369751,-3.1180254220962524,-2.4615402221679688,5,105.125,83.125,-22.0,-11.0,4,37.67921146953405,29.793906810035843,-7.885304659498211,-3.9426523297491034,4,0.0605,0.13125000000000003,0.07075000000000001,3.469446951953614e-18,4,0.9453849999999999,0.947085,0.001700000000000021,-0.0045299999999999785,3,1.755,1.70125,-0.05375000000000002,-0.025000000000000022,5,0.6586021505376344,0.6702508960573477,0.011648745519713274,0.014336917562724039,5,3,8,0
7S5C_F,t060,2,8,low_or_equal,low_or_equal,0.3326271186440678,0.3326271186440678,0.2711864406779661,-0.061440677966101705,-0.016949152542372864,4,19.625,16.0,-3.625,-1.0,4,0.1769510880112648,0.17189819552004337,-0.005052892491221428,-0.4237314686179161,5,4.064856171607971,2.3725950717926025,-1.6922610998153687,-0.12248039245605469,4,6.0,3.0,-3.0,-0.5,4,10.16949152542373,5.084745762711864,-5.084745762711865,-0.847457627118644,4,1.94325,3.4955,1.55225,1.1650000000000005,1,0.96703125,0.96425625,-0.002774999999999986,-0.00025999999999998247,2,0.5825,0.66875,0.08625000000000002,0.07000000000000006,1,0.2838983050847458,0.2902542372881356,0.006355932203389831,0.0,3,2,8,0
7W62_A,t060,2,8,low_or_equal,low_or_equal,0.35178571428571426,0.35178571428571426,0.4142857142857143,0.0625,0.053571428571428575,3,49.25,58.0,8.75,7.5,3,0.6699812079314142,1.7874451633542776,1.1174639554228634,0.856613501906395,2,7.185370445251465,10.919937252998352,3.734566807746887,3.889836311340332,3,31.25,51.5,20.25,17.0,4,22.32142857142857,36.785714285714285,14.464285714285719,12.142857142857142,4,0.5185,0.266,-0.25250000000000006,-0.18999999999999995,4,0.97290625,0.96712625,-0.005780000000000007,-0.005444999999999978,3,0.8825,1.0775000000000001,0.195,0.125,2,0.5919642857142857,0.5991071428571428,0.007142857142857145,0.0035714285714285587,4,5,8,0
8ERB_D,t060,2,8,high,high,0.4044976635514019,0.4044976635514019,0.38025700934579443,-0.024240654205607476,-0.01635514018691589,5,173.125,162.75,-10.375,-7.0,5,1.9750971272587776,1.955452635884285,-0.019644491374492645,-0.2691156268119812,5,14.55406391620636,15.473347306251526,0.919283390045166,-0.3585090637207031,5,135.5,144.125,8.625,-9.5,5,31.6588785046729,33.67406542056075,2.0151869158878513,-2.219626168224295,5,0.1415,0.08525,-0.056249999999999994,-0.02699999999999999,6,0.872125,0.88776875,0.015643749999999998,0.03467999999999999,6,2.2825,2.44625,0.16374999999999992,0.19499999999999984,1,0.6524532710280373,0.6588785046728972,0.006425233644859821,0.005841121495327117,6,3,7,1
9END_A,t060,2,8,high,high,0.4140879478827362,0.4140879478827361,0.4051302931596091,-0.008957654723127054,-0.004885993485342022,4,127.125,124.375,-2.75,-1.5,4,1.67984127253294,1.3967547863721848,-0.28308648616075516,-0.40449219942092896,5,10.804774761199951,12.398509860038757,1.5937350988388062,0.5783495903015137,2,63.75,56.875,-6.875,5.0,3,20.76547231270358,18.526058631921824,-2.239413680781759,1.6286644951140072,3,0.08850000000000001,0.18075,0.09225,0.012000000000000004,3,0.9706462499999999,0.9728224999999999,0.0021762500000000184,0.00043000000000004146,5,1.33125,1.295,-0.036250000000000004,-0.02000000000000013,4,0.6482084690553745,0.6547231270358306,0.006514657980456015,0.0016286644951140072,4,3,8,0
9GJ9_C,t060,2,8,low_or_equal,low_or_equal,0.3692159383033419,0.3692159383033419,0.3586118251928021,-0.010604113110539843,-0.030848329048843187,6,143.625,139.5,-4.125,-12.0,6,1.1673157941550016,1.2317260578274727,0.06441026367247105,-0.02290266752243042,4,11.170232653617859,9.735621452331543,-1.434611201286316,-2.4507341384887695,5,86.5,90.0,3.5,10.0,3,22.23650385604113,23.13624678663239,0.8997429305912603,2.5706940874035986,3,0.31825000000000003,0.25325,-0.06499999999999999,-0.049999999999999996,5,0.84148,0.862715,0.021235000000000018,0.0012599999999999834,4,2.3575,1.8125,-0.5449999999999999,-0.5449999999999999,8,0.6262853470437018,0.6272493573264781,0.0009640102827763453,-0.0012853470437018122,3,2,8,0
9YGK_B,t060,2,8,low_or_equal,low_or_equal,0.29612546125461253,0.29612546125461253,0.33071955719557194,0.03459409594095941,0.016605166051660514,2,80.25,89.625,9.375,4.5,2,2.0591832250356674,1.6479851603507996,-0.41119806468486786,-0.3286265730857849,5,16.99775803089142,15.389335989952087,-1.608422040939331,-1.1055779457092285,5,65.875,72.875,7.0,4.5,2,24.308118081180808,26.891143911439116,2.583025830258303,1.6605166051660518,2,0.08149999999999999,0.06225,-0.019249999999999996,-0.0040000000000000036,5,0.9240200000000001,0.9291750000000001,0.005154999999999993,0.015444999999999987,6,2.0075000000000003,1.8975,-0.11000000000000007,-0.3450000000000001,6,0.6877306273062731,0.6891143911439114,0.0013837638376383715,-0.005535055350553486,3,6,8,0
1EYB_A,t075,1,8,low_or_equal,not_tier2,0.29982100238663484,0.2998210023866349,0.3153341288782816,0.015513126491646767,0.025059665871121684,2,125.625,132.125,6.5,10.5,2,1.0069113820791245,1.6243658363819122,0.6174544543027878,0.8460633158683777,2,9.89381718635559,14.869990229606628,4.976173043251038,6.029561996459961,2,31.125,55.625,24.5,29.5,3,7.428400954653938,13.27565632458234,5.847255369928401,7.04057279236277,3,0.64475,0.37450000000000006,-0.27025,-0.247,5,0.8321075,0.814195,-0.017912500000000012,-0.0009399999999999964,3,3.13,3.09375,-0.036250000000000004,-0.16999999999999993,5,0.5453460620525059,0.5423627684964201,-0.0029832935560859253,-0.00835322195704058,3,6,7,1
1LI1_C,t075,1,8,low_or_equal,not_tier2,0.3370535714285714,0.3370535714285714,0.3498883928571429,0.012834821428571428,0.04687499999999997,3,75.5,78.375,2.875,10.5,3,0.9852523393929005,1.2244726680219173,0.23922032862901688,-0.018904447555541992,4,6.983579635620117,8.103968501091003,1.1203888654708862,2.1965982913970947,3,11.875,12.75,0.875,-0.5,4,5.301339285714286,5.691964285714285,0.3906249999999998,-0.2232142857142856,4,1.117,1.646,0.5289999999999999,0.29599999999999993,4,0.93289,0.94843875,0.015548750000000028,0.012330000000000063,6,1.61375,1.48625,-0.12750000000000003,-0.16500000000000004,6,0.5206473214285714,0.5145089285714286,-0.006138392857142849,-0.004464285714285726,2,5,8,0
1O51_A,t075,2,8,low_or_equal,low_or_equal,0.28230337078651685,0.2823033707865168,0.3160112359550562,0.03370786516853933,0.02247191011235955,3,25.125,28.125,3.0,2.0,3,1.7781449743488338,1.6340420572087169,-0.14410291714011692,0.013376982882618904,4,9.90088140964508,9.146011292934418,-0.7548701167106628,-1.6788177490234375,5,10.25,14.25,4.0,0.5,3,11.516853932584269,16.01123595505618,4.49438202247191,0.5617977528089888,3,2.30025,2.32725,0.027000000000000024,-0.16400000000000015,4,0.83979875,0.8606149999999999,0.020816249999999994,-0.002145000000000008,4,1.7325,1.5662500000000001,-0.16624999999999995,-0.03499999999999992,5,0.476123595505618,0.47191011235955055,-0.004213483146067412,0.0,3,5,7,1
1PXZ_B,t075,2,8,high,high,0.4136560693641618,0.4136560693641619,0.4356936416184971,0.02203757225433526,0.005780346820809246,3,143.125,150.75,7.625,2.0,3,1.8115372359752655,2.255870833992958,0.44433359801769257,0.3498452305793762,2,15.765440940856934,17.077896535396576,1.3124555945396423,1.8409013748168945,2,71.125,88.5,17.375,9.5,4,20.55635838150289,25.578034682080926,5.021676300578035,2.7456647398843934,4,0.24575000000000002,0.15725,-0.08850000000000001,-0.128,5,0.90663625,0.8926799999999999,-0.013956250000000017,-0.010155000000000025,1,2.34,2.3175,-0.02250000000000013,-2.220446049250313e-16,4,0.613800578034682,0.6116329479768787,-0.00216763005780346,-0.005780346820809246,3,5,7,1
1QU9_A,t075,2,8,high,high,0.38976377952755903,0.38976377952755903,0.4192913385826772,0.029527559055118106,0.027559055118110215,2,49.5,53.25,3.75,3.5,2,1.4068284016102552,1.3331857845187187,-0.07364261709153652,-0.3464468717575073,5,8.77700561285019,7.669306814670563,-1.1076987981796265,-2.200120687484741,5,19.75,13.125,-6.625,-7.0,4,15.551181102362207,10.334645669291339,-5.216535433070867,-5.511811023622047,4,0.9802500000000001,1.014,0.033750000000000016,0.044000000000000095,4,0.97648,0.97816875,0.0016887499999999889,0.0009099999999999664,5,0.54625,0.51875,-0.027500000000000004,-0.030000000000000027,5,0.719488188976378,0.6830708661417322,-0.036417322834645674,-0.03937007874015752,1,5,8,0
1TX4_A,t075,1,8,low_or_equal,not_tier2,0.319515306122449,0.319515306122449,0.3488520408163266,0.029336734693877552,0.028061224489795922,3,62.625,68.375,5.75,5.5,3,1.6982634663581848,1.5918966755270958,-0.10636679083108902,-0.11743679642677307,4,11.65497750043869,9.82311326265335,-1.8318642377853394,-3.6844570636749268,5,32.0,25.0,-7.0,-8.0,4,16.326530612244895,12.755102040816325,-3.571428571428571,-4.081632653061224,4,0.45625,0.6745,0.21825,0.188,4,0.97536125,0.9772775,0.0019162499999999943,0.0020800000000000263,6,0.9549999999999998,0.86375,-0.09124999999999997,-0.06999999999999995,4,0.5542091836734694,0.5554846938775511,0.0012755102040816202,0.005102040816326536,4,5,8,0
1U6T_A,t075,1,8,low_or_equal,not_tier2,0.2830578512396694,0.2830578512396694,0.2644628099173554,-0.018595041322314043,-0.028925619834710745,4,34.25,32.0,-2.25,-3.5,4,0.9597452888265252,0.8822676474228501,-0.07747764140367508,0.13386963680386543,4,5.662807583808899,5.884043335914612,0.2212357521057129,1.2026877403259277,3,2.625,7.125,4.5,2.5,2,2.169421487603306,5.888429752066116,3.71900826446281,2.066115702479339,2,2.55375,1.851,-0.70275,-1.2470000000000003,6,0.9216387500000001,0.93102375,0.009385000000000018,0.012450000000000017,6,1.3849999999999998,1.2525,-0.13249999999999995,-0.15499999999999992,6,0.5185950413223139,0.53099173553719,0.012396694214876047,0.008264462809917356,5,3,7,1
1UOU_A,t075,1,8,low_or_equal,not_tier2,0.3242009132420091,0.32420091324200917,0.3030821917808219,-0.02111872146118721,-0.0091324200913242,4,142.0,132.75,-9.25,-4.0,4,0.8927857503294945,0.9259417541325092,0.033156003803014755,0.013452500104904175,4,7.154418706893921,9.622724056243896,2.4683053493499756,2.6424293518066406,1,36.75,32.625,-4.125,1.5,4,8.39041095890411,7.448630136986301,-0.9417808219178087,0.34246575342465757,4,0.5235,0.3725,-0.15100000000000002,-0.09000000000000005,6,0.9606475,0.95579125,-0.00485625000000002,-0.003965000000000052,1,1.5812499999999998,1.7200000000000002,0.13875000000000004,0.1050000000000001,2,0.6464041095890412,0.6518264840182648,0.005422374429223734,0.00799086757990869,5,4,8,0
1USN_A,t075,2,8,low_or_equal,low_or_equal,0.3628787878787879,0.3628787878787879,0.29772727272727273,-0.06515151515151515,-0.09393939393939396,6,59.875,49.125,-10.75,-15.5,6,1.4882610440254211,1.1327928006649017,-0.3554682433605194,-0.7780430912971497,5,9.206823945045471,9.577952206134796,0.37112826108932495,-0.178513765335083,4,35.625,3.75,-31.875,-14.0,7,21.59090909090909,2.2727272727272725,-19.31818181818182,-8.484848484848484,7,0.7205,1.77325,1.05275,0.946,2,0.94853375,0.95056375,0.0020299999999999763,0.0032649999999999624,6,1.31875,1.19875,-0.12000000000000002,-0.13,4,0.6378787878787878,0.6431818181818181,0.005303030303030309,-0.00303030303030305,3,2,8,0
1WZE_B,t075,2,8,high,high,0.3857033639143731,0.3857033639143731,0.41360856269113155,0.02790519877675842,0.04740061162079512,3,126.125,135.25,9.125,15.5,3,2.043499916791916,2.2022966891527176,0.1587967723608017,0.08896923065185547,3,18.501084089279175,19.115843057632446,0.6147589683532715,0.9380683898925781,2,98.375,93.75,-4.625,-8.5,4,30.084097859327215,28.6697247706422,-1.414373088685016,-2.599388379204891,4,0.05,0.064,0.014000000000000002,0.004999999999999998,4,0.98439,0.98271375,-0.0016762500000000041,-0.001815000000000011,3,0.88125,0.93625,0.05500000000000001,0.07500000000000007,3,0.7400611620795107,0.7331804281345565,-0.006880733944954115,-0.01376146788990823,3,5,8,0
1ZR3_A,t075,1,8,high,not_tier2,0.4133064516129032,0.4133064516129032,0.3958333333333333,-0.017473118279569877,-0.018817204301075252,4,76.875,73.625,-3.25,-3.5,4,2.0174623876810074,2.303915522992611,0.28645313531160355,0.46123337745666504,3,13.61344701051712,12.778218567371368,-0.835228443145752,-0.6577348709106445,4,27.125,23.25,-3.875,3.5,2,14.583333333333332,12.5,-2.0833333333333344,1.881720430107526,2,0.6755000000000001,0.485,-0.19050000000000003,-0.11500000000000002,5,0.982205,0.9802925,-0.0019124999999999837,-2.999999999997449e-05,4,0.7137500000000001,0.74125,0.02750000000000001,-0.010000000000000009,4,0.5369623655913978,0.5443548387096774,0.007392473118279563,0.008064516129032251,5,4,8,0
2ERF_A,t075,1,8,low_or_equal,not_tier2,0.37260765550239233,0.3726076555023924,0.4324162679425837,0.059808612440191394,0.09330143540669858,2,77.875,90.375,12.5,19.5,2,1.798126194626093,1.6619462728122016,-0.13617992181389127,-0.2831266285502352,4,11.339582920074463,11.563337802886963,0.2237548828125,-0.45986223220825195,4,42.5,62.375,19.875,33.0,2,20.334928229665074,29.844497607655505,9.509569377990433,15.78947368421053,2,0.48450000000000004,0.23399999999999999,-0.25050000000000006,-0.06300000000000004,5,0.95364625,0.9577500000000001,0.004103750000000017,0.00852500000000006,5,1.5325,1.45,-0.08250000000000002,-0.07999999999999996,4,0.5478468899521531,0.5496411483253588,0.001794258373205751,0.004784688995215336,4,6,8,0
2F7A_A,t075,2,8,low_or_equal,low_or_equal,0.3706140350877193,0.3706140350877193,0.3848684210526316,0.014254385964912273,0.006578947368421045,4,84.5,87.75,3.25,1.5,4,1.6619694530963898,1.5377182364463806,-0.12425121665000916,-0.0025928616523742676,4,11.950361609458923,8.12276840209961,-3.827593207359314,-2.1626429557800293,8,28.375,21.625,-6.75,-7.0,5,12.44517543859649,9.484649122807017,-2.9605263157894735,-3.070175438596491,5,0.659,0.7807499999999999,0.12174999999999998,0.15899999999999997,4,0.9068875000000001,0.9161,0.009212499999999985,0.008784999999999932,4,1.91625,1.855,-0.06125,-0.14000000000000012,5,0.5592105263157894,0.5553728070175439,-0.003837719298245612,-0.010964912280701788,3,4,8,0
2O4T_A,t075,2,8,low_or_equal,low_or_equal,0.35416666666666663,0.35416666666666663,0.3861111111111111,0.031944444444444456,0.022222222222222227,3,31.875,34.75,2.875,2.0,3,1.9579901918768883,1.3782452531158924,-0.5797449387609959,-0.3186712712049484,4,9.425971865653992,8.86831784248352,-0.5576540231704712,-2.6844825744628906,5,24.125,25.375,1.25,-2.5,5,26.805555555555557,28.194444444444443,1.3888888888888884,-2.7777777777777777,5,0.82775,1.3365,0.5087500000000001,0.14600000000000002,4,0.78058125,0.7878475,0.007266249999999988,0.011440000000000006,7,1.9625,1.82625,-0.13625000000000004,-0.10999999999999999,4,0.38055555555555554,0.3555555555555555,-0.024999999999999988,-0.0333333333333333,2,4,7,1
2VXP_A,t075,1,8,high,not_tier2,0.41984732824427484,0.41984732824427484,0.4122137404580153,-0.007633587786259548,0.015267175572519082,3,55.0,54.0,-1.0,2.0,3,1.8498753234744072,1.2003304590471089,-0.6495448644272983,-0.7425417304039001,7,8.073499917984009,7.415094017982483,-0.6584059000015259,-2.253324031829834,5,22.625,37.875,15.25,19.0,2,17.270992366412216,28.912213740458018,11.641221374045802,14.50381679389313,2,0.837,0.52225,-0.31475,-0.399,6,0.925085,0.9374575,0.012372500000000008,0.009765000000000024,7,1.32625,1.21375,-0.11249999999999999,-0.04999999999999993,7,0.517175572519084,0.5200381679389313,0.002862595419847354,0.003816793893129805,4,4,8,0
3CYQ_D,t075,2,8,high,high,0.41382575757575757,0.41382575757575757,0.4100378787878788,-0.0037878787878787845,-0.0037878787878787845,4,54.625,54.125,-0.5,-0.5,4,2.2097694408148527,2.2795910201966763,0.06982157938182354,0.06046825647354126,3,14.358928918838501,12.222102403640747,-2.136826515197754,-0.6413106918334961,6,32.75,28.125,-4.625,-6.0,5,24.810606060606062,21.30681818181818,-3.5037878787878802,-4.545454545454546,5,0.67075,0.66925,-0.0015000000000000013,0.15299999999999997,3,0.94003875,0.8897775,-0.05026124999999999,-0.03720499999999999,2,1.19125,1.37,0.17875000000000002,0.12,2,0.4441287878787879,0.45833333333333337,0.014204545454545442,0.018939393939393923,7,3,5,3
3IEZ_B,t075,2,8,low_or_equal,low_or_equal,0.35526315789473684,0.35526315789473684,0.3815789473684211,0.02631578947368421,0.04210526315789473,2,33.75,36.25,2.5,4.0,2,0.9594672108069062,1.147524356842041,0.1880571460351348,-0.013410568237304688,4,6.735296905040741,6.8051504492759705,0.06985354423522949,-0.19675731658935547,4,2.625,2.375,-0.25,0.0,2,2.763157894736842,2.5,-0.2631578947368418,0.0,2,2.957,3.4074999999999998,0.4504999999999999,0.07300000000000006,2,0.6524575000000001,0.63572875,-0.01672875000000002,0.0,3,2.6100000000000003,2.68375,0.07374999999999998,-0.20499999999999996,4,0.3447368421052631,0.368421052631579,0.023684210526315787,0.02631578947368421,5,4,6,2
3Q80_B,t075,2,8,low_or_equal,low_or_equal,0.36754587155963303,0.36754587155963303,0.4403669724770642,0.07282110091743119,0.08027522935779816,2,80.125,96.0,15.875,17.5,2,2.856023743748665,2.268112763762474,-0.5879109799861908,-0.37739884853363037,5,15.623358845710754,14.606286644935608,-1.0170722007751465,-1.6741838455200195,4,30.625,29.125,-1.5,-2.0,5,14.048165137614681,13.360091743119266,-0.6880733944954129,-0.9174311926605503,5,0.38925,0.53,0.14075000000000004,0.13400000000000004,2,0.896385,0.9011962499999999,0.004811250000000017,0.003415000000000057,5,1.80625,1.8975,0.09125,0.06499999999999995,3,0.6639908256880733,0.6668577981651376,0.0028669724770642308,0.00458715596330278,4,6,7,1
3TYX_A,t075,2,8,high,low_or_equal,0.3768656716417911,0.3768656716417911,0.33731343283582094,-0.039552238805970155,-0.004477611940298526,5,126.25,113.0,-13.25,-1.5,5,1.6571128591895103,1.3316119760274887,-0.32550088316202164,-0.009637176990509033,4,13.853754937648773,10.683378875255585,-3.1703760623931885,-3.4195446968078613,6,69.125,47.5,-21.625,-31.5,5,20.634328358208954,14.179104477611942,-6.455223880597014,-9.402985074626866,5,0.357,0.389,0.032000000000000015,0.13400000000000004,4,0.94287875,0.9615100000000001,0.01863125000000003,0.006035000000000013,5,1.7525,1.385,-0.3675,-0.19000000000000006,6,0.5973880597014926,0.5985074626865672,0.0011194029850746107,-0.005970149253731349,2,3,8,0
4AC2_A,t075,2,8,low_or_equal,low_or_equal,0.3282608695652174,0.3282608695652174,0.3456521739130435,0.01739130434782609,-0.013043478260869573,5,37.75,39.75,2.0,-1.5,5,1.3573181270621717,1.2501993444748223,-0.10711878258734941,-0.7111571133136749,5,7.604092240333557,9.418877840042114,1.8147855997085571,2.24078369140625,4,23.0,32.0,9.0,9.5,2,20.0,27.82608695652174,7.826086956521738,8.260869565217392,2,0.6432500000000001,0.294,-0.34925,-0.31200000000000006,5,0.9586,0.9617,0.0031000000000000055,0.003434999999999966,6,1.00625,0.95125,-0.054999999999999966,-0.03500000000000003,5,0.46413043478260874,0.4576086956521739,-0.00652173913043478,-0.004347826086956552,4,3,8,0
4BT7_A,t075,2,8,low_or_equal,low_or_equal,0.3744703389830509,0.3744703389830509,0.3765889830508474,0.0021186440677965976,-0.02118644067796613,5,88.375,88.875,0.5,-5.0,5,1.6830003634095192,1.5051638893783092,-0.17783647403120995,-0.6343104243278503,5,12.567820429801941,11.34726744890213,-1.2205529808998108,-1.1593613624572754,4,51.375,63.25,11.875,15.5,2,21.76906779661017,26.80084745762712,5.03177966101695,6.567796610169495,2,0.24575,0.28625,0.04050000000000001,-0.021000000000000008,5,0.9717687500000001,0.9755962499999999,0.0038274999999999976,0.005164999999999975,6,1.07375,0.96,-0.11374999999999999,-0.19499999999999995,5,0.5683262711864407,0.5683262711864406,-1.3877787807814457e-17,0.004237288135593209,5,3,8,0
4C9G_A,t075,2,8,high,high,0.4429245283018868,0.4429245283018868,0.43160377358490565,-0.011320754716981137,-0.009433962264150941,5,117.375,114.375,-3.0,-2.5,5,3.229931026697159,2.97660730779171,-0.2533237189054489,-0.1780681014060974,5,15.756776928901672,15.397823214530945,-0.35895371437072754,-0.9665250778198242,5,150.875,122.125,-28.75,-24.0,4,56.93396226415095,46.08490566037736,-10.84905660377359,-9.05660377358491,4,0.07575,0.09375000000000001,0.018000000000000002,0.0,4,0.8865375,0.9225925,0.03605499999999999,0.022279999999999966,6,2.3537500000000002,1.8875,-0.46625000000000016,-0.3500000000000001,6,0.6339622641509434,0.644811320754717,0.010849056603773582,-0.007547169811320753,4,3,8,0
4HQ8_E,t075,2,8,low_or_equal,low_or_equal,0.31133177570093457,0.3113317757009346,0.30081775700934577,-0.01051401869158878,0.058411214953271035,3,66.625,64.375,-2.25,12.5,3,1.4986020848155022,1.1839980408549309,-0.3146040439605713,-0.11615735292434692,4,11.868351221084595,9.777022421360016,-2.091328799724579,-3.241384983062744,5,45.625,42.625,-3.0,-2.5,4,21.320093457943926,19.91822429906542,-1.4018691588785042,-1.16822429906542,4,0.38025000000000003,0.47,0.08974999999999997,0.21999999999999997,3,0.387335,0.38151,-0.005825000000000011,-0.003960000000000019,4,4.77875,4.87125,0.09250000000000008,0.25000000000000044,3,0.5075934579439252,0.5216121495327103,0.014018691588785069,0.016355140186915917,6,5,6,2
4ND3_B,t075,2,8,high,high,0.39235015772870663,0.39235015772870663,0.4479495268138801,0.05559936908517351,0.04731861198738174,2,124.375,142.0,17.625,15.0,2,1.792350873351097,2.0726268738508224,0.28027600049972534,0.16258955001831055,2,12.957796692848206,12.441007137298584,-0.5167895555496216,-0.3696603775024414,5,124.375,106.25,-18.125,-30.0,5,39.23501577287067,33.51735015772871,-5.717665615141955,-9.46372239747634,5,0.16475,0.166,0.0012500000000000011,0.001999999999999995,4,0.9693624999999999,0.9683962500000001,-0.000966249999999988,-0.0006349999999999412,3,1.5187499999999998,1.46,-0.058750000000000024,0.0050000000000000044,4,0.6313091482649843,0.6336750788643533,0.0023659305993690705,0.001577287066246047,4,6,8,0
4QYA_A,t075,2,8,low_or_equal,low_or_equal,0.3566810344827586,0.3566810344827586,0.3739224137931035,0.01724137931034483,-0.004310344827586188,4,41.375,43.375,2.0,-0.5,4,1.7482471019029617,1.9612209424376488,0.21297384053468704,0.24526089429855347,4,11.46281611919403,11.58389276266098,0.12107664346694946,1.3511412143707275,3,30.375,32.875,2.5,6.5,3,26.185344827586206,28.34051724137931,2.155172413793102,5.603448275862068,3,0.6435,0.46149999999999997,-0.18199999999999997,-0.22,5,0.94076,0.938665,-0.0020949999999999858,-0.0033199999999999896,4,1.10375,1.20875,0.105,0.07499999999999996,1,0.4935344827586207,0.4989224137931034,0.005387931034482769,0.004310344827586243,4,4,8,0
4ZIE_A,t075,1,8,low_or_equal,not_tier2,0.36904761904761907,0.36904761904761907,0.40476190476190477,0.03571428571428571,0.06802721088435373,3,54.25,59.5,5.25,10.0,3,1.3009608760476112,1.6412020912393928,0.3402412151917815,0.3447023034095764,4,9.414713084697723,12.378615260124207,2.963902175426483,4.421607494354248,2,20.375,25.0,4.625,4.5,2,13.860544217687073,17.006802721088434,3.1462585034013597,3.061224489795918,2,0.55725,0.42300000000000004,-0.13424999999999998,-0.12700000000000003,6,0.6450275,0.6783925,0.03336499999999998,0.01559499999999997,4,2.33,2.5675,0.2375,0.05500000000000016,4,0.4379251700680272,0.42176870748299317,-0.016156462585034018,0.0,4,5,8,0
5AL8_A,t075,2,8,high,high,0.4084051724137931,0.4084051724137931,0.3631465517241379,-0.04525862068965517,-0.04310344827586207,5,47.375,42.125,-5.25,-5.0,5,1.523264890536666,2.785190351307392,1.2619254607707262,1.5816423892974854,2,10.144793570041656,14.639573216438293,4.494779646396637,6.37947940826416,2,23.0,51.75,28.75,36.5,2,19.82758620689655,44.61206896551724,24.784482758620687,31.465517241379303,2,0.69475,0.18425000000000002,-0.5105,-0.534,6,0.937435,0.942655,0.005220000000000016,0.004489999999999994,6,1.335,1.0550000000000002,-0.28,-0.21500000000000008,7,0.5086206896551725,0.5290948275862069,0.020474137931034482,0.008620689655172403,4,3,8,0
5HGJ_A,t075,1,8,high,not_tier2,0.42010309278350516,0.42010309278350516,0.4297680412371134,0.009664948453608262,0.01804123711340208,3,81.5,83.375,1.875,3.5,3,2.910896807909012,2.775345802307129,-0.13555100560188293,-0.2617931365966797,5,16.913347721099854,15.302105188369751,-1.6112425327301025,-1.1391210556030273,7,61.5,83.875,22.375,28.0,3,31.70103092783505,43.23453608247422,11.533505154639172,14.43298969072165,3,0.30525,0.30975,0.004500000000000004,0.062000000000000006,4,0.9773175000000001,0.9803775000000001,0.0030599999999999933,0.004219999999999946,6,0.89875,0.8175,-0.08124999999999999,-0.04999999999999993,5,0.6365979381443299,0.6307989690721649,-0.005798969072164983,-0.005154639175257769,3,5,8,0
5I0L_A,t075,2,8,low_or_equal,low_or_equal,0.3686708860759494,0.36867088607594933,0.34889240506329117,-0.019778481012658226,-0.028481012658227833,5,58.25,55.125,-3.125,-4.5,5,1.6688032075762749,1.6965310648083687,0.02772785723209381,0.2658160626888275,3,8.38977861404419,9.82621145248413,1.4364328384399414,1.3112409114837646,4,35.5,35.75,0.25,7.0,3,22.468354430379748,22.626582278481013,0.15822784810126422,4.43037974683544,3,0.31725,0.192,-0.12524999999999997,-0.05699999999999998,5,0.985885,0.9856050000000001,-0.0002800000000000302,-0.000250000000000028,4,0.5812499999999999,0.5800000000000001,-0.0012499999999999734,0.0,4,0.7041139240506329,0.6930379746835442,-0.011075949367088625,-0.012658227848101278,2,3,8,0
5K69_A,t075,2,8,high,high,0.435,0.43499999999999994,0.425,-0.010000000000000002,-0.012857142857142873,4,152.25,148.75,-3.5,-4.5,4,2.3978854417800903,2.3609487265348434,-0.03693671524524689,0.1536189317703247,4,16.793780088424683,16.19539487361908,-0.598385214805603,-0.6052179336547852,5,124.25,131.375,7.125,5.5,2,35.5,37.535714285714285,2.035714285714284,1.571428571428573,2,0.116,0.13425,0.01825,0.008,4,0.96272,0.9560225,-0.006697499999999981,-0.0040399999999999325,2,1.4475,1.58,0.1325,0.1100000000000001,2,0.6339285714285714,0.6317857142857143,-0.002142857142857141,0.0014285714285713902,4,4,8,0
5X0O_B,t075,2,8,high,high,0.3815104166666667,0.3815104166666667,0.34765625,-0.03385416666666667,-0.08072916666666666,5,73.25,66.75,-6.5,-15.5,5,0.9838589578866959,1.5168249979615211,0.5329660400748253,0.22954082489013672,4,5.990275144577026,9.769542813301086,3.77926766872406,2.9446420669555664,4,22.375,13.75,-8.625,-6.5,4,11.653645833333334,7.161458333333333,-4.492187499999999,-3.3854166666666665,4,0.66975,1.014,0.34424999999999994,0.31599999999999995,2,0.88942125,0.8791875,-0.010233749999999986,-0.013940000000000008,2,1.94875,2.0612500000000002,0.11249999999999999,0.15999999999999992,2,0.4674479166666667,0.46875,0.0013020833333333356,0.0026041666666666574,4,3,7,1
6DNB_A,t075,1,8,high,not_tier2,0.4300486618004866,0.4300486618004866,0.3944647201946472,-0.03558394160583941,-0.02554744525547445,6,176.75,162.125,-14.625,-10.5,6,2.035873234272003,2.1450062692165375,0.1091330349445343,0.1804543137550354,2,15.76227879524231,16.22931683063507,0.46703803539276123,1.41084623336792,3,56.625,46.625,-10.0,-10.5,5,13.777372262773723,11.344282238442823,-2.433090024330901,-2.554744525547444,5,0.25675,0.30074999999999996,0.044,0.05799999999999997,3,0.9659475,0.96432625,-0.0016212499999999908,-0.0036049999999999693,2,1.67625,1.6875,0.011250000000000038,0.015000000000000013,2,0.6624087591240876,0.6548053527980535,-0.007603406326034054,-0.003649635036496346,3,2,8,0
6DNT_A,t075,2,8,high,high,0.4080645161290323,0.4080645161290323,0.4229838709677419,0.014919354838709667,0.006451612903225795,4,126.5,131.125,4.625,2.0,4,1.7701520696282387,1.7267119735479355,-0.04344009608030319,-0.34145429730415344,5,13.114805340766907,12.482200860977173,-0.6326044797897339,-0.08451366424560547,4,83.75,90.875,7.125,8.0,3,27.016129032258064,29.314516129032256,2.298387096774192,2.5806451612903203,3,0.3635,0.2835,-0.07999999999999997,-0.035999999999999976,5,0.98565125,0.98279625,-0.0028549999999999826,-0.0016349999999999976,2,0.7949999999999999,0.90375,0.10875000000000001,0.04999999999999999,3,0.7165322580645161,0.719758064516129,0.0032258064516128837,-0.0048387096774193394,3,4,8,0
6HGM_A,t075,1,8,high,not_tier2,0.42159090909090907,0.4215909090909091,0.3943181818181818,-0.027272727272727275,-0.02878787878787875,7,139.125,130.125,-9.0,-9.5,7,2.2700374871492386,1.8777002021670341,-0.39233728498220444,-0.33930277824401855,5,15.7057204246521,16.449382305145264,0.7436618804931641,1.9400997161865234,3,76.375,58.625,-17.75,-9.5,4,23.143939393939394,17.765151515151516,-5.378787878787879,-2.8787878787878807,4,0.186,0.21375000000000002,0.027750000000000018,0.028,3,0.988085,0.98397375,-0.004111249999999997,-0.0007400000000000184,4,0.77375,0.84625,0.07250000000000002,0.020000000000000018,4,0.5534090909090909,0.5481060606060606,-0.005303030303030309,0.0,3,1,8,0
6HJS_B,t075,2,8,low_or_equal,low_or_equal,0.3691737288135593,0.36917372881355937,0.41154661016949157,0.0423728813559322,0.02542372881355931,2,87.125,97.125,10.0,6.0,2,1.9438468962907791,2.0686951875686646,0.12484829127788544,-0.2196052074432373,5,12.645018339157104,13.494620859622955,0.8496025204658508,-0.31505441665649414,5,35.0,49.125,14.125,7.0,4,14.830508474576272,20.815677966101696,5.985169491525424,2.9661016949152543,4,0.46799999999999997,0.30525,-0.16274999999999998,-0.10199999999999995,6,0.9769950000000001,0.9735625000000001,-0.003432500000000005,-0.0007400000000000184,2,1.04,1.12875,0.08875,0.025000000000000022,3,0.683792372881356,0.6869703389830508,0.003177966101694907,0.006355932203389814,6,6,8,0
6K82_B,t075,2,8,high,high,0.4091312056737589,0.4091312056737589,0.42065602836879434,0.01152482269503545,0.026595744680851047,3,115.375,118.625,3.25,7.5,3,2.4203650653362274,2.70123727619648,0.2808722108602524,0.2472105622291565,3,15.450325012207031,15.42901873588562,-0.021306276321411133,-1.723559856414795,5,54.0,51.125,-2.875,-1.5,4,19.148936170212764,18.129432624113477,-1.0195035460992896,-0.5319148936170208,4,0.363,0.28800000000000003,-0.07500000000000001,0.018000000000000033,3,0.94445875,0.9395425,-0.004916250000000025,-0.0010950000000000126,4,1.5462500000000001,1.5262499999999999,-0.020000000000000018,0.010000000000000009,3,0.6493794326241135,0.6533687943262412,0.003989361702127672,0.0,4,5,8,0
6K8P_C,t075,2,8,high,high,0.423469387755102,0.423469387755102,0.3843537414965986,-0.0391156462585034,-0.04931972789115649,7,124.5,113.0,-11.5,-14.5,7,2.1707524061203003,1.975784346461296,-0.1949680596590042,-0.18353193998336792,5,18.264114379882812,17.419748663902283,-0.8443657159805298,-0.33469581604003906,5,151.375,101.0,-50.375,-52.0,7,51.48809523809524,34.353741496598644,-17.134353741496597,-17.687074829931973,7,0.022250000000000002,0.029500000000000002,0.007250000000000002,-0.003000000000000001,5,0.95805875,0.96318125,0.005122499999999988,0.0029699999999999727,5,1.32375,1.24,-0.08374999999999999,-0.13,5,0.5331632653061225,0.5136054421768708,-0.019557823129251695,-0.017006802721088454,0,1,8,0
6NQK_F,t075,2,8,high,high,0.42848837209302326,0.42848837209302326,0.3755813953488372,-0.05290697674418604,-0.048837209302325546,5,92.125,80.75,-11.375,-10.5,5,2.320932060480118,2.0133310556411743,-0.3076010048389435,-0.01762104034423828,4,12.85183560848236,12.712101817131042,-0.13973379135131836,-0.6604223251342773,5,67.5,44.125,-23.375,-33.0,6,31.395348837209305,20.52325581395349,-10.872093023255815,-15.348837209302324,6,0.24424999999999997,0.5825,0.33825000000000005,0.22400000000000003,3,0.38805,0.38674,-0.0013099999999999987,-0.003980000000000011,4,4.655,4.8625,0.2074999999999999,0.029999999999999805,4,0.5168604651162791,0.5011627906976743,-0.015697674418604653,-0.023255813953488386,3,2,7,1
6SNK_A,t075,1,8,high,not_tier2,0.3796542553191489,0.379654255319149,0.39494680851063835,0.015292553191489373,0.002659574468085124,4,71.375,74.25,2.875,0.5,4,2.2690525464713573,1.9521255567669868,-0.3169269897043705,-0.8833392858505249,5,13.580113291740417,13.370341658592224,-0.20977163314819336,-0.583552360534668,6,69.625,57.5,-12.125,-7.5,5,37.034574468085104,30.585106382978726,-6.449468085106383,-3.989361702127656,5,0.09324999999999999,0.25075000000000003,0.1575,0.047,2,0.98323625,0.98437875,0.0011424999999999907,0.0012449999999999961,4,0.80125,0.7374999999999999,-0.06375000000000003,-0.065,5,0.5558510638297872,0.555186170212766,-0.000664893617021281,0.0,3,4,8,0
6TN1_AAA,t075,1,8,high,not_tier2,0.4210261569416499,0.4210261569416499,0.38832997987927564,-0.03269617706237424,-0.04225352112676056,5,209.25,193.0,-16.25,-21.0,5,2.1144478619098663,1.9294268935918808,-0.18502096831798553,-0.17374908924102783,5,17.293933629989624,16.276458382606506,-1.0174752473831177,-1.763991355895996,5,107.75,115.375,7.625,10.0,3,21.680080482897385,23.214285714285715,1.534205231388329,2.012072434607642,3,0.15875,0.0875,-0.07125000000000001,0.010999999999999996,2,0.98433625,0.983655,-0.0006812499999999944,0.00041999999999997595,5,1.0675,1.07375,0.0062500000000000056,-0.039999999999999925,6,0.6672535211267605,0.6737927565392354,0.00653923541247485,0.0020120724346076035,4,3,8,0
6VJP_B,t075,2,8,low_or_equal,low_or_equal,0.35784313725490197,0.3578431372549019,0.3570261437908497,-0.0008169934640522777,0.0032679738562091665,4,54.75,54.625,-0.125,0.5,4,2.1136956065893173,2.3867930322885513,0.273097425699234,0.13877630233764648,3,16.09170937538147,15.209835767745972,-0.881873607635498,-2.0576562881469727,5,37.5,30.25,-7.25,-6.0,5,24.50980392156863,19.77124183006536,-4.738562091503269,-3.9215686274509816,5,0.34550000000000003,0.5785,0.23299999999999998,0.23399999999999996,2,0.9876612499999999,0.98225125,-0.00540999999999997,-0.0010999999999999344,4,0.5562499999999999,0.70375,0.14750000000000002,0.019999999999999962,4,0.6544117647058822,0.6519607843137254,-0.002450980392156854,-0.009803921568627472,2,4,8,0
6Y76_A,t075,1,8,low_or_equal,not_tier2,0.3629807692307692,0.3629807692307693,0.37259615384615385,0.009615384615384602,0.04487179487179485,3,56.625,58.125,1.5,7.0,3,2.208414651453495,1.989008117467165,-0.21940653398633003,0.13508866727352142,4,12.54116976261139,11.354509949684143,-1.186659812927246,-1.8863885402679443,6,28.5,35.875,7.375,9.5,3,18.269230769230766,22.996794871794872,4.727564102564104,6.089743589743591,3,0.40624999999999994,0.532,0.12575000000000006,-0.112,5,0.8451325,0.84018875,-0.004943749999999983,-0.008459999999999968,3,2.48125,2.425,-0.05625000000000005,-0.0050000000000001155,4,0.5368589743589745,0.5608974358974359,0.02403846153846155,0.022435897435897467,7,5,7,1
7D66_J,t075,2,8,high,high,0.4302083333333333,0.4302083333333333,0.35625,-0.07395833333333332,-0.09166666666666666,6,51.625,42.75,-8.875,-11.0,6,1.0477810725569725,0.8001310303807259,-0.24765004217624664,-0.06354126334190369,5,6.905291140079498,4.762308955192566,-2.1429821848869324,-2.3624229431152344,6,22.5,12.0,-10.5,-9.0,6,18.75,10.0,-8.75,-7.5,6,0.5800000000000001,1.41275,0.83275,0.8049999999999997,2,0.9128350000000001,0.90088375,-0.011951249999999983,-0.0018449999999999855,3,1.6125,1.6,-0.012499999999999956,0.08500000000000008,3,0.45208333333333334,0.4583333333333333,0.006249999999999999,0.020833333333333343,5,1,7,1
7PFR_F,t075,2,8,high,high,0.42159498207885304,0.42159498207885304,0.407258064516129,-0.014336917562724032,-0.017921146953405048,7,117.625,113.625,-4.0,-5.0,7,2.460292562842369,1.9845923781394958,-0.47570018470287323,-0.6679231524467468,5,15.959193110466003,12.882038831710815,-3.077154278755188,-3.003272533416748,7,105.125,80.125,-25.0,-9.5,6,37.67921146953405,28.71863799283154,-8.96057347670251,-3.4050179211469533,6,0.0605,0.1245,0.064,0.03200000000000001,3,0.9453849999999999,0.94318875,-0.002196249999999983,0.0071650000000000325,5,1.755,1.7149999999999999,-0.04000000000000001,-0.06500000000000006,5,0.6586021505376344,0.6639784946236559,0.005376344086021528,0.0035842293906810374,4,1,8,0
7S5C_F,t075,2,8,low_or_equal,low_or_equal,0.3326271186440678,0.3326271186440678,0.3432203389830508,0.010593220338983056,0.008474576271186439,1,19.625,20.25,0.625,0.5,1,0.1769510880112648,1.051797766238451,0.8748466782271862,0.14648278057575226,3,4.064856171607971,5.598974704742432,1.5341185331344604,0.5143299102783203,2,6.0,9.25,3.25,4.0,3,10.16949152542373,15.677966101694913,5.508474576271187,6.779661016949152,3,1.94325,1.3410000000000002,-0.6022500000000002,-0.245,4,0.96703125,0.96304875,-0.0039825,-0.0020649999999999835,2,0.5825,0.665,0.08250000000000002,0.03500000000000003,2,0.2838983050847458,0.2902542372881356,0.006355932203389824,0.0,3,4,8,0
7W62_A,t075,2,8,low_or_equal,low_or_equal,0.35178571428571426,0.35178571428571426,0.34375,-0.008035714285714288,-0.017857142857142877,4,49.25,48.125,-1.125,-2.5,4,0.6699812079314142,0.8232007804326713,0.15321957250125706,-0.07400432974100113,4,7.185370445251465,6.739537417888641,-0.4458330273628235,-0.5695352554321289,5,31.25,37.25,6.0,-3.0,4,22.32142857142857,26.607142857142858,4.285714285714288,-2.1428571428571423,4,0.5185,0.382,-0.13650000000000004,-0.014000000000000012,4,0.97290625,0.9711474999999999,-0.0017587500000000034,-0.0033050000000000024,1,0.8825,0.9299999999999999,0.0475,0.025000000000000022,2,0.5919642857142857,0.5955357142857143,0.0035714285714285726,0.0,3,4,8,0
8ERB_D,t075,2,8,high,high,0.4044976635514019,0.4044976635514019,0.38639018691588783,-0.01810747663551402,-0.014018691588785048,6,173.125,165.375,-7.75,-6.0,6,1.9750971272587776,1.7508535459637642,-0.22424358129501343,-0.2454521656036377,5,14.55406391620636,12.652492046356201,-1.9015718698501587,-1.4823293685913086,4,135.5,116.625,-18.875,-8.5,4,31.6588785046729,27.248831775700932,-4.410046728971964,-1.9859813084112155,4,0.1415,0.1155,-0.025999999999999995,-0.017999999999999995,4,0.872125,0.91889125,0.04676625000000001,0.022450000000000025,6,2.2825,1.64875,-0.63375,-0.6099999999999999,7,0.6524532710280373,0.6504088785046729,-0.0020443925233644827,-0.003504672897196248,4,2,8,0
9END_A,t075,2,8,high,high,0.4140879478827362,0.4140879478827361,0.42019543973941365,0.006107491856677513,0.008143322475570036,4,127.125,129.0,1.875,2.5,4,1.67984127253294,1.7262594997882843,0.04641822725534439,0.3347046971321106,2,10.804774761199951,12.02197515964508,1.2172003984451294,0.8442306518554688,3,63.75,69.25,5.5,4.0,4,20.76547231270358,22.55700325732899,1.7915309446254082,1.3029315960912085,4,0.08850000000000001,0.083,-0.005500000000000001,-0.008,5,0.9706462499999999,0.97356625,0.00292000000000002,0.0003649999999999487,4,1.33125,1.2962500000000001,-0.035,-0.020000000000000018,4,0.6482084690553745,0.6608306188925082,0.012622149837133542,0.006514657980456029,5,4,8,0
9GJ9_C,t075,2,8,low_or_equal,low_or_equal,0.3692159383033419,0.3692159383033419,0.35957583547557836,-0.00964010282776349,-0.02699228791773778,6,143.625,139.875,-3.75,-10.5,6,1.1673157941550016,1.1978098563849926,0.03049406222999096,0.04414850473403931,4,11.170232653617859,12.343645811080933,1.1734131574630737,1.9947857856750488,3,86.5,76.625,-9.875,-1.5,4,22.23650385604113,19.697943444730075,-2.538560411311053,-0.38560411311053855,4,0.31825000000000003,0.3425,0.02425,0.007000000000000003,3,0.84148,0.8533625,0.011882500000000004,0.005864999999999954,4,2.3575,2.1375,-0.21999999999999986,-0.08499999999999974,5,0.6262853470437018,0.6311053984575836,0.004820051413881754,0.005141388174807193,5,2,6,2
9YGK_B,t075,2,8,low_or_equal,low_or_equal,0.29612546125461253,0.29612546125461253,0.31642066420664205,0.020295202952029526,0.007380073800737991,3,80.25,85.75,5.5,2.0,3,2.0591832250356674,2.0643898844718933,0.005206659436225891,-0.12812864780426025,5,16.99775803089142,16.123981595039368,-0.8737764358520508,-1.3982963562011719,6,65.875,67.75,1.875,4.0,4,24.308118081180808,25.0,0.6918819188191883,1.476014760147601,4,0.08149999999999999,0.07550000000000001,-0.0059999999999999915,0.013000000000000001,3,0.9240200000000001,0.92086375,-0.003156250000000013,-0.0006000000000000449,3,2.0075000000000003,2.03375,0.02624999999999994,0.040000000000000036,3,0.6877306273062731,0.6780442804428044,-0.009686346863468642,-0.014760147601475981,2,5,7,1
