protein_id,arm,tier,n_designs,burden_all,burden_tier2,nod_hotspot_q90_mean,d3_hotspot_q90_mean,delta_hotspot_q90_mean,hotspot_q90_improved_designs,nod_hotspot_q95_mean,d3_hotspot_q95_mean,delta_hotspot_q95_mean,hotspot_q95_improved_designs,nod_hotspot_q99_mean,d3_hotspot_q99_mean,delta_hotspot_q99_mean,hotspot_q99_improved_designs,nod_hotspot_max_mean,d3_hotspot_max_mean,delta_hotspot_max_mean,hotspot_max_improved_designs,nod_hotspot_gt0p5_count_mean,d3_hotspot_gt0p5_count_mean,delta_hotspot_gt0p5_count_mean,hotspot_gt0p5_count_improved_designs,nod_hotspot_gt1_count_mean,d3_hotspot_gt1_count_mean,delta_hotspot_gt1_count_mean,hotspot_gt1_count_improved_designs,nod_hotspot_positive_mass_mean,d3_hotspot_positive_mass_mean,delta_hotspot_positive_mass_mean,hotspot_positive_mass_improved_designs,nod_hotspot_excess_mass_gt0p5_mean,d3_hotspot_excess_mass_gt0p5_mean,delta_hotspot_excess_mass_gt0p5_mean,hotspot_excess_mass_gt0p5_improved_designs,nod_positive_mass_top10_fraction_mean,d3_positive_mass_top10_fraction_mean,delta_positive_mass_top10_fraction_mean,positive_mass_top10_fraction_improved_designs,nod_positive_mass_entropy_norm_mean,d3_positive_mass_entropy_norm_mean,delta_positive_mass_entropy_norm_mean,positive_mass_entropy_norm_improved_designs,nod_positive_mass_gini_mean,d3_positive_mass_gini_mean,delta_positive_mass_gini_mean,positive_mass_gini_improved_designs,nod_residue_z_q95_mean,d3_residue_z_q95_mean,delta_residue_z_q95_mean,residue_z_q95_improved_designs,nod_residue_z_max_mean,d3_residue_z_max_mean,delta_residue_z_max_mean,residue_z_max_improved_designs,nod_residue_z_gt1_count_mean,d3_residue_z_gt1_count_mean,delta_residue_z_gt1_count_mean,residue_z_gt1_count_improved_designs,nod_residue_z_gt2_count_mean,d3_residue_z_gt2_count_mean,delta_residue_z_gt2_count_mean,residue_z_gt2_count_improved_designs
1EYB_A,t060,1,8,low_or_equal,not_tier2,3.7990484595298764,5.43494188785553,1.6358934283256532,2,5.136127829551695,10.48993147611618,5.353803646564486,1,9.811054170131683,16.49347290158272,6.682418731451035,2,9.89381718635559,16.498815059661865,6.604997873306274,2,125.625,149.5,23.875,1,100.375,120.0,19.625,3,462.36911153793335,788.5141440629959,326.14503252506256,2,386.3488790988922,702.6302434206009,316.2813643217087,2,0.6225105855411,0.6352674337298654,0.012756848188765407,4,0.7686155875294791,0.7675881494909739,-0.0010274380385052323,5,0.8050435420819735,0.8034740220959273,-0.0015695199860462916,5,1.8417911550679946,2.045759361518941,0.2039682064509467,2,3.782577241849453,3.9294490011009784,0.14687175925152485,3,48.125,41.75,-6.375,5,23.875,26.5,2.625,3
1LI1_C,t060,1,8,low_or_equal,not_tier2,4.780724477767961,3.602632164955139,-1.1780923128128211,6,6.4234073758125305,6.973801830410956,0.5503944545984256,4,6.756250245571136,7.509876044392587,0.7536257988214496,5,6.983579635620117,7.95875871181488,0.9751790761947632,4,75.5,74.5,-1.0,5,60.0,58.625,-1.375,5,252.27593272924423,261.8727915287018,9.59685879945755,4,207.5535187125206,219.7271522283554,12.173633515834808,4,0.5620433406681078,0.5559795474706933,-0.0060637931974143675,4,0.7759292755264956,0.7663749698970083,-0.009554305629487392,4,0.7665838435782127,0.7699964831120374,0.0034126395338247573,4,2.596029922577181,2.6032710639984993,0.007241141421317848,4,2.8116507209476014,3.2553839516531538,0.4437332307055524,3,33.0,38.125,5.125,3,20.875,16.625,-4.25,6
1O51_A,t060,2,8,low_or_equal,low_or_equal,8.526016426086427,8.613878309726715,0.08786188364028918,4,8.909613919258117,8.993356990814208,0.08374307155609118,4,9.543938241004946,9.747831020355227,0.20389277935028105,4,9.90088140964508,10.21901535987854,0.3181339502334595,4,25.125,32.5,7.375,2,21.5,27.75,6.25,4,175.7261821627617,188.8209102153778,13.09472805261612,4,160.63975793123245,170.89457738399506,10.254819452762604,4,0.4990755623601878,0.4451896525670106,-0.05388590979317723,7,0.7160793513423342,0.7373440915867306,0.02126474024439623,3,0.7612016204325995,0.7296610822504599,-0.03154053818213981,5,2.060197823232965,1.9115161312444218,-0.14868169198854297,6,2.550705635335245,2.3822571117332956,-0.16844852360195,3,16.0,19.5,3.5,0,7.25,5.5,-1.75,3
1PXZ_B,t060,2,8,high,high,6.134550243616104,9.673369377851486,3.538819134235382,2,11.785043209791183,13.369853988289833,1.5848107784986496,3,14.974603521823886,17.400933837890626,2.4263303160667418,3,15.765440940856934,18.00931978225708,2.2438788414001465,3,143.125,144.125,1.0,4,129.5,123.25,-6.25,4,763.1967834830284,965.8958404660225,202.69905698299408,3,685.376856982708,888.13606351614,202.759206533432,3,0.548757921219813,0.539968018769161,-0.008789902450651907,4,0.7995788138113133,0.7950271012867917,-0.004551712524521759,4,0.7571332224838155,0.7584950717306389,0.0013618492468233656,4,2.413717324050565,2.155636716969384,-0.2580806070811812,5,3.4591335735438813,3.202928005378519,-0.25620556816536233,4,44.5,48.125,3.625,2,24.0,20.75,-3.25,5
1QU9_A,t060,2,8,high,high,8.746158242225647,8.244416701793671,-0.5017415404319763,4,8.747638553380966,8.416590511798859,-0.3310480415821083,4,8.762793850898744,8.837989213466644,0.0751953625679006,4,8.77700561285019,9.05517578125,0.2781701683998108,4,49.5,53.0,3.5,4,42.0,47.25,5.25,5,261.1126415133476,259.711631834507,-1.4010096788406372,5,233.71952778100967,231.15039056539536,-2.569137215614319,5,0.4487042907211791,0.4231421041920012,-0.025562186529177938,4,0.7759499697909111,0.7805203420773827,0.0045703722864714885,5,0.7238871546415871,0.7071994381004351,-0.016687716541152142,4,2.031601863593062,1.875285597325541,-0.1563162662675209,4,2.041262766746912,2.07532306517305,0.03406029842613867,3,20.625,27.25,6.625,0,10.125,8.625,-1.5,4
1TX4_A,t060,1,8,low_or_equal,not_tier2,7.647475570440292,6.590728163719177,-1.0567474067211151,3,11.58411429822445,11.210341081023216,-0.3737732172012329,5,11.63305360376835,11.212365886569025,-0.4206877171993255,5,11.65497750043869,11.21252965927124,-0.44244784116744995,5,62.625,60.875,-1.75,3,50.875,52.375,1.5,4,377.12721341848373,336.58164632320404,-40.545567095279694,4,339.58351343870163,299.6446132659912,-39.93890017271042,4,0.6127541729736607,0.622055372732354,0.00930119975869334,5,0.7366252528939116,0.7384283278929131,0.0018030749990015499,3,0.7950074161016454,0.7990269973420294,0.0040195812403841236,5,2.6141109183630644,2.8153094864997614,0.20119856813669668,4,2.630610259675155,2.816457028427263,0.18584676875210873,5,29.125,27.75,-1.375,5,17.75,17.125,-0.625,4
1U6T_A,t060,1,8,low_or_equal,not_tier2,4.829574227333069,4.322282552719116,-0.5072916746139526,4,4.9815263748168945,4.477476954460144,-0.5040494203567505,4,5.370751333236694,4.8687948346138,-0.5019564986228944,4,5.662807583808899,5.116713881492615,-0.5460937023162842,5,34.25,31.875,-2.375,4,25.875,20.375,-5.5,3,129.30173474550247,107.26004630327225,-22.041688442230225,5,107.75860124826431,86.33015555143356,-21.42844569683075,4,0.48077832100092377,0.5442020461806157,0.06342372517969197,1,0.7614781814240689,0.7456099862324749,-0.01586819519159395,7,0.7323043127656473,0.7615570259930325,0.029252713227385152,1,1.9125858432241456,2.1055470080688643,0.19296116484471856,3,2.961299168423809,3.1036442171222247,0.14234504869841594,2,24.375,18.375,-6.0,6,7.75,11.5,3.75,4
1UOU_A,t060,1,8,low_or_equal,not_tier2,2.941618096828461,5.174350351095201,2.2327322542667405,2,5.821008780598638,7.864768517017365,2.043759736418726,2,7.098428460359574,10.27616935968399,3.1777408993244176,1,7.154418706893921,10.288317203521729,3.1338984966278076,1,142.0,128.5,-13.5,5,110.625,99.375,-11.25,5,437.2568436861038,601.08887809515,163.83203440904617,2,349.1705894470215,520.4112203717232,171.2406309247017,2,0.5568870637782422,0.6099061937300508,0.05301912995180869,3,0.7976222054494186,0.774926734027219,-0.02269547142219963,5,0.7701957402720929,0.8008235504692819,0.030627810197189048,3,2.633598598045328,2.40093079806344,-0.23266779998188775,3,3.3285386811993045,3.2898401015776373,-0.03869857962166717,5,61.125,65.75,4.625,3,30.625,31.0,0.375,3
1USN_A,t060,2,8,low_or_equal,low_or_equal,7.125605833530424,4.3974389076232905,-2.728166925907133,6,8.349243474006652,5.323700213432311,-3.0255432605743415,6,8.76439405441284,6.157604506015773,-2.606789548397066,6,9.206823945045471,6.911838412284851,-2.29498553276062,5,59.875,54.75,-5.125,4,55.375,38.875,-16.5,6,288.3330125808716,166.26552283763885,-122.06748974323273,6,253.78745412826538,133.98945534229279,-119.7979987859726,6,0.4947829401151796,0.5467032462857572,0.05192030617057753,3,0.7710407301360445,0.7619081143846608,-0.009132615751383702,4,0.7466924267619024,0.7641702135182566,0.017477786756354252,4,2.2255381427434875,2.3270274102865187,0.10148926754303117,4,2.5596954588838017,3.120498367926295,0.5608029090424937,2,30.125,23.875,-6.25,7,13.5,15.75,2.25,2
1WZE_B,t060,2,8,high,high,7.86630921363838,9.575399351120058,1.7090901374816778,2,16.75523205995559,16.998879373073567,0.24364731311798127,4,18.46701964378357,18.97769900798798,0.5106793642044067,3,18.501084089279175,18.97862410545349,0.4775400161743164,4,126.125,137.625,11.5,2,105.75,117.25,11.5,3,776.1785672307014,838.2791320681572,62.10056483745575,3,704.0007665753365,764.7053806185722,60.70461404323578,3,0.6425849834857011,0.6222300758932254,-0.020354907592475754,5,0.7659541080582395,0.7793194414731731,0.013365333414933595,2,0.7994860474369184,0.7870246871327262,-0.012461360304192204,6,2.9958298610332643,2.8914996702250484,-0.1043301908082166,5,3.368732943932114,3.287361349703536,-0.08137159422857809,5,35.625,37.75,2.125,2,24.0,24.375,0.375,2
1ZR3_A,t060,1,8,high,not_tier2,7.857563674449921,6.2301487028598785,-1.6274149715900421,5,12.96813289821148,10.669486492872238,-2.298646405339241,5,13.384869506955148,11.073746100068092,-2.311123406887055,5,13.61344701051712,11.317265093326569,-2.2961819171905518,5,76.875,67.0,-9.875,7,68.5,56.375,-12.125,6,436.72073262929916,321.1107104420662,-115.61002218723297,5,394.7291767001152,283.4158061146736,-111.31337058544159,5,0.5364773220385612,0.553027916114075,0.016550594075513757,4,0.7818007642570235,0.7584700968860548,-0.023330667370968686,6,0.7477904199038303,0.7664896731346038,0.018699253230773594,2,2.6555169094524977,2.4735429803800093,-0.18197392907248888,3,2.805761684941249,2.696280960375578,-0.10948072456567112,3,26.25,30.25,4.0,3,16.5,12.625,-3.875,5
2ERF_A,t060,1,8,low_or_equal,not_tier2,7.993945574760438,9.856245458126073,1.8622998833656341,3,10.206836366653443,11.797774505615234,1.5909381389617914,3,10.772750167846677,11.929300405979157,1.156550238132478,4,11.339582920074463,11.982194662094116,0.6426117420196533,4,77.875,79.875,2.0,3,69.75,73.625,3.875,2,432.2659704685211,556.9929436445236,124.7269731760025,4,387.74325680732727,512.3936570882797,124.65040028095245,4,0.4669919748874818,0.4875303279361462,0.020538353048664443,3,0.7888780712971228,0.7897476551609943,0.0008695838638714398,3,0.7377032515770955,0.7321859388778158,-0.005517312699279658,3,2.2997371392150714,2.258988628907707,-0.04074851030736479,3,2.694440863815408,2.2961550370578134,-0.39828582675759483,5,37.25,38.5,1.25,4,15.875,15.0,-0.875,4
2F7A_A,t060,2,8,low_or_equal,low_or_equal,7.22995808124544,6.379082691669486,-0.8508753895759538,4,10.353319084644275,8.44326827228069,-1.9100508123635833,5,11.509180387258528,8.705411879420279,-2.8037685078382486,6,11.950361609458923,9.024570226669312,-2.925791382789612,6,84.5,81.125,-3.375,3,70.25,73.5,3.25,3,418.0328623056412,378.0021707415581,-40.0306915640831,3,371.98927569389343,331.3028228878975,-40.68645280599594,3,0.5489829261504481,0.5012504351271632,-0.047732491023284904,5,0.7706976322968596,0.7866357743683823,0.015938142071522776,2,0.7716530516348705,0.7476548006652052,-0.02399825096966532,6,2.5540496868393214,2.3387856817277513,-0.2152640051115699,6,3.066410631789384,2.6254658404435074,-0.44094479134587605,5,33.0,39.0,6.0,5,17.875,17.375,-0.5,4
2O4T_A,t060,2,8,low_or_equal,low_or_equal,8.320213276147843,4.100286346673966,-4.2199269294738775,6,8.661969155073166,4.22038417160511,-4.441584983468056,7,9.17308318912983,4.424085004925728,-4.748998184204101,7,9.425971865653992,4.542522549629211,-4.88344931602478,7,31.875,25.875,-6.0,5,28.875,21.75,-7.125,5,224.248920917511,90.75011277198792,-133.49880814552307,6,205.42370414733887,73.65407407283783,-131.76963007450104,6,0.39165381241730285,0.40912574439748245,0.017471931980179586,3,0.7644266408686884,0.7616284431408623,-0.0027981977278261627,4,0.7042442432227907,0.7113163255201918,0.007072082297401083,4,1.7663105221604019,1.7588762517171017,-0.007434270443300278,5,2.181174312441728,2.1085583588466497,-0.0726159535950788,6,19.25,17.125,-2.125,4,1.5,4.75,3.25,1
2VXP_A,t060,1,8,high,not_tier2,7.394244432449341,7.293651103973389,-0.10059332847595215,5,7.526510179042816,7.388529300689697,-0.1379808783531189,5,7.785677188634871,7.502855730056762,-0.2828214585781095,5,8.073499917984009,7.633430898189545,-0.4400690197944641,5,55.0,48.5,-6.5,5,49.75,42.125,-7.625,4,264.03842175006866,239.83404022455215,-24.20438152551651,4,235.52106833457947,212.91703325510025,-22.604035079479218,4,0.4227336295896096,0.4407016809959269,0.01796805140631725,4,0.7853703206388645,0.7892539667237186,0.0038836460848539894,4,0.6970633356441166,0.7014597493099043,0.004396413665787663,3,1.8910341146779008,1.8705404015150964,-0.02049371316280474,5,2.1819737927165863,2.029525751546422,-0.152448041170164,4,29.125,26.25,-2.875,5,7.5,7.0,-0.5,3
3CYQ_D,t060,2,8,high,high,12.76180265545845,11.017094606161118,-1.7447080492973328,5,13.219018435478208,11.37294305562973,-1.84607537984848,5,13.994111229777335,12.051134801506995,-1.9429764282703406,5,14.358928918838501,12.424634337425232,-1.934294581413269,5,54.625,56.625,2.0,3,46.5,51.25,4.75,3,393.4256166815758,391.4619987010956,-1.963617980480194,4,364.4279935956001,361.8049216270447,-2.6230719685554504,4,0.4802527717509585,0.40712546027367974,-0.07312731147727872,6,0.7685181697359241,0.794080525476499,0.025562355740574874,2,0.7311552468125578,0.6935039644063431,-0.03765128240621485,6,2.0502620543985133,1.8267546217853061,-0.22350743261320757,5,2.279833098478475,2.132275457545258,-0.14755764093321677,5,21.875,27.875,6.0,2,12.625,4.875,-7.75,6
3IEZ_B,t060,2,8,low_or_equal,low_or_equal,5.790760171413423,6.024525022506714,0.2337648510932926,4,6.0629787147045135,6.424529474973678,0.3615507602691651,5,6.50529519557953,7.255586862564088,0.7502916669845587,4,6.735296905040741,7.765775561332703,1.0304786562919617,4,33.75,29.125,-4.625,5,26.0,24.0,-2.0,5,130.74170631170273,134.45705980062485,3.715353488922119,5,111.3121582865715,117.3842745423317,6.072116255760193,5,0.48465919596273144,0.5414701342298455,0.056810938267114024,3,0.7444430510175106,0.7231823613389374,-0.021260689678573197,5,0.7467830229862438,0.7591513241267642,0.012368301140520455,4,2.011222737739049,2.023040486887904,0.011817749148855028,3,2.283296270139813,2.9956530934295653,0.7123568232897518,3,16.75,16.375,-0.375,3,5.375,5.625,0.25,2
3Q80_B,t060,2,8,low_or_equal,low_or_equal,12.003246855735785,9.260595560073872,-2.742651295661912,8,14.58322861790657,13.342740935087203,-1.2404876828193667,5,15.049600530862806,13.842097023725508,-1.2075035071372981,4,15.623358845710754,14.399203777313232,-1.224155068397522,3,80.125,91.625,11.5,2,73.75,81.875,8.125,2,669.6368845701218,565.5151206254959,-104.12176394462585,7,624.7693696022034,516.1995024681091,-108.56986713409424,7,0.47702994115493164,0.5124478512733769,0.035417910118445216,3,0.778417313148227,0.7839238803694873,0.005506567221260222,4,0.7518149167118953,0.7496105925470598,-0.002204324164835486,3,2.2548706372236205,2.367262509339254,0.11239187211563348,3,2.463614941684675,2.6128740066020475,0.14925906491737276,2,38.375,37.5,-0.875,5,19.0,16.625,-2.375,4
3TYX_A,t060,2,8,high,low_or_equal,5.907476937770843,6.738516891002659,0.831039953231816,3,11.880240660905846,8.119276982545863,-3.760963678359983,6,13.845607595443726,11.02683240890503,-2.818775186538696,6,13.853754937648773,11.026867508888245,-2.8268874287605286,6,126.25,136.625,10.375,3,101.75,117.75,16.0,3,623.695974111557,641.5947098135948,17.89873570203781,4,553.3680758476257,568.3034889101982,14.93541306257248,4,0.6183915616174478,0.48670528323969053,-0.13168627837775726,6,0.7726832353391728,0.8095751006065555,0.03689186526738267,2,0.7911790361502866,0.7342964353406876,-0.05688260080959903,6,2.8284660709739686,2.0502880346333874,-0.7781780363405811,7,3.2716802812547603,2.9426360014109996,-0.3290442798437612,5,39.625,54.875,15.25,2,22.875,15.75,-7.125,8
4AC2_A,t060,2,8,low_or_equal,low_or_equal,6.2860217809677135,6.195204663276672,-0.09081711769104045,2,6.595402747392654,6.40700164437294,-0.1884011030197142,2,7.21028166770935,6.869359834194183,-0.340921833515167,3,7.604092240333557,7.234180986881256,-0.369911253452301,3,37.75,38.375,0.625,3,28.875,31.0,2.125,3,180.34775710105896,175.43701243400574,-4.910744667053223,3,157.6020497083664,152.18008518218994,-5.421964526176453,3,0.44720543265696483,0.4783723615191121,0.031166928862147315,2,0.7726081027321601,0.7760869195655156,0.0034788168333555747,5,0.7133267179791696,0.7166840803425576,0.003357362363387989,3,1.9568218152012542,1.988454288228404,0.03163247302715,2,2.5934716121220416,2.890906720572914,0.2974351084508723,4,23.875,18.375,-5.5,5,6.375,7.5,1.125,2
4BT7_A,t060,2,8,low_or_equal,low_or_equal,7.030103266239166,9.320504039525986,2.2904007732868195,3,11.606824308633804,14.26107907295227,2.654254764318466,2,12.368372854590417,14.923093801736833,2.554720947146415,2,12.567820429801941,14.974316596984863,2.4064961671829224,2,88.375,84.75,-3.625,7,75.0,77.625,2.625,5,461.02398377656937,617.3782828450203,156.35429906845093,2,412.02049690485,569.4486600756645,157.4281631708145,3,0.5663604268080532,0.52800140426315,-0.038359022544903226,4,0.7708676078557626,0.7758648492774796,0.00499724142171705,4,0.7764743169100868,0.7677391297684195,-0.00873518714166735,4,2.6596238670769,2.5859502560608103,-0.07367361101608916,5,3.0043113593367172,2.783988721328737,-0.22032263800797963,5,33.375,40.125,6.75,2,19.25,19.0,-0.25,2
4C9G_A,t060,2,8,high,high,14.213299918174744,13.273240613937379,-0.9400593042373662,4,15.271218466758725,16.003644418716426,0.7324259519577019,3,15.733559184074402,16.455478835105893,0.7219196510314934,3,15.756776928901672,16.530147433280945,0.7733705043792725,3,117.375,124.125,6.75,3,114.75,117.375,2.625,4,995.9243867397308,1072.1803911924362,76.25600445270538,3,935.5034552812576,1008.7548170089722,73.25136172771454,3,0.41636362171447133,0.39399745657117163,-0.022366165143299664,6,0.8185324717416835,0.8264868853434107,0.007954413601727134,3,0.7063276752008338,0.69038232939975,-0.015945345801083866,5,2.0997408099423587,2.137115242601789,0.03737443265943041,4,2.1891572170566826,2.2276937511445607,0.03853653408787777,5,56.25,60.375,4.125,3,13.125,12.375,-0.75,3
4HQ8_E,t060,2,8,low_or_equal,low_or_equal,6.532982140779506,4.322637861967098,-2.210344278812408,6,11.776633661985398,9.442524960637092,-2.3341087013483053,5,11.799388477802278,10.082099589109422,-1.7172888886928552,5,11.868351221084595,10.644760370254517,-1.2235908508300781,5,66.625,64.375,-2.25,5,52.125,51.125,-1.0,4,379.07560753822327,287.32025051116943,-91.75535702705383,4,338.3585580587387,247.77065789699554,-90.58790016174316,4,0.6561666256920395,0.6760729174418637,0.019906291749824105,4,0.7334268054279638,0.7316347044401719,-0.0017921009877918115,2,0.8013426582334767,0.804742366822282,0.003399708588805228,5,2.7594396244138855,2.9582650501447274,0.19882542573084225,4,2.803739243148323,3.5844139473734744,0.7806747042251516,1,30.25,24.25,-6.0,4,17.375,17.75,0.375,5
4ND3_B,t060,2,8,high,high,8.375297403335573,8.548360800743104,0.17306339740753218,4,11.8494023323059,10.117273497581468,-1.7321288347244335,6,12.955133385658264,11.56162986755371,-1.393503518104553,6,12.957796692848206,11.562471449375153,-1.395325243473053,6,124.375,129.875,5.5,3,111.125,114.875,3.75,3,711.6889955401421,732.6186788678169,20.929683327674866,5,643.2057715058327,663.154111802578,19.9483402967453,5,0.5114852695871925,0.4726729461961977,-0.03881232339099484,6,0.7978856986224121,0.8086235099344872,0.010737811312074977,3,0.7556640959124719,0.7330113428140652,-0.02265275309840653,6,2.470234431934095,2.2018696085178786,-0.2683648234162169,5,2.730809806974844,2.565839936348066,-0.16496987062677831,5,47.875,53.125,5.25,4,23.875,21.25,-2.625,4
4QYA_A,t060,2,8,low_or_equal,low_or_equal,9.805222898721695,8.167046338319778,-1.6381765604019165,6,10.241563946008682,8.420942023396492,-1.8206219226121902,6,11.017995125055311,8.89638701081276,-2.1216081142425534,6,11.46281611919403,9.233704626560211,-2.2291114926338196,6,41.375,46.125,4.75,3,33.75,36.75,3.0,4,237.84478449821472,227.3300497531891,-10.514734745025635,6,214.3286715745926,202.18185186386108,-12.146819710731506,6,0.559559077358127,0.4545830048264585,-0.10497607253166852,6,0.7264580457645088,0.7695260094479663,0.04306796368345754,2,0.7660963083674324,0.7210110930862157,-0.04508521528121681,6,2.2350353753114853,2.0202186767583328,-0.21481669855315258,5,2.7392276399749536,2.264541236690963,-0.47468640328399037,6,18.75,21.75,3.0,3,11.75,5.875,-5.875,5
4ZIE_A,t060,1,8,low_or_equal,not_tier2,8.905459976196294,11.686843776702887,2.7813838005065925,3,9.400973904132844,12.216546022891999,2.8155721187591554,2,9.410389266014098,12.228568363189698,2.818179097175598,2,9.414713084697723,12.233265995979309,2.8185529112815857,2,54.25,55.75,1.5,4,42.25,48.25,6.0,2,280.01123866438866,398.4504751563072,118.43923649191856,2,249.90843003988266,368.85587590932846,118.9474458694458,2,0.5423182351029412,0.506957567063334,-0.035360668039607225,3,0.7537624042899318,0.7550905388835958,0.00132813459366396,5,0.7605559857801131,0.7502371867767513,-0.010318799003361773,3,2.2589990667220095,2.17305375637521,-0.08594531034679956,4,2.261719043072153,2.1764718778099086,-0.08524716526224455,4,21.375,25.25,3.875,4,14.75,10.625,-4.125,5
5AL8_A,t060,2,8,high,high,8.625539600849152,11.593039453029633,2.967499852180481,3,9.030849322676659,12.071883633732796,3.041034311056137,3,9.710486203432083,12.91980618238449,3.209319978952408,3,10.144793570041656,13.466556549072266,3.321762979030609,3,47.375,40.25,-7.125,5,44.625,36.0,-8.625,5,258.1222714781761,292.3027165234089,34.18044504523277,4,232.8146213889122,268.3661203086376,35.55149891972542,4,0.4418458091077826,0.5076912843364687,0.06584547522868614,2,0.7778424812591186,0.737850478781299,-0.039992002477819796,7,0.7058739777998293,0.754105302129125,0.04823132432929572,1,1.9471599646893338,2.0911603739161295,0.1440004092267957,2,2.2615140174866903,2.406269835448258,0.14475581796156797,3,23.875,24.125,0.25,3,5.125,9.5,4.375,1
5HGJ_A,t060,1,8,high,not_tier2,13.709435665607465,11.856470006704342,-1.8529656589031243,6,15.14238772392273,12.945378011465072,-2.197009712457657,6,16.11125570654869,13.592533411979673,-2.5187222945690144,6,16.913347721099854,14.110883831977844,-2.8024638891220093,6,81.5,90.25,8.75,1,70.75,81.25,10.5,4,634.6197482943535,594.0573615431786,-40.56238675117493,5,590.8562880158424,547.5362538695335,-43.3200341463089,5,0.49596232031922227,0.4452943293755943,-0.05066799094362795,6,0.7865717535807757,0.8069822917627202,0.020410538181944465,2,0.7345234410789035,0.7064764713743585,-0.028046969704545094,6,2.2762207147681246,2.1153205480379267,-0.16090016673019797,6,2.604226301777878,2.34978421612745,-0.25444208565042836,6,32.875,36.625,3.75,3,16.375,12.75,-3.625,7
5I0L_A,t060,2,8,low_or_equal,low_or_equal,6.684134984016419,10.939200180768967,4.255065196752548,2,8.257985401153565,12.371688330173491,4.1137029290199285,1,8.35389174103737,12.590222331881522,4.236330590844155,1,8.38977861404419,12.675044476985931,4.285265862941742,1,58.25,60.75,2.5,4,55.25,51.625,-3.625,6,299.4481620192528,408.2409902215004,108.79282820224762,1,267.0698828101158,374.633115708828,107.56323289871216,1,0.46053406619886755,0.5093512190111835,0.048817152812315974,2,0.7776080267425562,0.7684814932072648,-0.009126533535291415,5,0.7286242375331112,0.7462334163012094,0.017609178768098116,3,2.1920945164785843,2.3655351502490714,0.17344063377048688,2,2.270405495942878,2.4342785794518758,0.16387308350899732,3,32.625,27.375,-5.25,5,8.75,14.5,5.75,1
5K69_A,t060,2,8,high,high,8.755311763286592,11.267977088689804,2.5126653254032107,2,13.623470583558085,14.952726119756699,1.3292555361986154,4,16.79378003001213,18.377789974212646,1.5840099442005158,2,16.793780088424683,18.377789974212646,1.5840098857879639,2,152.25,145.875,-6.375,5,139.625,140.125,0.5,5,1003.5327656269073,1068.7042914628983,65.1715258359909,4,923.9533027410507,990.1042844057083,66.15098166465759,4,0.5083919874720699,0.5183977864739349,0.01000579900186508,3,0.8101353551420282,0.8046579875729022,-0.005477367569126035,6,0.7369119466013598,0.7522757121271908,0.015363765525831019,3,2.239881607384792,2.2940973018789528,0.05421569449416069,3,2.923339236935621,2.975658598186855,0.05231936125123382,3,50.625,52.875,2.25,3,24.875,26.125,1.25,4
5X0O_B,t060,2,8,high,high,3.975537598133087,7.608410811424256,3.6328732132911687,1,5.972304618358612,11.098951944708823,5.126647326350212,2,5.990080649256706,11.2073120957613,5.217231446504593,2,5.990275144577026,11.25570434331894,5.265429198741913,1,73.25,75.75,2.5,3,64.25,64.375,0.125,4,236.23669856786728,416.4882173538208,180.25151878595352,1,196.60156625509262,376.0001209974289,179.39855474233627,1,0.504527844589973,0.5090927181107734,0.004564873520800407,5,0.7902994911453141,0.7804403743738818,-0.009859116771432266,5,0.7248646889304744,0.7444044960199814,0.01953980708950681,3,2.5001230846101117,2.509399890062235,0.009276805452123726,4,2.5098034216469878,2.5534105760649504,0.04360715441796276,4,26.5,30.125,3.625,3,15.0,15.375,0.375,3
6DNB_A,t060,1,8,high,not_tier2,10.080166518688202,9.525043666362762,-0.5551228523254395,4,13.849095702171326,12.96348312497139,-0.8856125771999359,4,15.75132954120636,15.053565883636475,-0.6977636575698853,3,15.76227879524231,15.079658389091492,-0.6826204061508179,3,176.75,155.625,-21.125,5,147.875,137.5,-10.375,6,964.3485669493675,976.1523704528809,11.803803503513336,4,870.159302175045,887.4180748462677,17.258772671222687,4,0.6104635130110158,0.5703003579751043,-0.040163155035911474,5,0.7917898872502724,0.7944447268467147,0.0026548395964422628,4,0.779329932274192,0.7713271968697781,-0.008002735404413902,4,2.5743405444654637,2.4508343938697656,-0.12350615059569803,5,3.040785197180224,2.9532913505107454,-0.08749384666947896,4,53.0,56.5,3.5,4,34.875,36.125,1.25,3
6DNT_A,t060,2,8,high,high,7.022854310274125,8.12649672627449,1.1036424160003653,2,12.041493779420854,13.642372435331344,1.600878655910492,3,12.770594204664231,13.86753793001175,1.0969437253475183,4,13.114805340766907,14.05479621887207,0.9399908781051636,3,126.5,122.75,-3.75,5,104.5,108.375,3.875,4,653.0806407928467,709.7348170280457,56.654176235198975,3,582.7695764303207,640.7190922498703,57.94951581954956,3,0.511692480041316,0.516276991130724,0.004584511089408022,3,0.7981911501054932,0.7961562473108927,-0.002034902794600557,3,0.7526286876103383,0.7574191370929394,0.004790449482601072,3,2.633149614029362,2.82797353907464,0.19482392504527807,4,3.0429083864862845,2.9487057852331024,-0.09420260125318214,4,48.625,46.25,-2.375,5,18.125,20.875,2.75,3
6HGM_A,t060,1,8,high,not_tier2,9.170440912246708,8.444052118062974,-0.7263887941837317,6,13.094539636373533,12.108188813924805,-0.9863508224487266,6,15.407925478219985,13.797024031877516,-1.6109014463424682,6,15.7057204246521,14.085211634635925,-1.6205087900161743,6,139.125,137.875,-1.25,4,124.5,121.0,-3.5,4,827.3550841808319,721.5807377099991,-105.77434647083282,6,753.4621323347092,646.6975935697556,-106.76453876495361,6,0.5118391778805053,0.5354497800723306,0.02361060219182534,4,0.8007756329707103,0.7976402918801843,-0.0031353410905261003,4,0.7527520698346508,0.7568426658760203,0.004090596041369521,4,2.418468280864523,2.5041465949740243,0.08567831410950105,3,3.065780133600753,3.147833549356559,0.08205341575580621,3,47.5,46.875,-0.625,5,19.5,24.0,4.5,3
6HJS_B,t060,2,8,low_or_equal,low_or_equal,8.31200447678566,6.7579505443573,-1.55405393242836,4,12.639555960893631,10.553053632378578,-2.086502328515053,4,12.645001131296159,10.560087862610818,-2.084913268685341,4,12.645018339157104,10.560115933418274,-2.0849024057388306,4,87.125,80.75,-6.375,6,76.125,59.375,-16.75,6,517.1941480636597,416.60977351665497,-100.5843745470047,4,467.8293831348419,369.9133698940277,-97.91601324081421,4,0.5493238975804342,0.5848740164573196,0.03555011887688529,4,0.7734900054773282,0.7608423921353653,-0.012647613341962724,5,0.7680555897580923,0.7837972027624024,0.01574161300431015,4,2.7614516196833065,2.7235292690731634,-0.037922350610143596,5,2.7628683255912456,2.727288491996704,-0.035579833594541754,5,36.625,34.375,-2.25,5,18.5,20.0,1.5,3
6K82_B,t060,2,8,high,high,11.988393950462342,11.766784948110583,-0.2216090023517603,4,15.306770420074457,15.453353935480113,0.14658351540565384,4,15.43403720498085,16.10283713340759,0.6687999284267427,3,15.450325012207031,16.12247383594513,0.6721488237380981,3,115.375,124.25,8.875,3,110.0,109.125,-0.875,5,834.98688185215,842.1186327934265,7.13175094127655,5,772.390350818634,777.8525947332382,5.462243914604187,5,0.49812521989335057,0.5131154362146637,0.014990216321313109,3,0.8027951841110169,0.798574478820071,-0.004220705290945814,5,0.7406977064566597,0.7459009404763086,0.00520323401964895,3,2.5402115063874264,2.5819095479270358,0.0416980415396091,5,2.567359111528117,2.708803798943534,0.14144468741541644,3,46.125,43.625,-2.5,4,23.875,23.0,-0.875,4
6K8P_C,t060,2,8,high,high,8.869726842641825,9.15894646644591,0.2892196238040854,5,16.38581847548484,18.28696316480636,1.9011446893215165,3,17.922575318813323,18.526036729812624,0.6034614109992984,2,18.264114379882812,18.69680643081665,0.4326920509338379,2,124.5,107.625,-16.875,6,102.875,93.875,-9.0,5,720.8634870648384,733.7737310528755,12.91024398803711,2,653.0315572619438,672.2227154374123,19.191158175468445,2,0.6122280766324995,0.6397750301243816,0.02754695349188223,4,0.7726910767890782,0.7589468588918106,-0.013744217897267652,5,0.7858356192132779,0.8024615336880665,0.016625914474788644,4,2.905325540164097,3.2075216595665106,0.30219611940241325,3,3.3386971439398767,3.2821936973362207,-0.05650344660365619,4,34.375,33.5,-0.875,4,19.875,23.25,3.375,1
6NQK_F,t060,2,8,high,high,10.186883127689361,6.885162103176117,-3.301721024513244,6,12.481167131662367,10.372617435455322,-2.1085496962070467,6,12.68076102733612,10.678793183565139,-2.0019678437709807,6,12.85183560848236,10.916524767875671,-1.9353108406066895,6,92.125,74.375,-17.75,8,82.25,68.625,-13.625,5,601.7396483421326,449.04042387008667,-152.6992244720459,6,553.1704906225204,406.4457668066025,-146.72472381591797,6,0.4518550864933309,0.505377467863596,0.053522381370265174,3,0.8016550240047208,0.7779411069423892,-0.0237139170623316,5,0.720834696259599,0.7528958189282421,0.03206112266864314,3,2.266642916994064,2.4568712020921017,0.19022828509803796,2,2.3854582456176807,2.6744071933050377,0.28894894768735724,2,40.375,40.25,-0.125,4,15.125,14.375,-0.75,4
6SNK_A,t060,1,8,high,not_tier2,10.111123156547553,11.660099172592172,1.5489760160446207,5,13.402606928348542,14.191625833511353,0.7890189051628114,5,13.498716307878494,14.191625952720642,0.6929096448421479,5,13.580113291740417,14.191625952720642,0.6115126609802246,5,71.375,78.875,7.5,2,64.125,70.375,6.25,2,496.88776993751526,564.332213640213,67.44444370269775,3,456.60736179351807,522.4964946508408,65.88913285732269,3,0.4942196171007279,0.4794268981507134,-0.014792718950014556,4,0.775815528325775,0.7842315370449973,0.008416008719222226,4,0.7435330211816803,0.7403061325423439,-0.0032268886393364837,4,2.2776097888840505,2.2785988440437883,0.0009890551597377395,5,2.4664249046895086,2.2785988690991226,-0.18782603559038605,6,33.125,33.375,0.25,4,14.375,15.75,1.375,2
6TN1_AAA,t060,1,8,high,not_tier2,8.944756972789767,6.490813016891485,-2.453943955898282,6,12.008642601966853,9.099708831310272,-2.9089337706565805,7,17.238828916549682,15.041146893501281,-2.197682023048401,5,17.293933629989624,15.041150212287903,-2.252783417701721,5,209.25,203.125,-6.125,4,180.375,177.0,-3.375,3,1202.7296014428139,911.5009844303131,-291.22861701250076,6,1090.5491549372673,801.8710581064224,-288.6780968308449,6,0.5463838339032467,0.5899036231533683,0.04351978925012152,4,0.8079462712432914,0.8000612472575717,-0.007885023985719816,4,0.7671297274080603,0.7730558029799217,0.005926075571861478,5,2.1977559256729613,2.134748948517692,-0.06300697715526951,4,3.412423497599735,3.7477565789724445,0.3353330813727093,3,74.0,54.75,-19.25,6,32.25,30.125,-2.125,4
6VJP_B,t060,2,8,low_or_equal,low_or_equal,10.35930979251862,10.519976949691774,0.1606671571731546,4,16.018423318862915,12.995553159713745,-3.0228701591491705,5,16.06069507598877,13.45055718421936,-2.6101378917694116,5,16.09170937538147,13.802358865737915,-2.2893505096435547,5,54.75,59.375,4.625,4,45.75,49.5,3.75,3,384.6053645014763,384.53715550899506,-0.06820899248123169,4,353.9938431382179,352.3727294206619,-1.6211137175559998,4,0.6399173487465747,0.5262532980355805,-0.11366405071099422,6,0.7254711833461458,0.7563801954676577,0.030909012121511856,2,0.7937221119068444,0.761497379432762,-0.03222473247408239,6,2.688111989461343,2.29364352706264,-0.3944684623987038,7,2.702112854377296,2.5764810770245363,-0.12563177735276015,6,20.5,28.25,7.75,2,14.375,11.5,-2.875,5
6Y76_A,t060,1,8,low_or_equal,not_tier2,10.141987979412079,8.708845347166061,-1.4331426322460175,4,12.105470180511475,11.083050519227982,-1.022419661283493,6,12.371928334236145,11.198454594612121,-1.1734737396240233,6,12.54116976261139,11.232064723968506,-1.3091050386428833,6,56.625,59.5,2.875,3,50.25,50.125,-0.125,5,397.8153375387192,350.7645339369774,-47.05080360174179,5,365.1395263671875,317.90070563554764,-47.23882073163986,5,0.5043911949447191,0.5187111299312306,0.014319934986511504,3,0.7652808917312601,0.7694839342648683,0.004203042533608287,5,0.7458191378703622,0.7427003146570852,-0.0031188232132770832,3,2.278763729987321,2.4143373898041007,0.1355736598167796,2,2.4176034456981683,2.51755078899548,0.0999473432973115,2,27.375,24.625,-2.75,5,11.625,16.0,4.375,3
7D66_J,t060,2,8,high,high,5.893470680713654,3.7108866751194016,-2.1825840055942525,5,6.180132421851158,3.9602857947349546,-2.219846627116203,5,6.659954312443734,4.1072086411714555,-2.5527456712722785,6,6.905291140079498,4.20142275094986,-2.7038683891296387,6,51.625,45.375,-6.25,6,47.0,31.75,-15.25,6,191.10126841068268,109.7723519206047,-81.32891649007797,5,164.27318799495697,84.38456493616104,-79.88862305879593,5,0.3889686380205488,0.4414747731725268,0.052506135151978016,2,0.7957568391390266,0.7802566780580349,-0.015500161080991712,6,0.6824319790942592,0.714864540946911,0.032432561852651726,2,1.8572543382033029,2.033469361940709,0.1762150237374061,1,2.1711809716458657,2.1816967254092656,0.010515753763400387,3,20.25,20.125,-0.125,4,2.75,10.0,7.25,1
7PFR_F,t060,2,8,high,high,10.408334827423097,8.111967158317567,-2.2963676691055284,4,14.955771005153645,10.938855671882598,-4.016915333271047,7,15.959193110466003,12.841167171001434,-3.118025939464569,5,15.959193110466003,12.841167688369751,-3.1180254220962524,5,117.625,103.625,-14.0,4,100.875,90.75,-10.125,5,792.4336383938789,569.0898870229721,-223.34375137090683,5,730.1078917384148,510.0581374168396,-220.04975432157516,5,0.4890667408469296,0.5719651636572862,0.08289842281035659,2,0.7979344542117136,0.7723475086432657,-0.025586945568447816,5,0.7473515317772246,0.7816469194463606,0.034295387669135924,2,2.6041174121815693,2.395128667973095,-0.208988744208474,6,2.823961730387367,2.992011542197117,0.16804981180974982,3,50.25,40.625,-9.625,7,18.75,22.25,3.5,2
7S5C_F,t060,2,8,low_or_equal,low_or_equal,3.0444036364555362,1.7869808912277225,-1.2574227452278142,5,3.3349791228771197,1.9619082093238824,-1.3730709135532377,5,3.8493432605266578,2.2815424323081976,-1.5678008282184603,4,4.064856171607971,2.3725950717926025,-1.6922610998153687,4,19.625,16.0,-3.625,4,18.0,12.25,-5.75,5,58.26909178495407,37.51562547683716,-20.753466308116913,5,47.17947128415108,26.975178837776184,-20.204292446374893,5,0.3837605266013198,0.38360258816024717,-0.0001579384410726331,3,0.7450317578677639,0.7639181560857468,0.018886398217982825,2,0.691742694465269,0.6774720087778231,-0.014270685687445911,5,1.4725761861214126,1.3938727407700917,-0.07870344535132073,5,1.8250451599426525,1.8934273982251657,0.06838223828251327,3,15.375,14.25,-1.125,4,0.75,1.0,0.25,1
7W62_A,t060,2,8,low_or_equal,low_or_equal,5.931885558366775,10.274024790525436,4.342139232158661,2,6.190141758322715,10.439101392030716,4.248959633708,2,6.767716580331323,10.737453590631484,3.969737010300161,3,7.185370445251465,10.919937252998352,3.734566807746887,3,49.25,58.0,8.75,3,40.625,55.125,14.5,2,198.74361741542816,324.0439804196358,125.30036300420761,3,170.49143660068512,292.9894397854805,122.49800318479538,3,0.5026510832447103,0.44442992982315965,-0.05822115342155069,4,0.7662608223225319,0.782215366484885,0.015954544162353188,2,0.7325817913513692,0.7160970541002976,-0.016484737251071774,4,2.088796842972452,2.0490058434675014,-0.039790999504951075,4,2.688114571438058,2.1789782123702586,-0.5091363590677991,6,24.125,27.375,3.25,3,11.25,9.875,-1.375,3
8ERB_D,t060,2,8,high,high,8.338819181919101,8.473636561632157,0.13481737971305563,4,10.391748535633088,10.860785260796536,0.4690367251634502,4,14.536939392089845,15.456437329053879,0.919497936964035,5,14.55406391620636,15.473347306251526,0.919283390045166,5,173.125,162.75,-10.375,5,158.375,133.375,-25.0,6,924.0779005885124,941.2189952731133,17.14109468460083,5,829.8452960848808,851.7203350663185,21.875038981437683,5,0.5262459407075436,0.5505605487290193,0.024314608021475705,3,0.8052861048756783,0.791982234948762,-0.01330386992691629,6,0.7588710213960117,0.7788237082400113,0.019952686843999617,2,2.226150500836203,2.1653406590541966,-0.06080984178200574,5,3.147888410481922,3.2126819924091077,0.0647935819271857,5,67.375,67.625,0.25,4,29.75,33.375,3.625,4
9END_A,t060,2,8,high,high,7.790004658699059,7.2741122961044375,-0.5158923625946203,5,10.35889323353767,11.398037606477725,1.039144372940056,2,10.720555596351623,12.398327256441117,1.6777716600894932,2,10.804774761199951,12.398509860038757,1.5937350988388062,2,127.125,124.375,-2.75,4,110.75,104.5,-6.25,5,641.9973945021629,593.2035792469978,-48.7938152551651,4,574.0775728821754,525.2622717022896,-48.815301179885864,4,0.48011344645858045,0.5455066722116311,0.06539322575305069,2,0.8093425390879461,0.7902575381112145,-0.01908500097673163,6,0.7338290133022322,0.7630017658385737,0.029172752536341606,2,2.4521082160897794,2.662282036098664,0.21017382000888474,3,2.5825994485230845,2.9403408932042683,0.35774144468118335,1,52.25,40.0,-12.25,6,24.375,22.5,-1.875,3
9GJ9_C,t060,2,8,low_or_equal,low_or_equal,5.279366958141323,6.123449659347534,0.8440827012062102,3,7.389128732681256,8.233736705780025,0.8446079730987704,3,11.090652475357057,9.642836182117463,-1.4478162932395933,5,11.170232653617859,9.735621452331543,-1.434611201286316,5,143.625,139.5,-4.125,6,114.875,115.5,0.625,4,545.7960799336433,553.327598452568,7.531518518924713,4,463.2894452214241,470.2871253490448,6.997680127620697,4,0.6050577076338568,0.5590045543029643,-0.0460531533308925,5,0.7848669540638036,0.7960393477308236,0.011172393667020108,3,0.7838693031483199,0.7711198211036414,-0.012749482044678545,4,2.3112490941501105,2.5595479275980337,0.24829883344792322,3,3.425789679179787,3.125858566419771,-0.29993111276001616,6,46.125,55.125,9.0,3,27.0,28.125,1.125,3
9YGK_B,t060,2,8,low_or_equal,low_or_equal,7.858796417713165,5.540936231613159,-2.317860186100006,5,16.803574323654175,15.217800378799438,-1.5857739448547363,5,16.997757863998412,15.389335870742798,-1.6084219932556154,5,16.99775803089142,15.389335989952087,-1.608422040939331,5,80.25,89.625,9.375,2,65.5,67.875,2.375,4,598.4854988455772,478.0993406176567,-120.38615822792053,5,549.0607066750526,425.04160326719284,-124.0191034078598,6,0.6975754896918999,0.7229842856623405,0.025408795970440587,4,0.7287514895511351,0.7259431415811635,-0.0028083479699715225,4,0.8255725172902096,0.8326301097472872,0.007057592457077599,4,3.1573250612444648,3.3613434890262726,0.204018427781808,4,3.2067294418477905,3.4063734686519647,0.19964402680417437,3,29.0,27.625,-1.375,5,22.75,21.25,-1.5,4
1EYB_A,t075,1,8,low_or_equal,not_tier2,3.7990484595298764,5.887756371498107,2.088707911968231,2,5.136127829551695,10.242242211103438,5.106114381551744,2,9.811054170131683,14.451582598686219,4.640528428554534,3,9.89381718635559,14.869990229606628,4.976173043251038,2,125.625,132.125,6.5,2,100.375,111.875,11.5,2,462.36911153793335,729.3548138737679,266.9857023358345,2,386.3488790988922,649.0319674611092,262.68308836221695,2,0.6225105855411,0.6274428138550919,0.004932228313991975,4,0.7686155875294791,0.7674339710921692,-0.0011816164373100319,4,0.8050435420819735,0.8056310846218995,0.0005875425399258505,4,1.8417911550679946,2.2451876222333484,0.4033964671653541,1,3.782577241849453,3.7755837928520153,-0.006993448997438201,3,48.125,54.75,6.625,3,23.875,25.0,1.125,5
1LI1_C,t075,1,8,low_or_equal,not_tier2,4.780724477767961,4.420999306440358,-0.3597251713276035,4,6.4234073758125305,7.764616933465005,1.3412095576524734,4,6.756250245571136,7.954952600598336,1.1987023550271982,3,6.983579635620117,8.103968501091003,1.1203888654708862,3,75.5,78.375,2.875,3,60.0,62.25,2.25,3,252.27593272924423,302.75968503952026,50.48375231027603,4,207.5535187125206,258.58720803260803,51.03368932008743,4,0.5620433406681078,0.5671394841114141,0.005096143443306375,4,0.7759292755264956,0.7694483326741342,-0.006480942852361435,4,0.7665838435782127,0.7674358167685462,0.0008519731903335603,4,2.596029922577181,2.588456024726062,-0.007573897851119171,6,2.8116507209476014,2.840919611397978,0.029268890450376395,6,33.0,33.375,0.375,4,20.875,18.875,-2.0,4
1O51_A,t075,2,8,low_or_equal,low_or_equal,8.526016426086427,8.391182935237884,-0.13483349084854135,4,8.909613919258117,8.603084826469422,-0.3065290927886958,5,9.543938241004946,8.95181373357773,-0.5921245074272162,5,9.90088140964508,9.146011292934418,-0.7548701167106628,5,25.125,28.125,3.0,3,21.5,23.0,1.5,3,175.7261821627617,177.72541308403015,1.9992309212684631,2,160.63975793123245,160.26017916202545,-0.37957876920700073,3,0.4990755623601878,0.47675074241394555,-0.022324819946242302,5,0.7160793513423342,0.7362360728336925,0.020156721491358193,3,0.7612016204325995,0.7440283698669683,-0.017173250565631293,5,2.060197823232965,2.0388161684170307,-0.021381654815934265,4,2.550705635335245,2.4528766005048537,-0.09782903483039188,5,16.0,16.5,0.5,3,7.25,7.25,0.0,3
1PXZ_B,t075,2,8,high,high,6.134550243616104,9.612259984016418,3.4777097404003143,0,11.785043209791183,14.016451701521873,2.23140849173069,2,14.974603521823886,16.442977619171145,1.4683740973472588,2,15.765440940856934,17.077896535396576,1.3124555945396423,2,143.125,150.75,7.625,3,129.5,135.5,6.0,3,763.1967834830284,907.6690299510956,144.47224646806717,2,685.376856982708,827.2943698167801,141.9175128340721,2,0.548757921219813,0.5303848278680217,-0.018373093351791242,4,0.7995788138113133,0.8038066072270568,0.00422779341574335,5,0.7571332224838155,0.7536624297340264,-0.00347079274978912,3,2.413717324050565,2.467530917982834,0.05381359393226898,5,3.4591335735438813,3.199933258287505,-0.2592003152563764,7,44.5,51.875,7.375,3,24.0,26.25,2.25,2
1QU9_A,t075,2,8,high,high,8.746158242225647,7.3803869009017955,-1.365771341323851,5,8.747638553380966,7.559869861602783,-1.187768691778183,5,8.762793850898744,7.632163594961166,-1.1306302559375763,5,8.77700561285019,7.669306814670563,-1.1076987981796265,5,49.5,53.25,3.75,2,42.0,45.5,3.5,4,261.1126415133476,253.8684115409851,-7.244229972362518,4,233.71952778100967,225.84226942062378,-7.877258360385895,4,0.4487042907211791,0.39387863891040353,-0.05482565181077562,5,0.7759499697909111,0.788071652268819,0.012121682477907791,5,0.7238871546415871,0.6977185651158384,-0.026168589525748825,4,2.031601863593062,1.8341469691210737,-0.1974548944719883,5,2.041262766746912,1.8822587267840767,-0.1590040399628349,5,20.625,28.25,7.625,2,10.125,5.875,-4.25,5
1TX4_A,t075,1,8,low_or_equal,not_tier2,7.647475570440292,6.928575336933136,-0.7189002335071564,4,11.58411429822445,9.736646324396133,-1.8474679738283157,5,11.63305360376835,9.8217180788517,-1.8113355249166492,5,11.65497750043869,9.82311326265335,-1.8318642377853394,5,62.625,68.375,5.75,3,50.875,60.75,9.875,2,377.12721341848373,351.10408639907837,-26.023127019405365,4,339.58351343870163,312.3262890577316,-27.25722438097,4,0.6127541729736607,0.5564875000865479,-0.05626667288711277,5,0.7366252528939116,0.7600264110747839,0.02340115818087224,3,0.7950074161016454,0.7721326431046854,-0.022874772996959808,5,2.6141109183630644,2.5384679265679426,-0.0756429917951219,5,2.630610259675155,2.5580701361263234,-0.07254012354883141,5,29.125,34.75,5.625,3,17.75,14.125,-3.625,5
1U6T_A,t075,1,8,low_or_equal,not_tier2,4.829574227333069,5.360030651092529,0.5304564237594604,2,4.9815263748168945,5.498112320899963,0.5165859460830688,2,5.370751333236694,5.745887994766235,0.3751366615295413,3,5.662807583808899,5.884043335914612,0.2212357521057129,3,34.25,32.0,-2.25,4,25.875,20.75,-5.125,5,129.30173474550247,119.15409570932388,-10.147639036178589,4,107.75860124826431,97.76606053113937,-9.992540717124939,4,0.48077832100092377,0.5595688874393097,0.07879056643838592,3,0.7614781814240689,0.7278129135591531,-0.03366526786491578,5,0.7323043127656473,0.7670178694406404,0.03471355667499307,3,1.9125858432241456,2.1608703705719097,0.24828452734776427,3,2.961299168423809,2.3825566875861792,-0.5787424808376296,5,24.375,21.625,-2.75,5,7.75,10.875,3.125,4
1UOU_A,t075,1,8,low_or_equal,not_tier2,2.941618096828461,3.276346778869633,0.33472868204117195,4,5.821008780598638,5.6411698848009095,-0.179838895797729,5,7.098428460359574,9.56306933760643,2.4646408772468567,1,7.154418706893921,9.622724056243896,2.4683053493499756,1,142.0,132.75,-9.25,4,110.625,109.625,-1.0,5,437.2568436861038,468.3414663076401,31.084622621536255,3,349.1705894470215,385.42892122268677,36.25833177566528,3,0.5568870637782422,0.6542848251821579,0.09739776140391579,1,0.7976222054494186,0.7740209185110399,-0.023601286938378693,6,0.7701957402720929,0.8038071924452148,0.03361145217312189,2,2.633598598045328,2.0711115960289455,-0.5624870020163828,6,3.3285386811993045,3.7075240752089615,0.3789853940096569,2,61.125,44.625,-16.5,5,30.625,27.25,-3.375,5
1USN_A,t075,2,8,low_or_equal,low_or_equal,7.125605833530424,5.586587786674494,-1.53901804685593,4,8.349243474006652,7.98948700428009,-0.35975646972656317,3,8.76439405441284,8.846302723884577,0.08190866947173836,3,9.206823945045471,9.577952206134796,0.37112826108932495,4,59.875,49.125,-10.75,6,55.375,37.875,-17.5,6,288.3330125808716,212.4341009259224,-75.89891165494919,5,253.78745412826538,180.78006619215012,-73.00738793611526,5,0.4947829401151796,0.6069000340599683,0.1121170939447887,2,0.7710407301360445,0.7410416482089408,-0.029999081927103682,6,0.7466924267619024,0.7816601655112156,0.03496773874931325,2,2.2255381427434875,2.499610988803731,0.27407284606024385,3,2.5596954588838017,3.4259984684263123,0.8663030095425108,1,30.125,21.875,-8.25,5,13.5,13.75,0.25,4
1WZE_B,t075,2,8,high,high,7.86630921363838,8.463268375396797,0.5969591617584161,3,16.75523205995559,17.623745465278617,0.8685134053230319,3,18.46701964378357,19.11494876623154,0.6479291224479671,2,18.501084089279175,19.115843057632446,0.6147589683532715,2,126.125,135.25,9.125,3,105.75,122.375,16.625,1,776.1785672307014,821.0201895236969,44.84162229299545,3,704.0007665753365,747.6901534795761,43.689386904239655,3,0.6425849834857011,0.6162948215146081,-0.02629016197109306,4,0.7659541080582395,0.781574319796345,0.01562021173810546,1,0.7994860474369184,0.7799594466510725,-0.019526600785845866,7,2.9958298610332643,3.1029368926632257,0.10710703162996127,3,3.368732943932114,3.4056604475366195,0.03692750360450592,2,35.625,33.625,-2.0,4,24.0,21.5,-2.5,3
1ZR3_A,t075,1,8,high,not_tier2,7.857563674449921,9.361963391304016,1.5043997168540955,3,12.96813289821148,12.34671564400196,-0.6214172542095184,4,13.384869506955148,12.610129952430725,-0.7747395545244218,4,13.61344701051712,12.778218567371368,-0.835228443145752,4,76.875,73.625,-3.25,4,68.5,62.125,-6.375,4,436.72073262929916,499.50256979465485,62.78183716535568,3,394.7291767001152,458.3922288417816,63.66305214166641,3,0.5364773220385612,0.4747929584118967,-0.06168436362666458,6,0.7818007642570235,0.7879219443994891,0.006121180142465696,4,0.7477904199038303,0.7336556776264969,-0.014134742277333329,5,2.6555169094524977,2.2617173130304957,-0.3937995964220019,6,2.805761684941249,2.495133809567634,-0.31062787537361525,5,26.25,36.0,9.75,2,16.5,10.5,-6.0,6
2ERF_A,t075,1,8,low_or_equal,not_tier2,7.993945574760438,8.214734816551225,0.22078924179078496,3,10.206836366653443,11.376771378517152,1.169935011863708,3,10.772750167846677,11.497795474529266,0.7250453066825878,4,11.339582920074463,11.563337802886963,0.2237548828125,4,77.875,90.375,12.5,2,69.75,77.5,7.75,1,432.2659704685211,483.2676786184311,51.00170814990997,3,387.74325680732727,436.000146150589,48.25688934326172,3,0.4669919748874818,0.476423596478375,0.009431621590893238,3,0.7888780712971228,0.7960939923650389,0.007215921067915895,4,0.7377032515770955,0.7311342758686978,-0.006568975708397623,5,2.2997371392150714,2.3659174629254514,0.06618032371037971,4,2.694440863815408,2.444113155083782,-0.25032770873162585,5,37.25,39.875,2.625,3,15.875,13.25,-2.625,3
2F7A_A,t075,2,8,low_or_equal,low_or_equal,7.22995808124544,6.573692166805278,-0.6562659144401615,5,10.353319084644275,7.50366599559784,-2.849653089046435,7,11.509180387258528,7.711891061663627,-3.7972893255949014,8,11.950361609458923,8.12276840209961,-3.827593207359314,8,84.5,87.75,3.25,4,70.25,65.875,-4.375,5,418.0328623056412,393.57784205675125,-24.455020248889923,4,371.98927569389343,343.9113089442253,-28.07796674966812,4,0.5489829261504481,0.454931112880393,-0.0940518132700551,6,0.7706976322968596,0.7963230553220371,0.025625423025177535,3,0.7716530516348705,0.7280371935267828,-0.04361585810808771,5,2.5540496868393214,2.1605672244818774,-0.393482462357444,6,3.066410631789384,2.3477340462048257,-0.7186765855845578,6,33.0,40.5,7.5,2,17.875,15.25,-2.625,5
2O4T_A,t075,2,8,low_or_equal,low_or_equal,8.320213276147843,8.36391009092331,0.04369681477546672,4,8.661969155073166,8.494871309399604,-0.16709784567356067,4,9.17308318912983,8.740794213414192,-0.43228897571563674,5,9.425971865653992,8.86831784248352,-0.5576540231704712,5,31.875,34.75,2.875,3,28.875,30.625,1.75,3,224.248920917511,191.0830598473549,-33.1658610701561,4,205.42370414733887,171.948479950428,-33.47522419691086,4,0.39165381241730285,0.39999893265530295,0.008345120238000131,2,0.7644266408686884,0.7592365729895174,-0.005190067879171034,4,0.7042442432227907,0.714210705343163,0.009966462120372388,3,1.7663105221604019,1.797342217162484,0.031031695002082083,3,2.181174312441728,1.9049850050279307,-0.2761893074137977,5,19.25,19.25,0.0,4,1.5,4.25,2.75,1
2VXP_A,t075,1,8,high,not_tier2,7.394244432449341,6.28368353843689,-1.1105608940124512,6,7.526510179042816,6.784462541341782,-0.7420476377010345,6,7.785677188634871,7.161305451393126,-0.6243717372417454,5,8.073499917984009,7.415094017982483,-0.6584059000015259,5,55.0,54.0,-1.0,3,49.75,48.125,-1.625,4,264.03842175006866,233.20804619789124,-30.83037555217743,6,235.52106833457947,204.40106999874115,-31.119998335838318,6,0.4227336295896096,0.43821052647496317,0.015476896885353572,4,0.7853703206388645,0.7920419940554798,0.006671673416615204,4,0.6970633356441166,0.6890845327872612,-0.007978802856855455,4,1.8910341146779008,1.8981726659355584,0.007138551257657805,3,2.1819737927165863,2.2100968452803316,0.028123052563745476,4,29.125,28.375,-0.75,4,7.5,4.875,-2.625,4
3CYQ_D,t075,2,8,high,high,12.76180265545845,10.83940954208374,-1.9223931133747094,6,13.219018435478208,11.208194056153296,-2.010824379324912,6,13.994111229777335,11.863692430257796,-2.130418799519539,7,14.358928918838501,12.222102403640747,-2.136826515197754,6,54.625,54.125,-0.5,4,46.5,48.875,2.375,4,393.4256166815758,364.4719423055649,-28.953674376010895,6,364.4279935956001,336.1530559062958,-28.274937689304352,6,0.4802527717509585,0.4550535666920637,-0.02519920505889478,3,0.7685181697359241,0.7751024429493546,0.006584273213430469,4,0.7311552468125578,0.7192919990399522,-0.011863247772605612,4,2.0502620543985133,1.9358378580447637,-0.11442419635375001,4,2.279833098478475,2.3402268175476335,0.0603937190691583,4,21.875,28.75,6.875,2,12.625,6.625,-6.0,5
3IEZ_B,t075,2,8,low_or_equal,low_or_equal,5.790760171413423,5.5104095339775085,-0.28035063743591315,4,6.0629787147045135,5.834106659889221,-0.22887205481529233,4,6.50529519557953,6.449927918910982,-0.05536727666854835,4,6.735296905040741,6.8051504492759705,0.06985354423522949,4,33.75,36.25,2.5,2,26.0,28.5,2.5,1,130.74170631170273,144.2120092511177,13.470302939414978,4,111.3121582865715,124.23874002695084,12.926581740379333,4,0.48465919596273144,0.4491626562151274,-0.035496539747604104,4,0.7444430510175106,0.7605017425805609,0.01605869156305026,3,0.7467830229862438,0.7116581057184934,-0.03512491726775044,4,2.011222737739049,1.8942534292772601,-0.11696930846178896,4,2.283296270139813,2.4183677937569366,0.13507152361712357,3,16.75,19.875,3.125,2,5.375,3.125,-2.25,4
3Q80_B,t075,2,8,low_or_equal,low_or_equal,12.003246855735785,11.35250373482705,-0.6507431209087353,5,14.58322861790657,13.51452372074127,-1.0687048971652988,4,15.049600530862806,14.032527948617933,-1.0170725822448734,4,15.623358845710754,14.606286644935608,-1.0170722007751465,4,80.125,96.0,15.875,2,73.75,89.25,15.5,0,669.6368845701218,644.4881961345673,-25.148688435554504,5,624.7693696022034,594.4727153778076,-30.296654224395752,5,0.47702994115493164,0.46680022903467894,-0.01022971212025267,4,0.778417313148227,0.7937652851847967,0.015347972036569554,3,0.7518149167118953,0.7356372759889509,-0.01617764072294428,4,2.2548706372236205,2.1666307598580183,-0.08823987736560246,4,2.463614941684675,2.3975010674137467,-0.06611387427092846,4,38.375,40.25,1.875,4,19.0,20.0,1.0,3
3TYX_A,t075,2,8,high,low_or_equal,5.907476937770843,5.841412842273712,-0.06606409549713144,4,11.880240660905846,9.105367994308471,-2.774872666597374,6,13.845607595443726,10.649553968906403,-3.1960536265373225,6,13.853754937648773,10.683378875255585,-3.1703760623931885,6,126.25,113.0,-13.25,5,101.75,89.125,-12.625,4,623.695974111557,508.2632215619087,-115.43275254964828,4,553.3680758476257,439.8509309887886,-113.51714485883713,4,0.6183915616174478,0.5929259860403223,-0.025465575577125435,4,0.7726832353391728,0.7763184068299168,0.003635171490744049,5,0.7911790361502866,0.7863117607323871,-0.0048672754178995525,3,2.8284660709739686,2.4589874211841205,-0.36947864978984807,5,3.2716802812547603,3.1216865946227124,-0.1499936866320481,4,39.625,47.25,7.625,2,22.875,25.0,2.125,3
4AC2_A,t075,2,8,low_or_equal,low_or_equal,6.2860217809677135,8.465526044368744,2.1795042634010313,4,6.595402747392654,8.73830776810646,2.142905020713806,4,7.21028166770935,9.193351885080338,1.983070217370987,4,7.604092240333557,9.418877840042114,1.8147855997085571,4,37.75,39.75,2.0,5,28.875,36.125,7.25,3,180.34775710105896,232.28281527757645,51.93505817651749,4,157.6020497083664,208.98271983861923,51.38067013025284,4,0.44720543265696483,0.4885281992278115,0.04132276657084672,3,0.7726081027321601,0.7650475604601628,-0.0075605422719972615,5,0.7133267179791696,0.7207588580302753,0.0074321400511056235,3,1.9568218152012542,2.024621583735396,0.06779976853414182,2,2.5934716121220416,2.5011190150882765,-0.09235259703376536,4,23.875,16.25,-7.625,6,6.375,7.875,1.5,3
4BT7_A,t075,2,8,low_or_equal,low_or_equal,7.030103266239166,7.219140022993088,0.1890367567539215,4,11.606824308633804,11.330608755350113,-0.2762155532836914,3,12.368372854590417,11.342244091629983,-1.0261287629604348,4,12.567820429801941,11.34726744890213,-1.2205529808998108,4,88.375,88.875,0.5,5,75.0,75.875,0.875,5,461.02398377656937,469.5190119147301,8.495028138160706,4,412.02049690485,419.1886366009712,7.168139696121216,4,0.5663604268080532,0.5332025578979465,-0.03315786891010673,5,0.7708676078557626,0.7807314057837489,0.009863797927986293,3,0.7764743169100868,0.7626887113809087,-0.013785605529178152,5,2.6596238670769,2.563972331012902,-0.09565153606399748,4,3.0043113593367172,2.5687019337228394,-0.43560942561387744,6,33.375,40.5,7.125,3,19.25,17.375,-1.875,3
4C9G_A,t075,2,8,high,high,14.213299918174744,12.78038775920868,-1.4329121589660645,6,15.271218466758725,14.970884299278252,-0.3003341674804716,5,15.733559184074402,15.397802977561952,-0.33575620651245197,5,15.756776928901672,15.397823214530945,-0.35895371437072754,5,117.375,114.375,-3.0,5,114.75,106.875,-7.875,6,995.9243867397308,932.0424225330353,-63.88196420669556,4,935.5034552812576,871.8573130369186,-63.64614224433899,4,0.41636362171447133,0.42348194040062315,0.007118318686151849,5,0.8185324717416835,0.8137024213038104,-0.004830050437873101,5,0.7063276752008338,0.7135792132222925,0.007251538021458698,4,2.0997408099423587,2.214718862815791,0.11497805287343249,5,2.1891572170566826,2.290125423707474,0.10096820665079106,5,56.25,57.25,1.0,4,13.125,13.375,0.25,4
4HQ8_E,t075,2,8,low_or_equal,low_or_equal,6.532982140779506,5.9138307094573985,-0.6191514313221079,6,11.776633661985398,9.335306823253632,-2.4413268387317655,5,11.799388477802278,9.599068363904953,-2.2003201138973236,5,11.868351221084595,9.777022421360016,-2.091328799724579,5,66.625,64.375,-2.25,3,52.125,53.0,0.875,3,379.07560753822327,314.26578134298325,-64.80982619524002,4,338.3585580587387,275.6528221964836,-62.705735862255096,4,0.6561666256920395,0.6193291009953183,-0.03683752469672124,5,0.7334268054279638,0.7365448130035458,0.0031180075755821296,3,0.8013426582334767,0.8014235225522197,8.086431874299027e-05,5,2.7594396244138855,2.5924931766690364,-0.16694644774484904,5,2.803739243148323,2.9539462493644395,0.1502070062161161,4,30.25,28.25,-2.0,4,17.375,22.25,4.875,3
4ND3_B,t075,2,8,high,high,8.375297403335573,8.649539816379548,0.274242413043977,3,11.8494023323059,10.440707027912119,-1.408695304393782,6,12.955133385658264,12.441004290580748,-0.5141290950775146,5,12.957796692848206,12.441007137298584,-0.5167895555496216,5,124.375,142.0,17.625,2,111.125,128.875,17.75,3,711.6889955401421,802.140363574028,90.45136803388596,4,643.2057715058327,728.8239427804947,85.61817127466202,4,0.5114852695871925,0.44282615806112574,-0.06865911152606682,7,0.7978856986224121,0.8229761531786357,0.025090454556223565,1,0.7556640959124719,0.7097369595826097,-0.04592713632986212,7,2.470234431934095,2.091833969753951,-0.37840046218014445,7,2.730809806974844,2.5540768416222193,-0.17673296535262506,5,47.875,50.75,2.875,3,23.875,24.875,1.0,4
4QYA_A,t075,2,8,low_or_equal,low_or_equal,9.805222898721695,10.172469437122345,0.36724653840065,3,10.241563946008682,10.559629067778587,0.3180651217699051,3,11.017995125055311,11.214355695247649,0.19636057019233744,3,11.46281611919403,11.58389276266098,0.12107664346694946,3,41.375,43.375,2.0,4,33.75,41.25,7.5,2,237.84478449821472,277.07511883974075,39.23033434152603,2,214.3286715745926,253.44502729177475,39.11635571718216,2,0.559559077358127,0.4675385781109074,-0.09202049924721965,5,0.7264580457645088,0.7600906595872111,0.03363261382270234,4,0.7660963083674324,0.7319174310306571,-0.03417887733677538,4,2.2350353753114853,2.044734654067798,-0.19030072124368722,5,2.7392276399749536,2.383933462400692,-0.3552941775742621,4,18.75,20.75,2.0,2,11.75,8.25,-3.5,4
4ZIE_A,t075,1,8,low_or_equal,not_tier2,8.905459976196294,12.361727213859558,3.4562672376632646,2,9.400973904132844,12.36312113404274,2.962147229909897,2,9.410389266014098,12.375454374551772,2.965065108537674,2,9.414713084697723,12.378615260124207,2.963902175426483,2,54.25,59.5,5.25,3,42.25,53.625,11.375,3,280.01123866438866,384.12409234046936,104.1128536760807,3,249.90843003988266,352.1378798484802,102.22944980859756,3,0.5423182351029412,0.4945755359632307,-0.04774269913971054,4,0.7537624042899318,0.7691629557578525,0.015400551467920659,4,0.7605559857801131,0.7438776074924385,-0.016678378287674545,3,2.2589990667220095,2.1611903318671306,-0.09780873485487859,6,2.261719043072153,2.164205512734813,-0.09751353033733975,6,21.375,24.0,2.625,2,14.75,13.75,-1.0,3
5AL8_A,t075,2,8,high,high,8.625539600849152,13.07950210571289,4.453962504863739,2,9.030849322676659,13.462168335914612,4.431319013237953,2,9.710486203432083,14.188774633407592,4.47828842997551,2,10.144793570041656,14.639573216438293,4.494779646396637,2,47.375,42.125,-5.25,5,44.625,40.0,-4.625,4,258.1222714781761,361.373043179512,103.2507717013359,2,232.8146213889122,337.9145827293396,105.0999613404274,2,0.4418458091077826,0.46295688747223934,0.021111078364456783,3,0.7778424812591186,0.759108632538954,-0.01873384872016462,6,0.7058739777998293,0.7368376447234339,0.030963666923604666,2,1.9471599646893338,2.09863514027742,0.15147517558808662,1,2.2615140174866903,2.424499009604192,0.16298499211750223,4,23.875,21.375,-2.5,5,5.125,8.75,3.625,2
5HGJ_A,t075,1,8,high,not_tier2,13.709435665607465,13.023845183849339,-0.6855904817581272,4,15.14238772392273,13.590835988521576,-1.5515517354011532,6,16.11125570654869,14.499585506916045,-1.6116701996326444,6,16.913347721099854,15.302105188369751,-1.6112425327301025,7,81.5,83.375,1.875,3,70.75,77.0,6.25,3,634.6197482943535,686.33184248209,51.71209418773651,3,590.8562880158424,642.7486037611961,51.8923157453537,3,0.49596232031922227,0.4113070090538198,-0.08465531126540246,6,0.7865717535807757,0.7995646854309155,0.012992931850139791,3,0.7345234410789035,0.7102627630678645,-0.024260678011039094,5,2.2762207147681246,1.900237429232834,-0.37598328553529037,7,2.604226301777878,2.2607945429471354,-0.34343175883074284,6,32.875,46.0,13.125,2,16.375,9.625,-6.75,6
5I0L_A,t075,2,8,low_or_equal,low_or_equal,6.684134984016419,7.51765764951706,0.8335226655006412,4,8.257985401153565,9.594812089204789,1.3368266880512236,4,8.35389174103737,9.701282472014428,1.3473907309770587,4,8.38977861404419,9.82621145248413,1.4364328384399414,4,58.25,55.125,-3.125,5,55.25,48.125,-7.125,5,299.4481620192528,300.859088242054,1.4109262228012085,3,267.0698828101158,269.17719012498856,2.1073073148727417,3,0.46053406619886755,0.514847258185954,0.054313191987086486,4,0.7776080267425562,0.7598238876896257,-0.01778413905293051,5,0.7286242375331112,0.7509804103304067,0.022356172797295515,4,2.1920945164785843,2.3510481261066842,0.1589536096280999,3,2.270405495942878,2.4482475133626442,0.17784201741976624,3,32.625,28.875,-3.75,4,8.75,10.875,2.125,3
5K69_A,t075,2,8,high,high,8.755311763286592,9.60366024374962,0.848348480463026,4,13.623470583558085,13.079145306348801,-0.544325277209283,5,16.79378003001213,16.19539353430271,-0.5983864957094193,5,16.793780088424683,16.19539487361908,-0.598385214805603,5,152.25,148.75,-3.5,4,139.625,137.375,-2.25,3,1003.5327656269073,988.6221759319305,-14.910589694976807,3,923.9533027410507,909.4303082227707,-14.52299451828003,3,0.5083919874720699,0.4897734032685909,-0.01861858420347895,5,0.8101353551420282,0.8112242001301132,0.0010888449880850082,4,0.7369119466013598,0.7387497537904305,0.0018378071890707004,4,2.239881607384792,2.239463520764062,-0.0004180866207297851,5,2.923339236935621,2.857110083918498,-0.06622915301712273,4,50.625,57.875,7.25,2,24.875,24.875,0.0,4
5X0O_B,t075,2,8,high,high,3.975537598133087,6.452011561393738,2.476473963260651,4,5.972304618358612,9.635772919654848,3.6634683012962337,4,5.990080649256706,9.745501002669334,3.755420353412628,4,5.990275144577026,9.769542813301086,3.77926766872406,4,73.25,66.75,-6.5,5,64.25,58.0,-6.25,4,236.23669856786728,317.64685571193695,81.41015714406967,4,196.60156625509262,279.65335750579834,83.05179125070572,4,0.504527844589973,0.5534533518483401,0.04892550725836716,3,0.7902994911453141,0.7655449116007254,-0.024754579544588665,6,0.7248646889304744,0.7632145829703387,0.03834989403986419,2,2.5001230846101117,2.595681339180019,0.09555825456990763,3,2.5098034216469878,2.6816525693467628,0.17184914769977516,2,26.5,25.875,-0.625,5,15.0,17.125,2.125,4
6DNB_A,t075,1,8,high,not_tier2,10.080166518688202,9.439718127250671,-0.6404483914375305,5,13.849095702171326,13.435331523418427,-0.41376417875289917,4,15.75132954120636,16.20330390930176,0.45197436809539804,3,15.76227879524231,16.22931683063507,0.46703803539276123,3,176.75,162.125,-14.625,6,147.875,136.125,-11.75,4,964.3485669493675,966.7859465479851,2.4373795986175537,4,870.159302175045,876.1309809088707,5.971678733825684,4,0.6104635130110158,0.5976879418251793,-0.01277557118583654,3,0.7917898872502724,0.7876309707253761,-0.004158916524896264,5,0.779329932274192,0.7848412944885239,0.005511362214331905,3,2.5743405444654637,2.475493346409408,-0.09884719805605621,4,3.040785197180224,3.173520177971728,0.13273498079150342,2,53.0,54.25,1.25,4,34.875,31.75,-3.125,5
6DNT_A,t075,2,8,high,high,7.022854310274125,7.349707823991777,0.32685351371765103,4,12.041493779420854,10.923048287630081,-1.1184454917907716,4,12.770594204664231,11.955450290441515,-0.8151439142227166,4,13.114805340766907,12.482200860977173,-0.6326044797897339,4,126.5,131.125,4.625,4,104.5,110.75,6.25,3,653.0806407928467,628.2691622376442,-24.811478555202484,4,582.7695764303207,558.207318842411,-24.5622575879097,4,0.511692480041316,0.5185226064131727,0.006830126371856628,4,0.7981911501054932,0.8030769179482106,0.00488576784271727,4,0.7526286876103383,0.744897012832251,-0.007731674778087394,4,2.633149614029362,2.4741314272564483,-0.15901818677291388,4,3.0429083864862845,3.1298539808496426,0.08694559436335803,4,48.625,44.125,-4.5,4,18.125,21.0,2.875,4
6HGM_A,t075,1,8,high,not_tier2,9.170440912246708,6.062785273790362,-3.107655638456344,6,13.094539636373533,13.513661509752293,0.4191218733787606,5,15.407925478219985,16.169213584661485,0.7612881064414974,3,15.7057204246521,16.449382305145264,0.7436618804931641,3,139.125,130.125,-9.0,7,124.5,114.25,-10.25,6,827.3550841808319,681.0084365606308,-146.3466476202011,6,753.4621323347092,609.2094187736511,-144.25271356105804,6,0.5118391778805053,0.5833029391799264,0.07146376129942114,2,0.8007756329707103,0.7839222537495598,-0.016853379221150502,6,0.7527520698346508,0.7772702196493533,0.02451814981470246,2,2.418468280864523,2.7063753032177313,0.2879070223532083,2,3.065780133600753,3.627293072881493,0.5615129392807403,2,47.5,36.75,-10.75,6,19.5,20.5,1.0,2
6HJS_B,t075,2,8,low_or_equal,low_or_equal,8.31200447678566,8.331865012645721,0.019860535860061646,4,12.639555960893631,13.1772970110178,0.5377410501241684,5,12.645001131296159,13.345730489492418,0.7007293581962588,5,12.645018339157104,13.494620859622955,0.8496025204658508,5,87.125,97.125,10.0,2,76.125,88.875,12.75,2,517.1941480636597,582.2744784355164,65.08033037185669,5,467.8293831348419,530.2837117910385,62.454328656196594,5,0.5493238975804342,0.48941129417242335,-0.05991260340801089,6,0.7734900054773282,0.7969768055620933,0.023486800084765197,2,0.7680555897580923,0.7317099669173401,-0.036345622840752156,6,2.7614516196833065,2.632636450532593,-0.12881516915071403,5,2.7628683255912456,2.769619609195712,0.006751283604466252,5,36.625,41.5,4.875,2,18.5,14.75,-3.75,5
6K82_B,t075,2,8,high,high,11.988393950462342,12.456675493717194,0.46828154325485105,4,15.306770420074457,15.06525366902351,-0.24151675105094683,5,15.43403720498085,15.408813582658766,-0.025223622322082973,5,15.450325012207031,15.42901873588562,-0.021306276321411133,5,115.375,118.625,3.25,3,110.0,108.5,-1.5,4,834.98688185215,872.6673620939255,37.68048024177551,4,772.390350818634,810.1074767112732,37.71712589263916,4,0.49812521989335057,0.4881333879879234,-0.009991831905427226,4,0.8027951841110169,0.7984537327139113,-0.004341451397105622,5,0.7406977064566597,0.7438517880050761,0.003154081548416565,3,2.5402115063874264,2.4045214916955437,-0.1356900146918827,5,2.567359111528117,2.4713364886943245,-0.09602262283379276,5,46.125,48.625,2.5,4,23.875,21.25,-2.625,4
6K8P_C,t075,2,8,high,high,8.869726842641825,6.224982392787933,-2.644744449853892,6,16.38581847548484,16.68596584200858,0.30014736652374174,4,17.922575318813323,17.248979201316835,-0.6735961174964902,5,18.264114379882812,17.419748663902283,-0.8443657159805298,5,124.5,113.0,-11.5,7,102.875,100.25,-2.625,4,720.8634870648384,647.1702971458435,-73.6931899189949,6,653.0315572619438,584.1664456129074,-68.86511164903641,6,0.6122280766324995,0.636292991356561,0.02406491472406158,4,0.7726910767890782,0.7632970484525357,-0.00939402833654257,5,0.7858356192132779,0.7948404531615776,0.009004833948299734,3,2.905325540164097,3.285671996381698,0.38034645621760055,2,3.3386971439398767,3.4410307181523536,0.10233357421247685,2,34.375,27.5,-6.875,7,19.875,20.25,0.375,4
6NQK_F,t075,2,8,high,high,10.186883127689361,8.694252717494965,-1.4926304101943964,7,12.481167131662367,11.05621029138565,-1.424956840276719,5,12.68076102733612,11.96166485548019,-0.7190961718559284,5,12.85183560848236,12.712101817131042,-0.13973379135131836,5,92.125,80.75,-11.375,5,82.25,69.125,-13.125,7,601.7396483421326,479.73164588212967,-122.0080024600029,6,553.1704906225204,434.3295508027077,-118.84093981981277,6,0.4518550864933309,0.49771379444751607,0.045858707954185195,2,0.8016550240047208,0.7804106208366912,-0.02124440316802964,6,0.720834696259599,0.7534198735657706,0.03258517730617164,2,2.266642916994064,2.3588025831239285,0.09215966612986512,1,2.3854582456176807,2.829874809105683,0.4444165634880027,1,40.375,39.875,-0.5,4,15.125,14.625,-0.5,4
6SNK_A,t075,1,8,high,not_tier2,10.111123156547553,10.242406028509146,0.1312828719615935,4,13.402606928348542,13.077585607767105,-0.32502132058143607,6,13.498716307878494,13.239593155384064,-0.25912315249443063,6,13.580113291740417,13.370341658592224,-0.20977163314819336,6,71.375,74.25,2.875,4,64.125,62.875,-1.25,5,496.88776993751526,443.8098886013031,-53.07788133621216,5,456.60736179351807,403.26882767677307,-53.338534116744995,5,0.4942196171007279,0.5437759233468422,0.04955630624611437,3,0.775815528325775,0.77060974825791,-0.0052057800678651095,3,0.7435330211816803,0.7600877960728285,0.01655477489114815,4,2.2776097888840505,2.5093953148474077,0.23178552596335739,4,2.4664249046895086,2.575488763855513,0.10906385916600447,5,33.125,30.375,-2.75,4,14.375,16.75,2.375,2
6TN1_AAA,t075,1,8,high,not_tier2,8.944756972789767,8.072449839115151,-0.8723071336746172,4,12.008642601966853,10.844039642810817,-1.1646029591560363,5,17.238828916549682,16.276458144187927,-0.9623707723617554,5,17.293933629989624,16.276458382606506,-1.0174752473831177,5,209.25,193.0,-16.25,5,180.375,166.875,-13.5,5,1202.7296014428139,1059.4289484620094,-143.30065298080444,6,1090.5491549372673,952.7841609120369,-137.7649940252304,6,0.5463838339032467,0.5702904000629672,0.0239065661597204,4,0.8079462712432914,0.8006096046604092,-0.007336666582882317,4,0.7671297274080603,0.7779050163880444,0.010775288979984199,4,2.1977559256729613,2.2034204078536823,0.00566448218072102,4,3.412423497599735,3.5556726636898643,0.1432491660901289,4,74.0,66.5,-7.5,6,32.25,34.25,2.0,2
6VJP_B,t075,2,8,low_or_equal,low_or_equal,10.35930979251862,11.02419015169144,0.664880359172821,5,16.018423318862915,14.749575066566468,-1.2688482522964475,5,16.06069507598877,14.980235185623169,-1.0804598903656015,5,16.09170937538147,15.209835767745972,-0.881873607635498,5,54.75,54.625,-0.125,4,45.75,49.75,4.0,3,384.6053645014763,411.0935403704643,26.488175868988037,4,353.9938431382179,379.7510589957237,25.7572158575058,4,0.6399173487465747,0.5641623428756173,-0.07575500587095736,5,0.7254711833461458,0.7476190027432044,0.02214781939705858,2,0.7937221119068444,0.7752525820199194,-0.01846952988692485,6,2.688111989461343,2.477581546993541,-0.21053044246780317,6,2.702112854377296,2.6250936981960016,-0.0770191561812944,4,20.5,24.5,4.0,1,14.375,15.375,1.0,4
6Y76_A,t075,1,8,low_or_equal,not_tier2,10.141987979412079,9.442266911268234,-0.6997210681438446,4,12.105470180511475,11.325132861733437,-0.780337318778038,5,12.371928334236145,11.341619649529457,-1.0303086847066871,6,12.54116976261139,11.354509949684143,-1.186659812927246,6,56.625,58.125,1.5,3,50.25,55.0,4.75,3,397.8153375387192,386.7999405860901,-11.01539695262909,3,365.1395263671875,354.04711985588074,-11.092406511306763,3,0.5043911949447191,0.47306985500165977,-0.03132133994305943,6,0.7652808917312601,0.7822875849842227,0.017006693252962696,3,0.7458191378703622,0.7283783388356467,-0.017440799034715515,5,2.278763729987321,2.2665930071369678,-0.012170722850353283,6,2.4176034456981683,2.2807592147642115,-0.13684423093395698,6,27.375,30.875,3.5,3,11.625,11.375,-0.25,3
7D66_J,t075,2,8,high,high,5.893470680713654,3.9406824946403507,-1.9527881860733034,6,6.180132421851158,4.155275291204452,-2.0248571306467054,6,6.659954312443734,4.505171768069268,-2.1547825443744664,6,6.905291140079498,4.762308955192566,-2.1429821848869324,6,51.625,42.75,-8.875,6,47.0,37.0,-10.0,6,191.10126841068268,130.87036806344986,-60.23090034723282,4,164.27318799495697,106.10414427518845,-58.169043719768524,4,0.3889686380205488,0.4019634582409601,0.012994820220411284,2,0.7957568391390266,0.7805264532579294,-0.015230385881097278,6,0.6824319790942592,0.7128203807726624,0.03038840167840315,1,1.8572543382033029,1.8764627946345125,0.019208456431209553,4,2.1711809716458657,2.2234122008660795,0.052231229220214004,4,20.25,27.125,6.875,1,2.75,4.625,1.875,3
7PFR_F,t075,2,8,high,high,10.408334827423097,9.522688651084902,-0.8856461763381935,4,14.955771005153645,12.02856355905531,-2.927207446098336,6,15.959193110466003,12.882037061452866,-3.077156049013138,7,15.959193110466003,12.882038831710815,-3.077154278755188,7,117.625,113.625,-4.0,7,100.875,103.0,2.125,5,792.4336383938789,654.0512785315514,-138.38235986232758,5,730.1078917384148,591.8073413968086,-138.30055034160614,5,0.4890667408469296,0.5049775034171533,0.015910762570223752,2,0.7979344542117136,0.7949115750951516,-0.0030228791165618774,4,0.7473515317772246,0.7486020444636086,0.001250512686383931,4,2.6041174121815693,2.4674798159020757,-0.13663759627949357,7,2.823961730387367,2.7582685037248895,-0.06569322666247801,5,50.25,45.875,-4.375,4,18.75,23.875,5.125,2
7S5C_F,t075,2,8,low_or_equal,low_or_equal,3.0444036364555362,4.639198875427247,1.59479523897171,4,3.3349791228771197,4.9338809669017785,1.5989018440246583,3,3.8493432605266578,5.413987336158753,1.5646440756320952,2,4.064856171607971,5.598974704742432,1.5341185331344604,2,19.625,20.25,0.625,1,18.0,17.875,-0.125,2,58.26909178495407,96.68908149003983,38.419989705085754,3,47.17947128415108,84.9873748421669,37.80790355801582,3,0.3837605266013198,0.38791487900607796,0.004154352404758116,4,0.7450317578677639,0.7472904347506886,0.0022586768829246234,2,0.691742694465269,0.6802623606136662,-0.01148033385160288,5,1.4725761861214126,1.4308277739090622,-0.041748412212350205,4,1.8250451599426525,1.828797335632352,0.0037521756896992386,3,15.375,16.5,1.125,2,0.75,0.375,-0.375,3
7W62_A,t075,2,8,low_or_equal,low_or_equal,5.931885558366775,6.4847328007221225,0.5528472423553465,2,6.190141758322715,6.522845470905304,0.3327037125825887,3,6.767716580331323,6.62530818581581,-0.14240839451551202,5,7.185370445251465,6.739537417888641,-0.4458330273628235,5,49.25,48.125,-1.125,4,40.625,41.25,0.625,4,198.74361741542816,225.03848060965538,26.29486319422722,4,170.49143660068512,196.67214092612267,26.180704325437546,4,0.5026510832447103,0.4366458007142184,-0.06600528253049195,4,0.7662608223225319,0.7821415579362876,0.015880735613755637,3,0.7325817913513692,0.7160133295069526,-0.016568461844416627,4,2.088796842972452,1.8239099686325777,-0.2648868743398742,5,2.688114571438058,2.2607909404838082,-0.4273236309542493,6,24.125,26.875,2.75,3,11.25,5.125,-6.125,4
8ERB_D,t075,2,8,high,high,8.338819181919101,7.81198788881302,-0.5268312931060812,4,10.391748535633088,9.940419268608093,-0.4513292670249942,4,14.536939392089845,12.618591509461403,-1.9183478826284408,4,14.55406391620636,12.652492046356201,-1.9015718698501587,4,173.125,165.375,-7.75,6,158.375,134.125,-24.25,6,924.0779005885124,838.3436338305473,-85.73426675796509,5,829.8452960848808,746.5565791726112,-83.28871691226959,5,0.5262459407075436,0.5520284941588826,0.025782553451338938,3,0.8052861048756783,0.7942470295736759,-0.011039075302002488,4,0.7588710213960117,0.7739318000056788,0.015060778609667064,3,2.226150500836203,2.269086297572479,0.04293579673627618,3,3.147888410481922,2.9706014941264574,-0.17728691635546473,4,67.375,68.375,1.0,4,29.75,35.625,5.875,3
9END_A,t075,2,8,high,high,7.790004658699059,7.676374137401588,-0.11363052129747031,4,10.35889323353767,11.076386892795549,0.7174936592578789,4,10.720555596351623,12.019799103736876,1.299243507385254,3,10.804774761199951,12.02197515964508,1.2172003984451294,3,127.125,129.0,1.875,4,110.75,118.875,8.125,4,641.9973945021629,697.269471347332,55.27207684516907,2,574.0775728821754,627.5101709961891,53.43259811401367,2,0.48011344645858045,0.46609833792266686,-0.014015108535913597,4,0.8093425390879461,0.8142510926208905,0.0049085535329444485,5,0.7338290133022322,0.7244706084717574,-0.009358404830474731,4,2.4521082160897794,2.4318160392531616,-0.020292176836617826,4,2.5825994485230845,2.6649456005231036,0.08234615200001905,3,52.25,49.625,-2.625,4,24.375,23.25,-1.125,5
9GJ9_C,t075,2,8,low_or_equal,low_or_equal,5.279366958141323,3.978484082221985,-1.3008828759193385,5,7.389128732681256,7.660032105445852,0.27090337276459636,5,11.090652475357057,12.257254738807678,1.1666022634506228,3,11.170232653617859,12.343645811080933,1.1734131574630737,3,143.625,139.875,-3.75,6,114.875,105.75,-9.125,6,545.7960799336433,532.9524773359299,-12.84360259771347,4,463.2894452214241,452.7874413728714,-10.502003848552704,4,0.6050577076338568,0.6063934566097845,0.0013357489759277044,4,0.7848669540638036,0.7781893911403908,-0.006677562923412719,5,0.7838693031483199,0.7926341161771192,0.008764813028799251,3,2.3112490941501105,2.199702933950112,-0.11154616019999852,4,3.425789679179787,3.8224952029361017,0.3967055237563143,3,46.125,44.25,-1.875,6,27.0,23.75,-3.25,5
9YGK_B,t075,2,8,low_or_equal,low_or_equal,7.858796417713165,6.4572873711586,-1.4015090465545654,4,16.803574323654175,16.099135041236877,-0.7044392824172974,6,16.997757863998412,16.123981595039368,-0.8737762689590456,6,16.99775803089142,16.123981595039368,-0.8737764358520508,6,80.25,85.75,5.5,3,65.5,77.375,11.875,2,598.4854988455772,594.827245414257,-3.6582534313201904,5,549.0607066750526,544.638447701931,-4.422258973121643,5,0.6975754896918999,0.6565494227695812,-0.04102606692231875,5,0.7287514895511351,0.7385159462747279,0.00976445672359294,4,0.8255725172902096,0.8114029566820105,-0.014169560608199211,4,3.1573250612444648,3.1569463457341027,-0.0003787155103618933,4,3.2067294418477905,3.162785899167705,-0.043943542680085435,4,29.0,39.125,10.125,3,22.75,20.125,-2.625,5
